[0.000000] (-) TimerEvent: {}
[0.000519] (px4_msgs) JobQueued: {'identifier': 'px4_msgs', 'dependencies': OrderedDict()}
[0.000628] (px4_offboard) JobQueued: {'identifier': 'px4_offboard', 'dependencies': OrderedDict([('px4_msgs', '/home/ubuntu/px4_ros2_ws/install/px4_msgs')])}
[0.000660] (px4_msgs) JobStarted: {'identifier': 'px4_msgs'}
[0.005923] (px4_msgs) JobProgress: {'identifier': 'px4_msgs', 'progress': 'cmake'}
[0.008473] (px4_msgs) Command: {'cmd': ['/usr/bin/cmake', '/home/ubuntu/px4_ros2_ws/src/px4_msgs', '-DCMAKE_INSTALL_PREFIX=/home/ubuntu/px4_ros2_ws/install/px4_msgs'], 'cwd': '/home/ubuntu/px4_ros2_ws/build/px4_msgs', 'env': OrderedDict([('LESSOPEN', '| /usr/bin/lesspipe %s'), ('VSCODE_CWD', '/home/ubuntu/Downloads/Antigravity IDE'), ('LANGUAGE', 'en_IN:en'), ('USER', 'ubuntu'), ('ANTIGRAVITY_SOURCE_METADATA', '{"tool":{"conversationId":"ef55e692-b187-42e5-af3d-ea70e9270019","stepIndex":76,"toolCall":{"id":"call_799423","name":"run_command","argumentsJson":"{\\"CommandLine\\":\\"bash -c \\\\\\"source /opt/ros/humble/setup.bash \\\\u0026\\\\u0026 colcon build\\\\\\"\\",\\"Cwd\\":\\"/home/ubuntu/px4_ros2_ws\\",\\"WaitMsBeforeAsync\\":10000,\\"toolAction\\":\\"Building full workspace\\",\\"toolSummary\\":\\"Run colcon build for all packages\\"}","thinkingSignature":"EosFCogFARFNMg8XLrpwaMXN5OosF2tL7kWW9u027Y6i8/B8W5HFDDtVO67cAtli/j7niljnLu52iTqHJR2P8e1FobvqKNG7rl/6JPD/P45G+6dbNHOLe4evIRlCjT0tsjM/v7FfPoIElQMBumhKw7HNfNPUabqibQ+sp5rQ9EjlWEOneBoeHh8lSgnki547xU4fOpr5RnEySV3rzn69TRVUuJfZHkWpO+8p3kwJIXPyd2s6wtxSPGYCvQ/AUleZjh24yWgook00hfPSn4S9Zn+xXGOnlhhxiLV5EhZiPlunxLnYjeZ8JMuUnhe6sRUczwXNumvpUJ9fpKtv/Tbw9r5fOshk2If5MlVsXru8gsB1TwLi1ykYEP8cynwD6Dd8/VSLNTGuBwq8hS4zTdxI34cq10+19ddCpgCgORzzmb7KSmcSlFeMCuJCp1UFjYtpA8cV1Uerg72DXbEBd0fWDISoHjlL0ETJ4xc9NJ0LOPMr3tmtrfolL3+GzVAVAeOM6/nARzct1jmaYDVZSsyb7WojSkQUYFewbA8iM77wN0m3p0xIm6K4T5l/l8oXKe3c+gwBHt/wAqe3RUIzu0Ww7ZDAic2D36tKh10LmMgfNI2Q66P3AEsiduSYQe2oeEsijPPyhljbm1EtVhFlVfHCWFZ4eIpSSxpI0at3blcOevaUU8eukZ2J6HlmMZByOSJn31wJdDbBcopwXzr5wZxD1czg3wAN0VbUG+6ppgDjd2W6PJMdJ0PdzhZYAbmBRTbgsYhL0mtAU839aSji4qS9y+PfJsmIMmUN3DIZcHu1fJMs11FbLbyJIQ4A5nJTVR0MA4Wjyexlqw6VKHuEmhLOS0S9adeOTh9qAIgPZGFw","originalName":"run_command"}}}'), ('VSCODE_NLS_CONFIG', '{"userLocale":"en-gb","osLocale":"en-in","resolvedLanguage":"en","defaultMessagesFile":"/home/ubuntu/Downloads/Antigravity IDE/resources/app/out/nls.messages.json","locale":"en-gb","availableLanguages":{}}'), ('XDG_SESSION_TYPE', 'x11'), ('SHLVL', '0'), ('LD_LIBRARY_PATH', '/opt/ros/humble/opt/rviz_ogre_vendor/lib:/opt/ros/humble/lib/x86_64-linux-gnu:/opt/ros/humble/lib'), ('HOME', '/home/ubuntu'), ('CHROME_DESKTOP', 'antigravity-ide.desktop'), ('DESKTOP_SESSION', 'ubuntu'), ('VSCODE_IPC_HOOK', '/run/user/1000/vscode-52fd6d17-1.10-main.sock'), ('ROS_PYTHON_VERSION', '3'), ('GNOME_SHELL_SESSION_MODE', 'ubuntu'), ('GTK_MODULES', 'gail:atk-bridge'), ('PAGER', 'cat'), ('MANAGERPID', '1496'), ('DBUS_STARTER_BUS_TYPE', 'session'), ('SYSTEMD_EXEC_PID', '1817'), ('DBUS_SESSION_BUS_ADDRESS', 'unix:path=/run/user/1000/bus,guid=49d968ee92755e537985c7af6a8566a2'), ('ANTIGRAVITY_AGENT', '1'), ('GIO_LAUNCHED_DESKTOP_FILE_PID', '4578'), ('NVM_DIR', '/home/ubuntu/.nvm'), ('ROS_DISTRO', 'humble'), ('GTK_IM_MODULE', 'ibus'), ('LOGNAME', 'ubuntu'), ('JOURNAL_STREAM', '8:15006'), ('_', '/usr/bin/colcon'), ('ROS_VERSION', '2'), ('XDG_SESSION_CLASS', 'user'), ('USERNAME', 'ubuntu'), ('TERM', 'dumb'), ('GNOME_DESKTOP_SESSION_ID', 'this-is-deprecated'), ('FC_FONTATIONS', '1'), ('ROS_LOCALHOST_ONLY', '0'), ('WINDOWPATH', '2'), ('ANTIGRAVITY_EDITOR_APP_ROOT', '/home/ubuntu/Downloads/Antigravity IDE/resources/app'), ('PATH', '/opt/ros/humble/bin:/home/ubuntu/.gemini/antigravity-ide/bin:/home/ubuntu/.local/bin:/home/ubuntu/.npm-global/bin:/usr/bin:/home/ubuntu/.local/bin:/home/ubuntu/.npm-global/bin:/usr/bin:/usr/local/sbin:/usr/local/bin:/usr/sbin:/usr/bin:/sbin:/bin:/usr/games:/usr/local/games:/snap/bin:/snap/bin:/opt/xtensa-esp-elf/bin/:/opt/xtensa-esp-elf/bin/'), ('SESSION_MANAGER', 'local/anurag-ubuntu22:@/tmp/.ICE-unix/1817,unix/anurag-ubuntu22:/tmp/.ICE-unix/1817'), ('INVOCATION_ID', 'd519ef0ff55d4cf5a0b5e58f63143729'), ('XDG_MENU_PREFIX', 'gnome-'), ('XDG_RUNTIME_DIR', '/run/user/1000'), ('GDK_BACKEND', 'x11'), ('DISPLAY', ':1'), ('LANG', 'en_US.UTF-8'), ('XDG_CURRENT_DESKTOP', 'ubuntu:GNOME'), ('XMODIFIERS', '@im=ibus'), ('XDG_SESSION_DESKTOP', 'ubuntu'), ('XAUTHORITY', '/run/user/1000/gdm/Xauthority'), ('LS_COLORS', ''), ('SSH_AGENT_LAUNCHER', 'gnome-keyring'), ('SSH_AUTH_SOCK', '/run/user/1000/keyring/ssh'), ('AMENT_PREFIX_PATH', '/opt/ros/humble'), ('SHELL', '/bin/bash'), ('ANTIGRAVITY_LS_ADDRESS', 'localhost:44031'), ('QT_ACCESSIBILITY', '1'), ('GDMSESSION', 'ubuntu'), ('LESSCLOSE', '/usr/bin/lesspipe %s %s'), ('GPG_AGENT_INFO', '/run/user/1000/gnupg/S.gpg-agent:0:1'), ('GIT_PAGER', 'cat'), ('QT_IM_MODULE', 'ibus'), ('ANTIGRAVITY_TRAJECTORY_ID', '1aa29252-b370-4846-acd0-947628da38c1'), ('PWD', '/home/ubuntu/px4_ros2_ws/build/px4_msgs'), ('LC_ALL', 'en_US.UTF-8'), ('XDG_CONFIG_DIRS', '/etc/xdg/xdg-ubuntu:/etc/xdg'), ('VSCODE_CODE_CACHE_PATH', '/home/ubuntu/.config/Antigravity IDE/CachedData/e0b7a2bcf575cfba10528c4e7c10bd3ce2d7769a'), ('NVM_CD_FLAGS', ''), ('DBUS_STARTER_ADDRESS', 'unix:path=/run/user/1000/bus,guid=49d968ee92755e537985c7af6a8566a2'), ('XDG_DATA_DIRS', '/usr/share/ubuntu:/usr/share/gnome:/usr/local/share/:/usr/share/:/var/lib/snapd/desktop'), ('PYTHONPATH', '/opt/ros/humble/lib/python3.10/site-packages:/opt/ros/humble/local/lib/python3.10/dist-packages'), ('COLCON', '1'), ('ANTIGRAVITY_CSRF_TOKEN', '4701e680-4d61-46d3-bdf5-2c8b5308abad'), ('VSCODE_PID', '4578'), ('CMAKE_PREFIX_PATH', '/opt/ros/humble')]), 'shell': False}
[0.048389] (px4_msgs) StdoutLine: {'line': b'-- Found ament_cmake: 1.3.14 (/opt/ros/humble/share/ament_cmake/cmake)\n'}
[0.099798] (-) TimerEvent: {}
[0.185438] (px4_msgs) StdoutLine: {'line': b'-- Override CMake install command with custom implementation using symlinks instead of copying resources\n'}
[0.199913] (-) TimerEvent: {}
[0.203516] (px4_msgs) StdoutLine: {'line': b'-- Found rosidl_default_generators: 1.2.1 (/opt/ros/humble/share/rosidl_default_generators/cmake)\n'}
[0.207745] (px4_msgs) StdoutLine: {'line': b'-- Using all available rosidl_typesupport_c: rosidl_typesupport_fastrtps_c;rosidl_typesupport_introspection_c\n'}
[0.214875] (px4_msgs) StdoutLine: {'line': b'-- Found rosidl_adapter: 3.1.9 (/opt/ros/humble/share/rosidl_adapter/cmake)\n'}
[0.258618] (px4_msgs) StdoutLine: {'line': b'-- Using all available rosidl_typesupport_cpp: rosidl_typesupport_fastrtps_cpp;rosidl_typesupport_introspection_cpp\n'}
[0.283142] (px4_msgs) StdoutLine: {'line': b'-- Found builtin_interfaces: 1.2.3 (/opt/ros/humble/share/builtin_interfaces/cmake)\n'}
[0.300009] (-) TimerEvent: {}
[0.400313] (-) TimerEvent: {}
[0.500784] (-) TimerEvent: {}
[0.601894] (-) TimerEvent: {}
[0.702156] (-) TimerEvent: {}
[0.802412] (-) TimerEvent: {}
[0.902634] (-) TimerEvent: {}
[1.002886] (-) TimerEvent: {}
[1.103192] (-) TimerEvent: {}
[1.203622] (-) TimerEvent: {}
[1.304091] (-) TimerEvent: {}
[1.404528] (-) TimerEvent: {}
[1.504989] (-) TimerEvent: {}
[1.605283] (-) TimerEvent: {}
[1.705741] (-) TimerEvent: {}
[1.806330] (-) TimerEvent: {}
[1.838390] (px4_msgs) StdoutLine: {'line': b'-- Found ament_cmake_ros: 0.10.0 (/opt/ros/humble/share/ament_cmake_ros/cmake)\n'}
[1.906493] (-) TimerEvent: {}
[2.006811] (-) TimerEvent: {}
[2.087207] (px4_msgs) StdoutLine: {'line': b'-- Using all available rosidl_typesupport_c: rosidl_typesupport_fastrtps_c;rosidl_typesupport_introspection_c\n'}
[2.106948] (-) TimerEvent: {}
[2.207256] (-) TimerEvent: {}
[2.307886] (-) TimerEvent: {}
[2.408283] (-) TimerEvent: {}
[2.478160] (px4_msgs) StdoutLine: {'line': b'-- Using all available rosidl_typesupport_cpp: rosidl_typesupport_fastrtps_cpp;rosidl_typesupport_introspection_cpp\n'}
[2.508379] (-) TimerEvent: {}
[2.518718] (px4_msgs) StdoutLine: {'line': b'-- Found python_cmake_module: 0.10.0 (/opt/ros/humble/share/python_cmake_module/cmake)\n'}
[2.558857] (px4_msgs) StdoutLine: {'line': b'-- Using PYTHON_EXECUTABLE: /usr/bin/python3\n'}
[2.559535] (px4_msgs) StdoutLine: {'line': b'-- Using PYTHON_INCLUDE_DIRS: /usr/include/python3.10\n'}
[2.559913] (px4_msgs) StdoutLine: {'line': b'-- Using PYTHON_LIBRARIES: /usr/lib/x86_64-linux-gnu/libpython3.10.so\n'}
[2.608502] (-) TimerEvent: {}
[2.709014] (-) TimerEvent: {}
[2.712689] (px4_msgs) StdoutLine: {'line': b'-- Found ament_lint_auto: 0.12.15 (/opt/ros/humble/share/ament_lint_auto/cmake)\n'}
[2.739677] (px4_msgs) StdoutLine: {'line': b"-- Added test 'lint_cmake' to check CMake code style\n"}
[2.746076] (px4_msgs) StdoutLine: {'line': b"-- Added test 'xmllint' to check XML markup files\n"}
[2.749723] (px4_msgs) StdoutLine: {'line': b'-- Configuring done\n'}
[2.809121] (-) TimerEvent: {}
[2.909850] (-) TimerEvent: {}
[3.010338] (-) TimerEvent: {}
[3.111060] (-) TimerEvent: {}
[3.211710] (-) TimerEvent: {}
[3.312193] (-) TimerEvent: {}
[3.326074] (px4_msgs) StdoutLine: {'line': b'-- Generating done\n'}
[3.363013] (px4_msgs) StdoutLine: {'line': b'-- Build files have been written to: /home/ubuntu/px4_ros2_ws/build/px4_msgs\n'}
[3.395554] (px4_msgs) CommandEnded: {'returncode': 0}
[3.397013] (px4_msgs) JobProgress: {'identifier': 'px4_msgs', 'progress': 'build'}
[3.397591] (px4_msgs) Command: {'cmd': ['/usr/bin/cmake', '--build', '/home/ubuntu/px4_ros2_ws/build/px4_msgs', '--', '-j12', '-l12'], 'cwd': '/home/ubuntu/px4_ros2_ws/build/px4_msgs', 'env': OrderedDict([('LESSOPEN', '| /usr/bin/lesspipe %s'), ('VSCODE_CWD', '/home/ubuntu/Downloads/Antigravity IDE'), ('LANGUAGE', 'en_IN:en'), ('USER', 'ubuntu'), ('ANTIGRAVITY_SOURCE_METADATA', '{"tool":{"conversationId":"ef55e692-b187-42e5-af3d-ea70e9270019","stepIndex":76,"toolCall":{"id":"call_799423","name":"run_command","argumentsJson":"{\\"CommandLine\\":\\"bash -c \\\\\\"source /opt/ros/humble/setup.bash \\\\u0026\\\\u0026 colcon build\\\\\\"\\",\\"Cwd\\":\\"/home/ubuntu/px4_ros2_ws\\",\\"WaitMsBeforeAsync\\":10000,\\"toolAction\\":\\"Building full workspace\\",\\"toolSummary\\":\\"Run colcon build for all packages\\"}","thinkingSignature":"EosFCogFARFNMg8XLrpwaMXN5OosF2tL7kWW9u027Y6i8/B8W5HFDDtVO67cAtli/j7niljnLu52iTqHJR2P8e1FobvqKNG7rl/6JPD/P45G+6dbNHOLe4evIRlCjT0tsjM/v7FfPoIElQMBumhKw7HNfNPUabqibQ+sp5rQ9EjlWEOneBoeHh8lSgnki547xU4fOpr5RnEySV3rzn69TRVUuJfZHkWpO+8p3kwJIXPyd2s6wtxSPGYCvQ/AUleZjh24yWgook00hfPSn4S9Zn+xXGOnlhhxiLV5EhZiPlunxLnYjeZ8JMuUnhe6sRUczwXNumvpUJ9fpKtv/Tbw9r5fOshk2If5MlVsXru8gsB1TwLi1ykYEP8cynwD6Dd8/VSLNTGuBwq8hS4zTdxI34cq10+19ddCpgCgORzzmb7KSmcSlFeMCuJCp1UFjYtpA8cV1Uerg72DXbEBd0fWDISoHjlL0ETJ4xc9NJ0LOPMr3tmtrfolL3+GzVAVAeOM6/nARzct1jmaYDVZSsyb7WojSkQUYFewbA8iM77wN0m3p0xIm6K4T5l/l8oXKe3c+gwBHt/wAqe3RUIzu0Ww7ZDAic2D36tKh10LmMgfNI2Q66P3AEsiduSYQe2oeEsijPPyhljbm1EtVhFlVfHCWFZ4eIpSSxpI0at3blcOevaUU8eukZ2J6HlmMZByOSJn31wJdDbBcopwXzr5wZxD1czg3wAN0VbUG+6ppgDjd2W6PJMdJ0PdzhZYAbmBRTbgsYhL0mtAU839aSji4qS9y+PfJsmIMmUN3DIZcHu1fJMs11FbLbyJIQ4A5nJTVR0MA4Wjyexlqw6VKHuEmhLOS0S9adeOTh9qAIgPZGFw","originalName":"run_command"}}}'), ('VSCODE_NLS_CONFIG', '{"userLocale":"en-gb","osLocale":"en-in","resolvedLanguage":"en","defaultMessagesFile":"/home/ubuntu/Downloads/Antigravity IDE/resources/app/out/nls.messages.json","locale":"en-gb","availableLanguages":{}}'), ('XDG_SESSION_TYPE', 'x11'), ('SHLVL', '0'), ('LD_LIBRARY_PATH', '/opt/ros/humble/opt/rviz_ogre_vendor/lib:/opt/ros/humble/lib/x86_64-linux-gnu:/opt/ros/humble/lib'), ('HOME', '/home/ubuntu'), ('CHROME_DESKTOP', 'antigravity-ide.desktop'), ('DESKTOP_SESSION', 'ubuntu'), ('VSCODE_IPC_HOOK', '/run/user/1000/vscode-52fd6d17-1.10-main.sock'), ('ROS_PYTHON_VERSION', '3'), ('GNOME_SHELL_SESSION_MODE', 'ubuntu'), ('GTK_MODULES', 'gail:atk-bridge'), ('PAGER', 'cat'), ('MANAGERPID', '1496'), ('DBUS_STARTER_BUS_TYPE', 'session'), ('SYSTEMD_EXEC_PID', '1817'), ('DBUS_SESSION_BUS_ADDRESS', 'unix:path=/run/user/1000/bus,guid=49d968ee92755e537985c7af6a8566a2'), ('ANTIGRAVITY_AGENT', '1'), ('GIO_LAUNCHED_DESKTOP_FILE_PID', '4578'), ('NVM_DIR', '/home/ubuntu/.nvm'), ('ROS_DISTRO', 'humble'), ('GTK_IM_MODULE', 'ibus'), ('LOGNAME', 'ubuntu'), ('JOURNAL_STREAM', '8:15006'), ('_', '/usr/bin/colcon'), ('ROS_VERSION', '2'), ('XDG_SESSION_CLASS', 'user'), ('USERNAME', 'ubuntu'), ('TERM', 'dumb'), ('GNOME_DESKTOP_SESSION_ID', 'this-is-deprecated'), ('FC_FONTATIONS', '1'), ('ROS_LOCALHOST_ONLY', '0'), ('WINDOWPATH', '2'), ('ANTIGRAVITY_EDITOR_APP_ROOT', '/home/ubuntu/Downloads/Antigravity IDE/resources/app'), ('PATH', '/opt/ros/humble/bin:/home/ubuntu/.gemini/antigravity-ide/bin:/home/ubuntu/.local/bin:/home/ubuntu/.npm-global/bin:/usr/bin:/home/ubuntu/.local/bin:/home/ubuntu/.npm-global/bin:/usr/bin:/usr/local/sbin:/usr/local/bin:/usr/sbin:/usr/bin:/sbin:/bin:/usr/games:/usr/local/games:/snap/bin:/snap/bin:/opt/xtensa-esp-elf/bin/:/opt/xtensa-esp-elf/bin/'), ('SESSION_MANAGER', 'local/anurag-ubuntu22:@/tmp/.ICE-unix/1817,unix/anurag-ubuntu22:/tmp/.ICE-unix/1817'), ('INVOCATION_ID', 'd519ef0ff55d4cf5a0b5e58f63143729'), ('XDG_MENU_PREFIX', 'gnome-'), ('XDG_RUNTIME_DIR', '/run/user/1000'), ('GDK_BACKEND', 'x11'), ('DISPLAY', ':1'), ('LANG', 'en_US.UTF-8'), ('XDG_CURRENT_DESKTOP', 'ubuntu:GNOME'), ('XMODIFIERS', '@im=ibus'), ('XDG_SESSION_DESKTOP', 'ubuntu'), ('XAUTHORITY', '/run/user/1000/gdm/Xauthority'), ('LS_COLORS', ''), ('SSH_AGENT_LAUNCHER', 'gnome-keyring'), ('SSH_AUTH_SOCK', '/run/user/1000/keyring/ssh'), ('AMENT_PREFIX_PATH', '/opt/ros/humble'), ('SHELL', '/bin/bash'), ('ANTIGRAVITY_LS_ADDRESS', 'localhost:44031'), ('QT_ACCESSIBILITY', '1'), ('GDMSESSION', 'ubuntu'), ('LESSCLOSE', '/usr/bin/lesspipe %s %s'), ('GPG_AGENT_INFO', '/run/user/1000/gnupg/S.gpg-agent:0:1'), ('GIT_PAGER', 'cat'), ('QT_IM_MODULE', 'ibus'), ('ANTIGRAVITY_TRAJECTORY_ID', '1aa29252-b370-4846-acd0-947628da38c1'), ('PWD', '/home/ubuntu/px4_ros2_ws/build/px4_msgs'), ('LC_ALL', 'en_US.UTF-8'), ('XDG_CONFIG_DIRS', '/etc/xdg/xdg-ubuntu:/etc/xdg'), ('VSCODE_CODE_CACHE_PATH', '/home/ubuntu/.config/Antigravity IDE/CachedData/e0b7a2bcf575cfba10528c4e7c10bd3ce2d7769a'), ('NVM_CD_FLAGS', ''), ('DBUS_STARTER_ADDRESS', 'unix:path=/run/user/1000/bus,guid=49d968ee92755e537985c7af6a8566a2'), ('XDG_DATA_DIRS', '/usr/share/ubuntu:/usr/share/gnome:/usr/local/share/:/usr/share/:/var/lib/snapd/desktop'), ('PYTHONPATH', '/opt/ros/humble/lib/python3.10/site-packages:/opt/ros/humble/local/lib/python3.10/dist-packages'), ('COLCON', '1'), ('ANTIGRAVITY_CSRF_TOKEN', '4701e680-4d61-46d3-bdf5-2c8b5308abad'), ('VSCODE_PID', '4578'), ('CMAKE_PREFIX_PATH', '/opt/ros/humble')]), 'shell': False}
[3.412369] (-) TimerEvent: {}
[3.513034] (-) TimerEvent: {}
[3.613541] (-) TimerEvent: {}
[3.713970] (-) TimerEvent: {}
[3.814950] (-) TimerEvent: {}
[3.915547] (-) TimerEvent: {}
[3.972076] (px4_msgs) StdoutLine: {'line': b'[  0%] Built target ament_cmake_python_symlink_px4_msgs\n'}
[3.975909] (px4_msgs) StdoutLine: {'line': b'[  1%] Built target px4_msgs__rs\n'}
[3.994507] (px4_msgs) StdoutLine: {'line': b'[  1%] Built target px4_msgs__cpp\n'}
[4.015688] (-) TimerEvent: {}
[4.029233] (px4_msgs) StdoutLine: {'line': b'\x1b[35m\x1b[1mConsolidate compiler generated dependencies of target px4_msgs__rosidl_generator_c\x1b[0m\n'}
[4.115808] (-) TimerEvent: {}
[4.122595] (px4_msgs) StdoutLine: {'line': b'[ 13%] Built target px4_msgs__rosidl_generator_c\n'}
[4.128315] (px4_msgs) StdoutLine: {'line': b'\x1b[35m\x1b[1mConsolidate compiler generated dependencies of target px4_msgs__rosidl_typesupport_cpp\x1b[0m\n'}
[4.151567] (px4_msgs) StdoutLine: {'line': b'\x1b[35m\x1b[1mConsolidate compiler generated dependencies of target px4_msgs__rosidl_typesupport_introspection_cpp\x1b[0m\n'}
[4.155009] (px4_msgs) StdoutLine: {'line': b'\x1b[35m\x1b[1mConsolidate compiler generated dependencies of target px4_msgs__rosidl_typesupport_fastrtps_cpp\x1b[0m\n'}
[4.215998] (-) TimerEvent: {}
[4.241336] (px4_msgs) StdoutLine: {'line': b'\x1b[35m\x1b[1mConsolidate compiler generated dependencies of target px4_msgs__rosidl_typesupport_c\x1b[0m\n'}
[4.243129] (px4_msgs) StdoutLine: {'line': b'running egg_info\n'}
[4.244224] (px4_msgs) StdoutLine: {'line': b'writing px4_msgs.egg-info/PKG-INFO\n'}
[4.244590] (px4_msgs) StdoutLine: {'line': b'writing dependency_links to px4_msgs.egg-info/dependency_links.txt\n'}
[4.244742] (px4_msgs) StdoutLine: {'line': b'writing top-level names to px4_msgs.egg-info/top_level.txt\n'}
[4.249179] (px4_msgs) StdoutLine: {'line': b'\x1b[35m\x1b[1mConsolidate compiler generated dependencies of target px4_msgs__rosidl_typesupport_introspection_c\x1b[0m\n'}
[4.250780] (px4_msgs) StdoutLine: {'line': b"reading manifest file 'px4_msgs.egg-info/SOURCES.txt'\n"}
[4.253613] (px4_msgs) StdoutLine: {'line': b"writing manifest file 'px4_msgs.egg-info/SOURCES.txt'\n"}
[4.298874] (px4_msgs) StdoutLine: {'line': b'[ 25%] Built target px4_msgs__rosidl_typesupport_cpp\n'}
[4.305545] (px4_msgs) StdoutLine: {'line': b'[ 37%] Built target px4_msgs__rosidl_typesupport_introspection_cpp\n'}
[4.310591] (px4_msgs) StdoutLine: {'line': b'\x1b[35m\x1b[1mConsolidate compiler generated dependencies of target px4_msgs__rosidl_typesupport_fastrtps_c\x1b[0m\n'}
[4.311233] (px4_msgs) StdoutLine: {'line': b'[ 50%] Built target px4_msgs__rosidl_typesupport_c\n'}
[4.316234] (-) TimerEvent: {}
[4.325568] (px4_msgs) StdoutLine: {'line': b'[ 50%] Built target ament_cmake_python_build_px4_msgs_egg\n'}
[4.334686] (px4_msgs) StdoutLine: {'line': b'[ 62%] Built target px4_msgs__rosidl_typesupport_fastrtps_cpp\n'}
[4.355222] (px4_msgs) StdoutLine: {'line': b'[ 75%] Built target px4_msgs__rosidl_typesupport_introspection_c\n'}
[4.416303] (-) TimerEvent: {}
[4.453736] (px4_msgs) StdoutLine: {'line': b'[ 88%] Built target px4_msgs__rosidl_typesupport_fastrtps_c\n'}
[4.480657] (px4_msgs) StdoutLine: {'line': b'[ 88%] Built target px4_msgs\n'}
[4.516413] (-) TimerEvent: {}
[4.521705] (px4_msgs) StdoutLine: {'line': b'[ 88%] Built target px4_msgs__py\n'}
[4.616601] (-) TimerEvent: {}
[4.639176] (px4_msgs) StdoutLine: {'line': b'\x1b[35m\x1b[1mConsolidate compiler generated dependencies of target px4_msgs__rosidl_generator_py\x1b[0m\n'}
[4.716701] (-) TimerEvent: {}
[4.815695] (px4_msgs) StdoutLine: {'line': b'[100%] Built target px4_msgs__rosidl_generator_py\n'}
[4.816767] (-) TimerEvent: {}
[4.841588] (px4_msgs) StdoutLine: {'line': b'\x1b[35m\x1b[1mConsolidate compiler generated dependencies of target px4_msgs__rosidl_typesupport_c__pyext\x1b[0m\n'}
[4.841791] (px4_msgs) StdoutLine: {'line': b'\x1b[35m\x1b[1mConsolidate compiler generated dependencies of target px4_msgs__rosidl_typesupport_fastrtps_c__pyext\x1b[0m\n'}
[4.841868] (px4_msgs) StdoutLine: {'line': b'\x1b[35m\x1b[1mConsolidate compiler generated dependencies of target px4_msgs__rosidl_typesupport_introspection_c__pyext\x1b[0m\n'}
[4.863472] (px4_msgs) StdoutLine: {'line': b'[100%] Built target px4_msgs__rosidl_typesupport_c__pyext\n'}
[4.863945] (px4_msgs) StdoutLine: {'line': b'[100%] Built target px4_msgs__rosidl_typesupport_introspection_c__pyext\n'}
[4.864029] (px4_msgs) StdoutLine: {'line': b'[100%] Built target px4_msgs__rosidl_typesupport_fastrtps_c__pyext\n'}
[4.879759] (px4_msgs) CommandEnded: {'returncode': 0}
[4.897181] (px4_msgs) JobProgress: {'identifier': 'px4_msgs', 'progress': 'install'}
[4.910664] (px4_msgs) Command: {'cmd': ['/usr/bin/cmake', '--install', '/home/ubuntu/px4_ros2_ws/build/px4_msgs'], 'cwd': '/home/ubuntu/px4_ros2_ws/build/px4_msgs', 'env': OrderedDict([('LESSOPEN', '| /usr/bin/lesspipe %s'), ('VSCODE_CWD', '/home/ubuntu/Downloads/Antigravity IDE'), ('LANGUAGE', 'en_IN:en'), ('USER', 'ubuntu'), ('ANTIGRAVITY_SOURCE_METADATA', '{"tool":{"conversationId":"ef55e692-b187-42e5-af3d-ea70e9270019","stepIndex":76,"toolCall":{"id":"call_799423","name":"run_command","argumentsJson":"{\\"CommandLine\\":\\"bash -c \\\\\\"source /opt/ros/humble/setup.bash \\\\u0026\\\\u0026 colcon build\\\\\\"\\",\\"Cwd\\":\\"/home/ubuntu/px4_ros2_ws\\",\\"WaitMsBeforeAsync\\":10000,\\"toolAction\\":\\"Building full workspace\\",\\"toolSummary\\":\\"Run colcon build for all packages\\"}","thinkingSignature":"EosFCogFARFNMg8XLrpwaMXN5OosF2tL7kWW9u027Y6i8/B8W5HFDDtVO67cAtli/j7niljnLu52iTqHJR2P8e1FobvqKNG7rl/6JPD/P45G+6dbNHOLe4evIRlCjT0tsjM/v7FfPoIElQMBumhKw7HNfNPUabqibQ+sp5rQ9EjlWEOneBoeHh8lSgnki547xU4fOpr5RnEySV3rzn69TRVUuJfZHkWpO+8p3kwJIXPyd2s6wtxSPGYCvQ/AUleZjh24yWgook00hfPSn4S9Zn+xXGOnlhhxiLV5EhZiPlunxLnYjeZ8JMuUnhe6sRUczwXNumvpUJ9fpKtv/Tbw9r5fOshk2If5MlVsXru8gsB1TwLi1ykYEP8cynwD6Dd8/VSLNTGuBwq8hS4zTdxI34cq10+19ddCpgCgORzzmb7KSmcSlFeMCuJCp1UFjYtpA8cV1Uerg72DXbEBd0fWDISoHjlL0ETJ4xc9NJ0LOPMr3tmtrfolL3+GzVAVAeOM6/nARzct1jmaYDVZSsyb7WojSkQUYFewbA8iM77wN0m3p0xIm6K4T5l/l8oXKe3c+gwBHt/wAqe3RUIzu0Ww7ZDAic2D36tKh10LmMgfNI2Q66P3AEsiduSYQe2oeEsijPPyhljbm1EtVhFlVfHCWFZ4eIpSSxpI0at3blcOevaUU8eukZ2J6HlmMZByOSJn31wJdDbBcopwXzr5wZxD1czg3wAN0VbUG+6ppgDjd2W6PJMdJ0PdzhZYAbmBRTbgsYhL0mtAU839aSji4qS9y+PfJsmIMmUN3DIZcHu1fJMs11FbLbyJIQ4A5nJTVR0MA4Wjyexlqw6VKHuEmhLOS0S9adeOTh9qAIgPZGFw","originalName":"run_command"}}}'), ('VSCODE_NLS_CONFIG', '{"userLocale":"en-gb","osLocale":"en-in","resolvedLanguage":"en","defaultMessagesFile":"/home/ubuntu/Downloads/Antigravity IDE/resources/app/out/nls.messages.json","locale":"en-gb","availableLanguages":{}}'), ('XDG_SESSION_TYPE', 'x11'), ('SHLVL', '0'), ('LD_LIBRARY_PATH', '/opt/ros/humble/opt/rviz_ogre_vendor/lib:/opt/ros/humble/lib/x86_64-linux-gnu:/opt/ros/humble/lib'), ('HOME', '/home/ubuntu'), ('CHROME_DESKTOP', 'antigravity-ide.desktop'), ('DESKTOP_SESSION', 'ubuntu'), ('VSCODE_IPC_HOOK', '/run/user/1000/vscode-52fd6d17-1.10-main.sock'), ('ROS_PYTHON_VERSION', '3'), ('GNOME_SHELL_SESSION_MODE', 'ubuntu'), ('GTK_MODULES', 'gail:atk-bridge'), ('PAGER', 'cat'), ('MANAGERPID', '1496'), ('DBUS_STARTER_BUS_TYPE', 'session'), ('SYSTEMD_EXEC_PID', '1817'), ('DBUS_SESSION_BUS_ADDRESS', 'unix:path=/run/user/1000/bus,guid=49d968ee92755e537985c7af6a8566a2'), ('ANTIGRAVITY_AGENT', '1'), ('GIO_LAUNCHED_DESKTOP_FILE_PID', '4578'), ('NVM_DIR', '/home/ubuntu/.nvm'), ('ROS_DISTRO', 'humble'), ('GTK_IM_MODULE', 'ibus'), ('LOGNAME', 'ubuntu'), ('JOURNAL_STREAM', '8:15006'), ('_', '/usr/bin/colcon'), ('ROS_VERSION', '2'), ('XDG_SESSION_CLASS', 'user'), ('USERNAME', 'ubuntu'), ('TERM', 'dumb'), ('GNOME_DESKTOP_SESSION_ID', 'this-is-deprecated'), ('FC_FONTATIONS', '1'), ('ROS_LOCALHOST_ONLY', '0'), ('WINDOWPATH', '2'), ('ANTIGRAVITY_EDITOR_APP_ROOT', '/home/ubuntu/Downloads/Antigravity IDE/resources/app'), ('PATH', '/opt/ros/humble/bin:/home/ubuntu/.gemini/antigravity-ide/bin:/home/ubuntu/.local/bin:/home/ubuntu/.npm-global/bin:/usr/bin:/home/ubuntu/.local/bin:/home/ubuntu/.npm-global/bin:/usr/bin:/usr/local/sbin:/usr/local/bin:/usr/sbin:/usr/bin:/sbin:/bin:/usr/games:/usr/local/games:/snap/bin:/snap/bin:/opt/xtensa-esp-elf/bin/:/opt/xtensa-esp-elf/bin/'), ('SESSION_MANAGER', 'local/anurag-ubuntu22:@/tmp/.ICE-unix/1817,unix/anurag-ubuntu22:/tmp/.ICE-unix/1817'), ('INVOCATION_ID', 'd519ef0ff55d4cf5a0b5e58f63143729'), ('XDG_MENU_PREFIX', 'gnome-'), ('XDG_RUNTIME_DIR', '/run/user/1000'), ('GDK_BACKEND', 'x11'), ('DISPLAY', ':1'), ('LANG', 'en_US.UTF-8'), ('XDG_CURRENT_DESKTOP', 'ubuntu:GNOME'), ('XMODIFIERS', '@im=ibus'), ('XDG_SESSION_DESKTOP', 'ubuntu'), ('XAUTHORITY', '/run/user/1000/gdm/Xauthority'), ('LS_COLORS', ''), ('SSH_AGENT_LAUNCHER', 'gnome-keyring'), ('SSH_AUTH_SOCK', '/run/user/1000/keyring/ssh'), ('AMENT_PREFIX_PATH', '/opt/ros/humble'), ('SHELL', '/bin/bash'), ('ANTIGRAVITY_LS_ADDRESS', 'localhost:44031'), ('QT_ACCESSIBILITY', '1'), ('GDMSESSION', 'ubuntu'), ('LESSCLOSE', '/usr/bin/lesspipe %s %s'), ('GPG_AGENT_INFO', '/run/user/1000/gnupg/S.gpg-agent:0:1'), ('GIT_PAGER', 'cat'), ('QT_IM_MODULE', 'ibus'), ('ANTIGRAVITY_TRAJECTORY_ID', '1aa29252-b370-4846-acd0-947628da38c1'), ('PWD', '/home/ubuntu/px4_ros2_ws/build/px4_msgs'), ('LC_ALL', 'en_US.UTF-8'), ('XDG_CONFIG_DIRS', '/etc/xdg/xdg-ubuntu:/etc/xdg'), ('VSCODE_CODE_CACHE_PATH', '/home/ubuntu/.config/Antigravity IDE/CachedData/e0b7a2bcf575cfba10528c4e7c10bd3ce2d7769a'), ('NVM_CD_FLAGS', ''), ('DBUS_STARTER_ADDRESS', 'unix:path=/run/user/1000/bus,guid=49d968ee92755e537985c7af6a8566a2'), ('XDG_DATA_DIRS', '/usr/share/ubuntu:/usr/share/gnome:/usr/local/share/:/usr/share/:/var/lib/snapd/desktop'), ('PYTHONPATH', '/opt/ros/humble/lib/python3.10/site-packages:/opt/ros/humble/local/lib/python3.10/dist-packages'), ('COLCON', '1'), ('ANTIGRAVITY_CSRF_TOKEN', '4701e680-4d61-46d3-bdf5-2c8b5308abad'), ('VSCODE_PID', '4578'), ('CMAKE_PREFIX_PATH', '/opt/ros/humble')]), 'shell': False}
[4.916939] (-) TimerEvent: {}
[4.920587] (px4_msgs) StdoutLine: {'line': b'-- Install configuration: ""\n'}
[4.934171] (px4_msgs) StdoutLine: {'line': b'-- Execute custom install script\n'}
[4.934869] (px4_msgs) StdoutLine: {'line': b'-- Up-to-date symlink: /home/ubuntu/px4_ros2_ws/install/px4_msgs/share/ament_index/resource_index/rosidl_interfaces/px4_msgs\n'}
[4.940530] (px4_msgs) StdoutLine: {'line': b'-- Up-to-date symlink: /home/ubuntu/px4_ros2_ws/install/px4_msgs/include/px4_msgs/px4_msgs/msg/action_request.h\n'}
[4.940853] (px4_msgs) StdoutLine: {'line': b'-- Up-to-date symlink: /home/ubuntu/px4_ros2_ws/install/px4_msgs/include/px4_msgs/px4_msgs/msg/actuator_armed.h\n'}
[4.940987] (px4_msgs) StdoutLine: {'line': b'-- Up-to-date symlink: /home/ubuntu/px4_ros2_ws/install/px4_msgs/include/px4_msgs/px4_msgs/msg/actuator_controls_status.h\n'}
[4.941078] (px4_msgs) StdoutLine: {'line': b'-- Up-to-date symlink: /home/ubuntu/px4_ros2_ws/install/px4_msgs/include/px4_msgs/px4_msgs/msg/actuator_motors.h\n'}
[4.941147] (px4_msgs) StdoutLine: {'line': b'-- Up-to-date symlink: /home/ubuntu/px4_ros2_ws/install/px4_msgs/include/px4_msgs/px4_msgs/msg/actuator_outputs.h\n'}
[4.941282] (px4_msgs) StdoutLine: {'line': b'-- Up-to-date symlink: /home/ubuntu/px4_ros2_ws/install/px4_msgs/include/px4_msgs/px4_msgs/msg/actuator_servos.h\n'}
[4.941381] (px4_msgs) StdoutLine: {'line': b'-- Up-to-date symlink: /home/ubuntu/px4_ros2_ws/install/px4_msgs/include/px4_msgs/px4_msgs/msg/actuator_servos_trim.h\n'}
[4.941518] (px4_msgs) StdoutLine: {'line': b'-- Up-to-date symlink: /home/ubuntu/px4_ros2_ws/install/px4_msgs/include/px4_msgs/px4_msgs/msg/actuator_test.h\n'}
[4.941553] (px4_msgs) StdoutLine: {'line': b'-- Up-to-date symlink: /home/ubuntu/px4_ros2_ws/install/px4_msgs/include/px4_msgs/px4_msgs/msg/adc_report.h\n'}
[4.941586] (px4_msgs) StdoutLine: {'line': b'-- Up-to-date symlink: /home/ubuntu/px4_ros2_ws/install/px4_msgs/include/px4_msgs/px4_msgs/msg/airspeed.h\n'}
[4.941619] (px4_msgs) StdoutLine: {'line': b'-- Up-to-date symlink: /home/ubuntu/px4_ros2_ws/install/px4_msgs/include/px4_msgs/px4_msgs/msg/airspeed_validated.h\n'}
[4.941652] (px4_msgs) StdoutLine: {'line': b'-- Up-to-date symlink: /home/ubuntu/px4_ros2_ws/install/px4_msgs/include/px4_msgs/px4_msgs/msg/airspeed_wind.h\n'}
[4.941685] (px4_msgs) StdoutLine: {'line': b'-- Up-to-date symlink: /home/ubuntu/px4_ros2_ws/install/px4_msgs/include/px4_msgs/px4_msgs/msg/arming_check_reply.h\n'}
[4.941716] (px4_msgs) StdoutLine: {'line': b'-- Up-to-date symlink: /home/ubuntu/px4_ros2_ws/install/px4_msgs/include/px4_msgs/px4_msgs/msg/arming_check_request.h\n'}
[4.941748] (px4_msgs) StdoutLine: {'line': b'-- Up-to-date symlink: /home/ubuntu/px4_ros2_ws/install/px4_msgs/include/px4_msgs/px4_msgs/msg/autotune_attitude_control_status.h\n'}
[4.941781] (px4_msgs) StdoutLine: {'line': b'-- Up-to-date symlink: /home/ubuntu/px4_ros2_ws/install/px4_msgs/include/px4_msgs/px4_msgs/msg/aux_global_position.h\n'}
[4.941813] (px4_msgs) StdoutLine: {'line': b'-- Up-to-date symlink: /home/ubuntu/px4_ros2_ws/install/px4_msgs/include/px4_msgs/px4_msgs/msg/battery_info.h\n'}
[4.941845] (px4_msgs) StdoutLine: {'line': b'-- Up-to-date symlink: /home/ubuntu/px4_ros2_ws/install/px4_msgs/include/px4_msgs/px4_msgs/msg/battery_status.h\n'}
[4.941904] (px4_msgs) StdoutLine: {'line': b'-- Up-to-date symlink: /home/ubuntu/px4_ros2_ws/install/px4_msgs/include/px4_msgs/px4_msgs/msg/button_event.h\n'}
[4.941936] (px4_msgs) StdoutLine: {'line': b'-- Up-to-date symlink: /home/ubuntu/px4_ros2_ws/install/px4_msgs/include/px4_msgs/px4_msgs/msg/camera_capture.h\n'}
[4.941968] (px4_msgs) StdoutLine: {'line': b'-- Up-to-date symlink: /home/ubuntu/px4_ros2_ws/install/px4_msgs/include/px4_msgs/px4_msgs/msg/camera_status.h\n'}
[4.942001] (px4_msgs) StdoutLine: {'line': b'-- Up-to-date symlink: /home/ubuntu/px4_ros2_ws/install/px4_msgs/include/px4_msgs/px4_msgs/msg/camera_trigger.h\n'}
[4.942074] (px4_msgs) StdoutLine: {'line': b'-- Up-to-date symlink: /home/ubuntu/px4_ros2_ws/install/px4_msgs/include/px4_msgs/px4_msgs/msg/can_interface_status.h\n'}
[4.942106] (px4_msgs) StdoutLine: {'line': b'-- Up-to-date symlink: /home/ubuntu/px4_ros2_ws/install/px4_msgs/include/px4_msgs/px4_msgs/msg/cellular_status.h\n'}
[4.942180] (px4_msgs) StdoutLine: {'line': b'-- Up-to-date symlink: /home/ubuntu/px4_ros2_ws/install/px4_msgs/include/px4_msgs/px4_msgs/msg/collision_constraints.h\n'}
[4.942213] (px4_msgs) StdoutLine: {'line': b'-- Up-to-date symlink: /home/ubuntu/px4_ros2_ws/install/px4_msgs/include/px4_msgs/px4_msgs/msg/config_overrides.h\n'}
[4.942244] (px4_msgs) StdoutLine: {'line': b'-- Up-to-date symlink: /home/ubuntu/px4_ros2_ws/install/px4_msgs/include/px4_msgs/px4_msgs/msg/control_allocator_status.h\n'}
[4.942277] (px4_msgs) StdoutLine: {'line': b'-- Up-to-date symlink: /home/ubuntu/px4_ros2_ws/install/px4_msgs/include/px4_msgs/px4_msgs/msg/cpuload.h\n'}
[4.942309] (px4_msgs) StdoutLine: {'line': b'-- Up-to-date symlink: /home/ubuntu/px4_ros2_ws/install/px4_msgs/include/px4_msgs/px4_msgs/msg/dataman_request.h\n'}
[4.942341] (px4_msgs) StdoutLine: {'line': b'-- Up-to-date symlink: /home/ubuntu/px4_ros2_ws/install/px4_msgs/include/px4_msgs/px4_msgs/msg/dataman_response.h\n'}
[4.942372] (px4_msgs) StdoutLine: {'line': b'-- Up-to-date symlink: /home/ubuntu/px4_ros2_ws/install/px4_msgs/include/px4_msgs/px4_msgs/msg/debug_array.h\n'}
[4.942404] (px4_msgs) StdoutLine: {'line': b'-- Up-to-date symlink: /home/ubuntu/px4_ros2_ws/install/px4_msgs/include/px4_msgs/px4_msgs/msg/debug_key_value.h\n'}
[4.942462] (px4_msgs) StdoutLine: {'line': b'-- Up-to-date symlink: /home/ubuntu/px4_ros2_ws/install/px4_msgs/include/px4_msgs/px4_msgs/msg/debug_value.h\n'}
[4.942524] (px4_msgs) StdoutLine: {'line': b'-- Up-to-date symlink: /home/ubuntu/px4_ros2_ws/install/px4_msgs/include/px4_msgs/px4_msgs/msg/debug_vect.h\n'}
[4.942558] (px4_msgs) StdoutLine: {'line': b'-- Up-to-date symlink: /home/ubuntu/px4_ros2_ws/install/px4_msgs/include/px4_msgs/px4_msgs/msg/detail/action_request__functions.h\n'}
[4.942592] (px4_msgs) StdoutLine: {'line': b'-- Up-to-date symlink: /home/ubuntu/px4_ros2_ws/install/px4_msgs/include/px4_msgs/px4_msgs/msg/detail/action_request__struct.h\n'}
[4.942623] (px4_msgs) StdoutLine: {'line': b'-- Up-to-date symlink: /home/ubuntu/px4_ros2_ws/install/px4_msgs/include/px4_msgs/px4_msgs/msg/detail/action_request__type_support.h\n'}
[4.942673] (px4_msgs) StdoutLine: {'line': b'-- Up-to-date symlink: /home/ubuntu/px4_ros2_ws/install/px4_msgs/include/px4_msgs/px4_msgs/msg/detail/actuator_armed__functions.h\n'}
[4.942704] (px4_msgs) StdoutLine: {'line': b'-- Up-to-date symlink: /home/ubuntu/px4_ros2_ws/install/px4_msgs/include/px4_msgs/px4_msgs/msg/detail/actuator_armed__struct.h\n'}
[4.942735] (px4_msgs) StdoutLine: {'line': b'-- Up-to-date symlink: /home/ubuntu/px4_ros2_ws/install/px4_msgs/include/px4_msgs/px4_msgs/msg/detail/actuator_armed__type_support.h\n'}
[4.942768] (px4_msgs) StdoutLine: {'line': b'-- Up-to-date symlink: /home/ubuntu/px4_ros2_ws/install/px4_msgs/include/px4_msgs/px4_msgs/msg/detail/actuator_controls_status__functions.h\n'}
[4.942800] (px4_msgs) StdoutLine: {'line': b'-- Up-to-date symlink: /home/ubuntu/px4_ros2_ws/install/px4_msgs/include/px4_msgs/px4_msgs/msg/detail/actuator_controls_status__struct.h\n'}
[4.942878] (px4_msgs) StdoutLine: {'line': b'-- Up-to-date symlink: /home/ubuntu/px4_ros2_ws/install/px4_msgs/include/px4_msgs/px4_msgs/msg/detail/actuator_controls_status__type_support.h\n'}
[4.942961] (px4_msgs) StdoutLine: {'line': b'-- Up-to-date symlink: /home/ubuntu/px4_ros2_ws/install/px4_msgs/include/px4_msgs/px4_msgs/msg/detail/actuator_motors__functions.h\n'}
[4.942991] (px4_msgs) StdoutLine: {'line': b'-- Up-to-date symlink: /home/ubuntu/px4_ros2_ws/install/px4_msgs/include/px4_msgs/px4_msgs/msg/detail/actuator_motors__struct.h\n'}
[4.943023] (px4_msgs) StdoutLine: {'line': b'-- Up-to-date symlink: /home/ubuntu/px4_ros2_ws/install/px4_msgs/include/px4_msgs/px4_msgs/msg/detail/actuator_motors__type_support.h\n'}
[4.943054] (px4_msgs) StdoutLine: {'line': b'-- Up-to-date symlink: /home/ubuntu/px4_ros2_ws/install/px4_msgs/include/px4_msgs/px4_msgs/msg/detail/actuator_outputs__functions.h\n'}
[4.943103] (px4_msgs) StdoutLine: {'line': b'-- Up-to-date symlink: /home/ubuntu/px4_ros2_ws/install/px4_msgs/include/px4_msgs/px4_msgs/msg/detail/actuator_outputs__struct.h\n'}
[4.943134] (px4_msgs) StdoutLine: {'line': b'-- Up-to-date symlink: /home/ubuntu/px4_ros2_ws/install/px4_msgs/include/px4_msgs/px4_msgs/msg/detail/actuator_outputs__type_support.h\n'}
[4.943166] (px4_msgs) StdoutLine: {'line': b'-- Up-to-date symlink: /home/ubuntu/px4_ros2_ws/install/px4_msgs/include/px4_msgs/px4_msgs/msg/detail/actuator_servos__functions.h\n'}
[4.943197] (px4_msgs) StdoutLine: {'line': b'-- Up-to-date symlink: /home/ubuntu/px4_ros2_ws/install/px4_msgs/include/px4_msgs/px4_msgs/msg/detail/actuator_servos__struct.h\n'}
[4.943257] (px4_msgs) StdoutLine: {'line': b'-- Up-to-date symlink: /home/ubuntu/px4_ros2_ws/install/px4_msgs/include/px4_msgs/px4_msgs/msg/detail/actuator_servos__type_support.h\n'}
[4.943333] (px4_msgs) StdoutLine: {'line': b'-- Up-to-date symlink: /home/ubuntu/px4_ros2_ws/install/px4_msgs/include/px4_msgs/px4_msgs/msg/detail/actuator_servos_trim__functions.h\n'}
[4.943365] (px4_msgs) StdoutLine: {'line': b'-- Up-to-date symlink: /home/ubuntu/px4_ros2_ws/install/px4_msgs/include/px4_msgs/px4_msgs/msg/detail/actuator_servos_trim__struct.h\n'}
[4.943396] (px4_msgs) StdoutLine: {'line': b'-- Up-to-date symlink: /home/ubuntu/px4_ros2_ws/install/px4_msgs/include/px4_msgs/px4_msgs/msg/detail/actuator_servos_trim__type_support.h\n'}
[4.943428] (px4_msgs) StdoutLine: {'line': b'-- Up-to-date symlink: /home/ubuntu/px4_ros2_ws/install/px4_msgs/include/px4_msgs/px4_msgs/msg/detail/actuator_test__functions.h\n'}
[4.943470] (px4_msgs) StdoutLine: {'line': b'-- Up-to-date symlink: /home/ubuntu/px4_ros2_ws/install/px4_msgs/include/px4_msgs/px4_msgs/msg/detail/actuator_test__struct.h\n'}
[4.943521] (px4_msgs) StdoutLine: {'line': b'-- Up-to-date symlink: /home/ubuntu/px4_ros2_ws/install/px4_msgs/include/px4_msgs/px4_msgs/msg/detail/actuator_test__type_support.h\n'}
[4.943554] (px4_msgs) StdoutLine: {'line': b'-- Up-to-date symlink: /home/ubuntu/px4_ros2_ws/install/px4_msgs/include/px4_msgs/px4_msgs/msg/detail/adc_report__functions.h\n'}
[4.943587] (px4_msgs) StdoutLine: {'line': b'-- Up-to-date symlink: /home/ubuntu/px4_ros2_ws/install/px4_msgs/include/px4_msgs/px4_msgs/msg/detail/adc_report__struct.h\n'}
[4.943646] (px4_msgs) StdoutLine: {'line': b'-- Up-to-date symlink: /home/ubuntu/px4_ros2_ws/install/px4_msgs/include/px4_msgs/px4_msgs/msg/detail/adc_report__type_support.h\n'}
[4.943684] (px4_msgs) StdoutLine: {'line': b'-- Up-to-date symlink: /home/ubuntu/px4_ros2_ws/install/px4_msgs/include/px4_msgs/px4_msgs/msg/detail/airspeed__functions.h\n'}
[4.943737] (px4_msgs) StdoutLine: {'line': b'-- Up-to-date symlink: /home/ubuntu/px4_ros2_ws/install/px4_msgs/include/px4_msgs/px4_msgs/msg/detail/airspeed__struct.h\n'}
[4.943768] (px4_msgs) StdoutLine: {'line': b'-- Up-to-date symlink: /home/ubuntu/px4_ros2_ws/install/px4_msgs/include/px4_msgs/px4_msgs/msg/detail/airspeed__type_support.h\n'}
[4.943799] (px4_msgs) StdoutLine: {'line': b'-- Up-to-date symlink: /home/ubuntu/px4_ros2_ws/install/px4_msgs/include/px4_msgs/px4_msgs/msg/detail/airspeed_validated__functions.h\n'}
[4.943854] (px4_msgs) StdoutLine: {'line': b'-- Up-to-date symlink: /home/ubuntu/px4_ros2_ws/install/px4_msgs/include/px4_msgs/px4_msgs/msg/detail/airspeed_validated__struct.h\n'}
[4.943918] (px4_msgs) StdoutLine: {'line': b'-- Up-to-date symlink: /home/ubuntu/px4_ros2_ws/install/px4_msgs/include/px4_msgs/px4_msgs/msg/detail/airspeed_validated__type_support.h\n'}
[4.943953] (px4_msgs) StdoutLine: {'line': b'-- Up-to-date symlink: /home/ubuntu/px4_ros2_ws/install/px4_msgs/include/px4_msgs/px4_msgs/msg/detail/airspeed_wind__functions.h\n'}
[4.944006] (px4_msgs) StdoutLine: {'line': b'-- Up-to-date symlink: /home/ubuntu/px4_ros2_ws/install/px4_msgs/include/px4_msgs/px4_msgs/msg/detail/airspeed_wind__struct.h\n'}
[4.944042] (px4_msgs) StdoutLine: {'line': b'-- Up-to-date symlink: /home/ubuntu/px4_ros2_ws/install/px4_msgs/include/px4_msgs/px4_msgs/msg/detail/airspeed_wind__type_support.h\n'}
[4.944098] (px4_msgs) StdoutLine: {'line': b'-- Up-to-date symlink: /home/ubuntu/px4_ros2_ws/install/px4_msgs/include/px4_msgs/px4_msgs/msg/detail/arming_check_reply__functions.h\n'}
[4.944132] (px4_msgs) StdoutLine: {'line': b'-- Up-to-date symlink: /home/ubuntu/px4_ros2_ws/install/px4_msgs/include/px4_msgs/px4_msgs/msg/detail/arming_check_reply__struct.h\n'}
[4.944184] (px4_msgs) StdoutLine: {'line': b'-- Up-to-date symlink: /home/ubuntu/px4_ros2_ws/install/px4_msgs/include/px4_msgs/px4_msgs/msg/detail/arming_check_reply__type_support.h\n'}
[4.944217] (px4_msgs) StdoutLine: {'line': b'-- Up-to-date symlink: /home/ubuntu/px4_ros2_ws/install/px4_msgs/include/px4_msgs/px4_msgs/msg/detail/arming_check_request__functions.h\n'}
[4.944270] (px4_msgs) StdoutLine: {'line': b'-- Up-to-date symlink: /home/ubuntu/px4_ros2_ws/install/px4_msgs/include/px4_msgs/px4_msgs/msg/detail/arming_check_request__struct.h\n'}
[4.944302] (px4_msgs) StdoutLine: {'line': b'-- Up-to-date symlink: /home/ubuntu/px4_ros2_ws/install/px4_msgs/include/px4_msgs/px4_msgs/msg/detail/arming_check_request__type_support.h\n'}
[4.944356] (px4_msgs) StdoutLine: {'line': b'-- Up-to-date symlink: /home/ubuntu/px4_ros2_ws/install/px4_msgs/include/px4_msgs/px4_msgs/msg/detail/autotune_attitude_control_status__functions.h\n'}
[4.944391] (px4_msgs) StdoutLine: {'line': b'-- Up-to-date symlink: /home/ubuntu/px4_ros2_ws/install/px4_msgs/include/px4_msgs/px4_msgs/msg/detail/autotune_attitude_control_status__struct.h\n'}
[4.944483] (px4_msgs) StdoutLine: {'line': b'-- Up-to-date symlink: /home/ubuntu/px4_ros2_ws/install/px4_msgs/include/px4_msgs/px4_msgs/msg/detail/autotune_attitude_control_status__type_support.h\n'}
[4.944516] (px4_msgs) StdoutLine: {'line': b'-- Up-to-date symlink: /home/ubuntu/px4_ros2_ws/install/px4_msgs/include/px4_msgs/px4_msgs/msg/detail/aux_global_position__functions.h\n'}
[4.944547] (px4_msgs) StdoutLine: {'line': b'-- Up-to-date symlink: /home/ubuntu/px4_ros2_ws/install/px4_msgs/include/px4_msgs/px4_msgs/msg/detail/aux_global_position__struct.h\n'}
[4.944598] (px4_msgs) StdoutLine: {'line': b'-- Up-to-date symlink: /home/ubuntu/px4_ros2_ws/install/px4_msgs/include/px4_msgs/px4_msgs/msg/detail/aux_global_position__type_support.h\n'}
[4.944653] (px4_msgs) StdoutLine: {'line': b'-- Up-to-date symlink: /home/ubuntu/px4_ros2_ws/install/px4_msgs/include/px4_msgs/px4_msgs/msg/detail/battery_info__functions.h\n'}
[4.944686] (px4_msgs) StdoutLine: {'line': b'-- Up-to-date symlink: /home/ubuntu/px4_ros2_ws/install/px4_msgs/include/px4_msgs/px4_msgs/msg/detail/battery_info__struct.h\n'}
[4.944737] (px4_msgs) StdoutLine: {'line': b'-- Up-to-date symlink: /home/ubuntu/px4_ros2_ws/install/px4_msgs/include/px4_msgs/px4_msgs/msg/detail/battery_info__type_support.h\n'}
[4.944795] (px4_msgs) StdoutLine: {'line': b'-- Up-to-date symlink: /home/ubuntu/px4_ros2_ws/install/px4_msgs/include/px4_msgs/px4_msgs/msg/detail/battery_status__functions.h\n'}
[4.944829] (px4_msgs) StdoutLine: {'line': b'-- Up-to-date symlink: /home/ubuntu/px4_ros2_ws/install/px4_msgs/include/px4_msgs/px4_msgs/msg/detail/battery_status__struct.h\n'}
[4.944880] (px4_msgs) StdoutLine: {'line': b'-- Up-to-date symlink: /home/ubuntu/px4_ros2_ws/install/px4_msgs/include/px4_msgs/px4_msgs/msg/detail/battery_status__type_support.h\n'}
[4.944936] (px4_msgs) StdoutLine: {'line': b'-- Up-to-date symlink: /home/ubuntu/px4_ros2_ws/install/px4_msgs/include/px4_msgs/px4_msgs/msg/detail/button_event__functions.h\n'}
[4.944970] (px4_msgs) StdoutLine: {'line': b'-- Up-to-date symlink: /home/ubuntu/px4_ros2_ws/install/px4_msgs/include/px4_msgs/px4_msgs/msg/detail/button_event__struct.h\n'}
[4.945021] (px4_msgs) StdoutLine: {'line': b'-- Up-to-date symlink: /home/ubuntu/px4_ros2_ws/install/px4_msgs/include/px4_msgs/px4_msgs/msg/detail/button_event__type_support.h\n'}
[4.945076] (px4_msgs) StdoutLine: {'line': b'-- Up-to-date symlink: /home/ubuntu/px4_ros2_ws/install/px4_msgs/include/px4_msgs/px4_msgs/msg/detail/camera_capture__functions.h\n'}
[4.945110] (px4_msgs) StdoutLine: {'line': b'-- Up-to-date symlink: /home/ubuntu/px4_ros2_ws/install/px4_msgs/include/px4_msgs/px4_msgs/msg/detail/camera_capture__struct.h\n'}
[4.945156] (px4_msgs) StdoutLine: {'line': b'-- Up-to-date symlink: /home/ubuntu/px4_ros2_ws/install/px4_msgs/include/px4_msgs/px4_msgs/msg/detail/camera_capture__type_support.h\n'}
[4.945207] (px4_msgs) StdoutLine: {'line': b'-- Up-to-date symlink: /home/ubuntu/px4_ros2_ws/install/px4_msgs/include/px4_msgs/px4_msgs/msg/detail/camera_status__functions.h\n'}
[4.945261] (px4_msgs) StdoutLine: {'line': b'-- Up-to-date symlink: /home/ubuntu/px4_ros2_ws/install/px4_msgs/include/px4_msgs/px4_msgs/msg/detail/camera_status__struct.h\n'}
[4.945295] (px4_msgs) StdoutLine: {'line': b'-- Up-to-date symlink: /home/ubuntu/px4_ros2_ws/install/px4_msgs/include/px4_msgs/px4_msgs/msg/detail/camera_status__type_support.h\n'}
[4.945346] (px4_msgs) StdoutLine: {'line': b'-- Up-to-date symlink: /home/ubuntu/px4_ros2_ws/install/px4_msgs/include/px4_msgs/px4_msgs/msg/detail/camera_trigger__functions.h\n'}
[4.945402] (px4_msgs) StdoutLine: {'line': b'-- Up-to-date symlink: /home/ubuntu/px4_ros2_ws/install/px4_msgs/include/px4_msgs/px4_msgs/msg/detail/camera_trigger__struct.h\n'}
[4.945455] (px4_msgs) StdoutLine: {'line': b'-- Up-to-date symlink: /home/ubuntu/px4_ros2_ws/install/px4_msgs/include/px4_msgs/px4_msgs/msg/detail/camera_trigger__type_support.h\n'}
[4.945496] (px4_msgs) StdoutLine: {'line': b'-- Up-to-date symlink: /home/ubuntu/px4_ros2_ws/install/px4_msgs/include/px4_msgs/px4_msgs/msg/detail/can_interface_status__functions.h\n'}
[4.945559] (px4_msgs) StdoutLine: {'line': b'-- Up-to-date symlink: /home/ubuntu/px4_ros2_ws/install/px4_msgs/include/px4_msgs/px4_msgs/msg/detail/can_interface_status__struct.h\n'}
[4.945615] (px4_msgs) StdoutLine: {'line': b'-- Up-to-date symlink: /home/ubuntu/px4_ros2_ws/install/px4_msgs/include/px4_msgs/px4_msgs/msg/detail/can_interface_status__type_support.h\n'}
[4.945649] (px4_msgs) StdoutLine: {'line': b'-- Up-to-date symlink: /home/ubuntu/px4_ros2_ws/install/px4_msgs/include/px4_msgs/px4_msgs/msg/detail/cellular_status__functions.h\n'}
[4.945706] (px4_msgs) StdoutLine: {'line': b'-- Up-to-date symlink: /home/ubuntu/px4_ros2_ws/install/px4_msgs/include/px4_msgs/px4_msgs/msg/detail/cellular_status__struct.h\n'}
[4.945738] (px4_msgs) StdoutLine: {'line': b'-- Up-to-date symlink: /home/ubuntu/px4_ros2_ws/install/px4_msgs/include/px4_msgs/px4_msgs/msg/detail/cellular_status__type_support.h\n'}
[4.945799] (px4_msgs) StdoutLine: {'line': b'-- Up-to-date symlink: /home/ubuntu/px4_ros2_ws/install/px4_msgs/include/px4_msgs/px4_msgs/msg/detail/collision_constraints__functions.h\n'}
[4.945832] (px4_msgs) StdoutLine: {'line': b'-- Up-to-date symlink: /home/ubuntu/px4_ros2_ws/install/px4_msgs/include/px4_msgs/px4_msgs/msg/detail/collision_constraints__struct.h\n'}
[4.945891] (px4_msgs) StdoutLine: {'line': b'-- Up-to-date symlink: /home/ubuntu/px4_ros2_ws/install/px4_msgs/include/px4_msgs/px4_msgs/msg/detail/collision_constraints__type_support.h\n'}
[4.945925] (px4_msgs) StdoutLine: {'line': b'-- Up-to-date symlink: /home/ubuntu/px4_ros2_ws/install/px4_msgs/include/px4_msgs/px4_msgs/msg/detail/config_overrides__functions.h\n'}
[4.945984] (px4_msgs) StdoutLine: {'line': b'-- Up-to-date symlink: /home/ubuntu/px4_ros2_ws/install/px4_msgs/include/px4_msgs/px4_msgs/msg/detail/config_overrides__struct.h\n'}
[4.946043] (px4_msgs) StdoutLine: {'line': b'-- Up-to-date symlink: /home/ubuntu/px4_ros2_ws/install/px4_msgs/include/px4_msgs/px4_msgs/msg/detail/config_overrides__type_support.h\n'}
[4.946075] (px4_msgs) StdoutLine: {'line': b'-- Up-to-date symlink: /home/ubuntu/px4_ros2_ws/install/px4_msgs/include/px4_msgs/px4_msgs/msg/detail/control_allocator_status__functions.h\n'}
[4.946122] (px4_msgs) StdoutLine: {'line': b'-- Up-to-date symlink: /home/ubuntu/px4_ros2_ws/install/px4_msgs/include/px4_msgs/px4_msgs/msg/detail/control_allocator_status__struct.h\n'}
[4.946153] (px4_msgs) StdoutLine: {'line': b'-- Up-to-date symlink: /home/ubuntu/px4_ros2_ws/install/px4_msgs/include/px4_msgs/px4_msgs/msg/detail/control_allocator_status__type_support.h\n'}
[4.946187] (px4_msgs) StdoutLine: {'line': b'-- Up-to-date symlink: /home/ubuntu/px4_ros2_ws/install/px4_msgs/include/px4_msgs/px4_msgs/msg/detail/cpuload__functions.h\n'}
[4.946253] (px4_msgs) StdoutLine: {'line': b'-- Up-to-date symlink: /home/ubuntu/px4_ros2_ws/install/px4_msgs/include/px4_msgs/px4_msgs/msg/detail/cpuload__struct.h\n'}
[4.946288] (px4_msgs) StdoutLine: {'line': b'-- Up-to-date symlink: /home/ubuntu/px4_ros2_ws/install/px4_msgs/include/px4_msgs/px4_msgs/msg/detail/cpuload__type_support.h\n'}
[4.946320] (px4_msgs) StdoutLine: {'line': b'-- Up-to-date symlink: /home/ubuntu/px4_ros2_ws/install/px4_msgs/include/px4_msgs/px4_msgs/msg/detail/dataman_request__functions.h\n'}
[4.946371] (px4_msgs) StdoutLine: {'line': b'-- Up-to-date symlink: /home/ubuntu/px4_ros2_ws/install/px4_msgs/include/px4_msgs/px4_msgs/msg/detail/dataman_request__struct.h\n'}
[4.946428] (px4_msgs) StdoutLine: {'line': b'-- Up-to-date symlink: /home/ubuntu/px4_ros2_ws/install/px4_msgs/include/px4_msgs/px4_msgs/msg/detail/dataman_request__type_support.h\n'}
[4.946468] (px4_msgs) StdoutLine: {'line': b'-- Up-to-date symlink: /home/ubuntu/px4_ros2_ws/install/px4_msgs/include/px4_msgs/px4_msgs/msg/detail/dataman_response__functions.h\n'}
[4.946523] (px4_msgs) StdoutLine: {'line': b'-- Up-to-date symlink: /home/ubuntu/px4_ros2_ws/install/px4_msgs/include/px4_msgs/px4_msgs/msg/detail/dataman_response__struct.h\n'}
[4.946578] (px4_msgs) StdoutLine: {'line': b'-- Up-to-date symlink: /home/ubuntu/px4_ros2_ws/install/px4_msgs/include/px4_msgs/px4_msgs/msg/detail/dataman_response__type_support.h\n'}
[4.946621] (px4_msgs) StdoutLine: {'line': b'-- Up-to-date symlink: /home/ubuntu/px4_ros2_ws/install/px4_msgs/include/px4_msgs/px4_msgs/msg/detail/debug_array__functions.h\n'}
[4.946680] (px4_msgs) StdoutLine: {'line': b'-- Up-to-date symlink: /home/ubuntu/px4_ros2_ws/install/px4_msgs/include/px4_msgs/px4_msgs/msg/detail/debug_array__struct.h\n'}
[4.946738] (px4_msgs) StdoutLine: {'line': b'-- Up-to-date symlink: /home/ubuntu/px4_ros2_ws/install/px4_msgs/include/px4_msgs/px4_msgs/msg/detail/debug_array__type_support.h\n'}
[4.946778] (px4_msgs) StdoutLine: {'line': b'-- Up-to-date symlink: /home/ubuntu/px4_ros2_ws/install/px4_msgs/include/px4_msgs/px4_msgs/msg/detail/debug_key_value__functions.h\n'}
[4.946866] (px4_msgs) StdoutLine: {'line': b'-- Up-to-date symlink: /home/ubuntu/px4_ros2_ws/install/px4_msgs/include/px4_msgs/px4_msgs/msg/detail/debug_key_value__struct.h\n'}
[4.946903] (px4_msgs) StdoutLine: {'line': b'-- Up-to-date symlink: /home/ubuntu/px4_ros2_ws/install/px4_msgs/include/px4_msgs/px4_msgs/msg/detail/debug_key_value__type_support.h\n'}
[4.946995] (px4_msgs) StdoutLine: {'line': b'-- Up-to-date symlink: /home/ubuntu/px4_ros2_ws/install/px4_msgs/include/px4_msgs/px4_msgs/msg/detail/debug_value__functions.h\n'}
[4.947032] (px4_msgs) StdoutLine: {'line': b'-- Up-to-date symlink: /home/ubuntu/px4_ros2_ws/install/px4_msgs/include/px4_msgs/px4_msgs/msg/detail/debug_value__struct.h\n'}
[4.947099] (px4_msgs) StdoutLine: {'line': b'-- Up-to-date symlink: /home/ubuntu/px4_ros2_ws/install/px4_msgs/include/px4_msgs/px4_msgs/msg/detail/debug_value__type_support.h\n'}
[4.947134] (px4_msgs) StdoutLine: {'line': b'-- Up-to-date symlink: /home/ubuntu/px4_ros2_ws/install/px4_msgs/include/px4_msgs/px4_msgs/msg/detail/debug_vect__functions.h\n'}
[4.947168] (px4_msgs) StdoutLine: {'line': b'-- Up-to-date symlink: /home/ubuntu/px4_ros2_ws/install/px4_msgs/include/px4_msgs/px4_msgs/msg/detail/debug_vect__struct.h\n'}
[4.947228] (px4_msgs) StdoutLine: {'line': b'-- Up-to-date symlink: /home/ubuntu/px4_ros2_ws/install/px4_msgs/include/px4_msgs/px4_msgs/msg/detail/debug_vect__type_support.h\n'}
[4.947264] (px4_msgs) StdoutLine: {'line': b'-- Up-to-date symlink: /home/ubuntu/px4_ros2_ws/install/px4_msgs/include/px4_msgs/px4_msgs/msg/detail/device_information__functions.h\n'}
[4.947330] (px4_msgs) StdoutLine: {'line': b'-- Up-to-date symlink: /home/ubuntu/px4_ros2_ws/install/px4_msgs/include/px4_msgs/px4_msgs/msg/detail/device_information__struct.h\n'}
[4.947386] (px4_msgs) StdoutLine: {'line': b'-- Up-to-date symlink: /home/ubuntu/px4_ros2_ws/install/px4_msgs/include/px4_msgs/px4_msgs/msg/detail/device_information__type_support.h\n'}
[4.947422] (px4_msgs) StdoutLine: {'line': b'-- Up-to-date symlink: /home/ubuntu/px4_ros2_ws/install/px4_msgs/include/px4_msgs/px4_msgs/msg/detail/differential_pressure__functions.h\n'}
[4.947463] (px4_msgs) StdoutLine: {'line': b'-- Up-to-date symlink: /home/ubuntu/px4_ros2_ws/install/px4_msgs/include/px4_msgs/px4_msgs/msg/detail/differential_pressure__struct.h\n'}
[4.947514] (px4_msgs) StdoutLine: {'line': b'-- Up-to-date symlink: /home/ubuntu/px4_ros2_ws/install/px4_msgs/include/px4_msgs/px4_msgs/msg/detail/differential_pressure__type_support.h\n'}
[4.947544] (px4_msgs) StdoutLine: {'line': b'-- Up-to-date symlink: /home/ubuntu/px4_ros2_ws/install/px4_msgs/include/px4_msgs/px4_msgs/msg/detail/distance_sensor__functions.h\n'}
[4.947599] (px4_msgs) StdoutLine: {'line': b'-- Up-to-date symlink: /home/ubuntu/px4_ros2_ws/install/px4_msgs/include/px4_msgs/px4_msgs/msg/detail/distance_sensor__struct.h\n'}
[4.947662] (px4_msgs) StdoutLine: {'line': b'-- Up-to-date symlink: /home/ubuntu/px4_ros2_ws/install/px4_msgs/include/px4_msgs/px4_msgs/msg/detail/distance_sensor__type_support.h\n'}
[4.947706] (px4_msgs) StdoutLine: {'line': b'-- Up-to-date symlink: /home/ubuntu/px4_ros2_ws/install/px4_msgs/include/px4_msgs/px4_msgs/msg/detail/distance_sensor_mode_change_request__functions.h\n'}
[4.947738] (px4_msgs) StdoutLine: {'line': b'-- Up-to-date symlink: /home/ubuntu/px4_ros2_ws/install/px4_msgs/include/px4_msgs/px4_msgs/msg/detail/distance_sensor_mode_change_request__struct.h\n'}
[4.947770] (px4_msgs) StdoutLine: {'line': b'-- Up-to-date symlink: /home/ubuntu/px4_ros2_ws/install/px4_msgs/include/px4_msgs/px4_msgs/msg/detail/distance_sensor_mode_change_request__type_support.h\n'}
[4.947801] (px4_msgs) StdoutLine: {'line': b'-- Up-to-date symlink: /home/ubuntu/px4_ros2_ws/install/px4_msgs/include/px4_msgs/px4_msgs/msg/detail/dronecan_node_status__functions.h\n'}
[4.947852] (px4_msgs) StdoutLine: {'line': b'-- Up-to-date symlink: /home/ubuntu/px4_ros2_ws/install/px4_msgs/include/px4_msgs/px4_msgs/msg/detail/dronecan_node_status__struct.h\n'}
[4.947902] (px4_msgs) StdoutLine: {'line': b'-- Up-to-date symlink: /home/ubuntu/px4_ros2_ws/install/px4_msgs/include/px4_msgs/px4_msgs/msg/detail/dronecan_node_status__type_support.h\n'}
[4.947956] (px4_msgs) StdoutLine: {'line': b'-- Up-to-date symlink: /home/ubuntu/px4_ros2_ws/install/px4_msgs/include/px4_msgs/px4_msgs/msg/detail/ekf2_timestamps__functions.h\n'}
[4.948016] (px4_msgs) StdoutLine: {'line': b'-- Up-to-date symlink: /home/ubuntu/px4_ros2_ws/install/px4_msgs/include/px4_msgs/px4_msgs/msg/detail/ekf2_timestamps__struct.h\n'}
[4.948052] (px4_msgs) StdoutLine: {'line': b'-- Up-to-date symlink: /home/ubuntu/px4_ros2_ws/install/px4_msgs/include/px4_msgs/px4_msgs/msg/detail/ekf2_timestamps__type_support.h\n'}
[4.948181] (px4_msgs) StdoutLine: {'line': b'-- Up-to-date symlink: /home/ubuntu/px4_ros2_ws/install/px4_msgs/include/px4_msgs/px4_msgs/msg/detail/esc_eeprom_read__functions.h\n'}
[4.948229] (px4_msgs) StdoutLine: {'line': b'-- Up-to-date symlink: /home/ubuntu/px4_ros2_ws/install/px4_msgs/include/px4_msgs/px4_msgs/msg/detail/esc_eeprom_read__struct.h\n'}
[4.948276] (px4_msgs) StdoutLine: {'line': b'-- Up-to-date symlink: /home/ubuntu/px4_ros2_ws/install/px4_msgs/include/px4_msgs/px4_msgs/msg/detail/esc_eeprom_read__type_support.h\n'}
[4.948321] (px4_msgs) StdoutLine: {'line': b'-- Up-to-date symlink: /home/ubuntu/px4_ros2_ws/install/px4_msgs/include/px4_msgs/px4_msgs/msg/detail/esc_eeprom_write__functions.h\n'}
[4.948398] (px4_msgs) StdoutLine: {'line': b'-- Up-to-date symlink: /home/ubuntu/px4_ros2_ws/install/px4_msgs/include/px4_msgs/px4_msgs/msg/detail/esc_eeprom_write__struct.h\n'}
[4.948488] (px4_msgs) StdoutLine: {'line': b'-- Up-to-date symlink: /home/ubuntu/px4_ros2_ws/install/px4_msgs/include/px4_msgs/px4_msgs/msg/detail/esc_eeprom_write__type_support.h\n'}
[4.948585] (px4_msgs) StdoutLine: {'line': b'-- Up-to-date symlink: /home/ubuntu/px4_ros2_ws/install/px4_msgs/include/px4_msgs/px4_msgs/msg/detail/esc_report__functions.h\n'}
[4.948641] (px4_msgs) StdoutLine: {'line': b'-- Up-to-date symlink: /home/ubuntu/px4_ros2_ws/install/px4_msgs/include/px4_msgs/px4_msgs/msg/detail/esc_report__struct.h\n'}
[4.948742] (px4_msgs) StdoutLine: {'line': b'-- Up-to-date symlink: /home/ubuntu/px4_ros2_ws/install/px4_msgs/include/px4_msgs/px4_msgs/msg/detail/esc_report__type_support.h\n'}
[4.948781] (px4_msgs) StdoutLine: {'line': b'-- Up-to-date symlink: /home/ubuntu/px4_ros2_ws/install/px4_msgs/include/px4_msgs/px4_msgs/msg/detail/esc_status__functions.h\n'}
[4.948814] (px4_msgs) StdoutLine: {'line': b'-- Up-to-date symlink: /home/ubuntu/px4_ros2_ws/install/px4_msgs/include/px4_msgs/px4_msgs/msg/detail/esc_status__struct.h\n'}
[4.948878] (px4_msgs) StdoutLine: {'line': b'-- Up-to-date symlink: /home/ubuntu/px4_ros2_ws/install/px4_msgs/include/px4_msgs/px4_msgs/msg/detail/esc_status__type_support.h\n'}
[4.948909] (px4_msgs) StdoutLine: {'line': b'-- Up-to-date symlink: /home/ubuntu/px4_ros2_ws/install/px4_msgs/include/px4_msgs/px4_msgs/msg/detail/estimator_aid_source1d__functions.h\n'}
[4.948941] (px4_msgs) StdoutLine: {'line': b'-- Up-to-date symlink: /home/ubuntu/px4_ros2_ws/install/px4_msgs/include/px4_msgs/px4_msgs/msg/detail/estimator_aid_source1d__struct.h\n'}
[4.948971] (px4_msgs) StdoutLine: {'line': b'-- Up-to-date symlink: /home/ubuntu/px4_ros2_ws/install/px4_msgs/include/px4_msgs/px4_msgs/msg/detail/estimator_aid_source1d__type_support.h\n'}
[4.949028] (px4_msgs) StdoutLine: {'line': b'-- Up-to-date symlink: /home/ubuntu/px4_ros2_ws/install/px4_msgs/include/px4_msgs/px4_msgs/msg/detail/estimator_aid_source2d__functions.h\n'}
[4.949059] (px4_msgs) StdoutLine: {'line': b'-- Up-to-date symlink: /home/ubuntu/px4_ros2_ws/install/px4_msgs/include/px4_msgs/px4_msgs/msg/detail/estimator_aid_source2d__struct.h\n'}
[4.949089] (px4_msgs) StdoutLine: {'line': b'-- Up-to-date symlink: /home/ubuntu/px4_ros2_ws/install/px4_msgs/include/px4_msgs/px4_msgs/msg/detail/estimator_aid_source2d__type_support.h\n'}
[4.949157] (px4_msgs) StdoutLine: {'line': b'-- Up-to-date symlink: /home/ubuntu/px4_ros2_ws/install/px4_msgs/include/px4_msgs/px4_msgs/msg/detail/estimator_aid_source3d__functions.h\n'}
[4.949190] (px4_msgs) StdoutLine: {'line': b'-- Up-to-date symlink: /home/ubuntu/px4_ros2_ws/install/px4_msgs/include/px4_msgs/px4_msgs/msg/detail/estimator_aid_source3d__struct.h\n'}
[4.949223] (px4_msgs) StdoutLine: {'line': b'-- Up-to-date symlink: /home/ubuntu/px4_ros2_ws/install/px4_msgs/include/px4_msgs/px4_msgs/msg/detail/estimator_aid_source3d__type_support.h\n'}
[4.949282] (px4_msgs) StdoutLine: {'line': b'-- Up-to-date symlink: /home/ubuntu/px4_ros2_ws/install/px4_msgs/include/px4_msgs/px4_msgs/msg/detail/estimator_bias3d__functions.h\n'}
[4.949317] (px4_msgs) StdoutLine: {'line': b'-- Up-to-date symlink: /home/ubuntu/px4_ros2_ws/install/px4_msgs/include/px4_msgs/px4_msgs/msg/detail/estimator_bias3d__struct.h\n'}
[4.949349] (px4_msgs) StdoutLine: {'line': b'-- Up-to-date symlink: /home/ubuntu/px4_ros2_ws/install/px4_msgs/include/px4_msgs/px4_msgs/msg/detail/estimator_bias3d__type_support.h\n'}
[4.949405] (px4_msgs) StdoutLine: {'line': b'-- Up-to-date symlink: /home/ubuntu/px4_ros2_ws/install/px4_msgs/include/px4_msgs/px4_msgs/msg/detail/estimator_bias__functions.h\n'}
[4.949441] (px4_msgs) StdoutLine: {'line': b'-- Up-to-date symlink: /home/ubuntu/px4_ros2_ws/install/px4_msgs/include/px4_msgs/px4_msgs/msg/detail/estimator_bias__struct.h\n'}
[4.949513] (px4_msgs) StdoutLine: {'line': b'-- Up-to-date symlink: /home/ubuntu/px4_ros2_ws/install/px4_msgs/include/px4_msgs/px4_msgs/msg/detail/estimator_bias__type_support.h\n'}
[4.949597] (px4_msgs) StdoutLine: {'line': b'-- Up-to-date symlink: /home/ubuntu/px4_ros2_ws/install/px4_msgs/include/px4_msgs/px4_msgs/msg/detail/estimator_event_flags__functions.h\n'}
[4.949628] (px4_msgs) StdoutLine: {'line': b'-- Up-to-date symlink: /home/ubuntu/px4_ros2_ws/install/px4_msgs/include/px4_msgs/px4_msgs/msg/detail/estimator_event_flags__struct.h\n'}
[4.949675] (px4_msgs) StdoutLine: {'line': b'-- Up-to-date symlink: /home/ubuntu/px4_ros2_ws/install/px4_msgs/include/px4_msgs/px4_msgs/msg/detail/estimator_event_flags__type_support.h\n'}
[4.949706] (px4_msgs) StdoutLine: {'line': b'-- Up-to-date symlink: /home/ubuntu/px4_ros2_ws/install/px4_msgs/include/px4_msgs/px4_msgs/msg/detail/estimator_fusion_control__functions.h\n'}
[4.949779] (px4_msgs) StdoutLine: {'line': b'-- Up-to-date symlink: /home/ubuntu/px4_ros2_ws/install/px4_msgs/include/px4_msgs/px4_msgs/msg/detail/estimator_fusion_control__struct.h\n'}
[4.949806] (px4_msgs) StdoutLine: {'line': b'-- Up-to-date symlink: /home/ubuntu/px4_ros2_ws/install/px4_msgs/include/px4_msgs/px4_msgs/msg/detail/estimator_fusion_control__type_support.h\n'}
[4.949835] (px4_msgs) StdoutLine: {'line': b'-- Up-to-date symlink: /home/ubuntu/px4_ros2_ws/install/px4_msgs/include/px4_msgs/px4_msgs/msg/detail/estimator_gps_status__functions.h\n'}
[4.949867] (px4_msgs) StdoutLine: {'line': b'-- Up-to-date symlink: /home/ubuntu/px4_ros2_ws/install/px4_msgs/include/px4_msgs/px4_msgs/msg/detail/estimator_gps_status__struct.h\n'}
[4.949897] (px4_msgs) StdoutLine: {'line': b'-- Up-to-date symlink: /home/ubuntu/px4_ros2_ws/install/px4_msgs/include/px4_msgs/px4_msgs/msg/detail/estimator_gps_status__type_support.h\n'}
[4.949948] (px4_msgs) StdoutLine: {'line': b'-- Up-to-date symlink: /home/ubuntu/px4_ros2_ws/install/px4_msgs/include/px4_msgs/px4_msgs/msg/detail/estimator_innovations__functions.h\n'}
[4.950010] (px4_msgs) StdoutLine: {'line': b'-- Up-to-date symlink: /home/ubuntu/px4_ros2_ws/install/px4_msgs/include/px4_msgs/px4_msgs/msg/detail/estimator_innovations__struct.h\n'}
[4.950044] (px4_msgs) StdoutLine: {'line': b'-- Up-to-date symlink: /home/ubuntu/px4_ros2_ws/install/px4_msgs/include/px4_msgs/px4_msgs/msg/detail/estimator_innovations__type_support.h\n'}
[4.950075] (px4_msgs) StdoutLine: {'line': b'-- Up-to-date symlink: /home/ubuntu/px4_ros2_ws/install/px4_msgs/include/px4_msgs/px4_msgs/msg/detail/estimator_selector_status__functions.h\n'}
[4.950126] (px4_msgs) StdoutLine: {'line': b'-- Up-to-date symlink: /home/ubuntu/px4_ros2_ws/install/px4_msgs/include/px4_msgs/px4_msgs/msg/detail/estimator_selector_status__struct.h\n'}
[4.950181] (px4_msgs) StdoutLine: {'line': b'-- Up-to-date symlink: /home/ubuntu/px4_ros2_ws/install/px4_msgs/include/px4_msgs/px4_msgs/msg/detail/estimator_selector_status__type_support.h\n'}
[4.950215] (px4_msgs) StdoutLine: {'line': b'-- Up-to-date symlink: /home/ubuntu/px4_ros2_ws/install/px4_msgs/include/px4_msgs/px4_msgs/msg/detail/estimator_sensor_bias__functions.h\n'}
[4.950274] (px4_msgs) StdoutLine: {'line': b'-- Up-to-date symlink: /home/ubuntu/px4_ros2_ws/install/px4_msgs/include/px4_msgs/px4_msgs/msg/detail/estimator_sensor_bias__struct.h\n'}
[4.950305] (px4_msgs) StdoutLine: {'line': b'-- Up-to-date symlink: /home/ubuntu/px4_ros2_ws/install/px4_msgs/include/px4_msgs/px4_msgs/msg/detail/estimator_sensor_bias__type_support.h\n'}
[4.950363] (px4_msgs) StdoutLine: {'line': b'-- Up-to-date symlink: /home/ubuntu/px4_ros2_ws/install/px4_msgs/include/px4_msgs/px4_msgs/msg/detail/estimator_states__functions.h\n'}
[4.950396] (px4_msgs) StdoutLine: {'line': b'-- Up-to-date symlink: /home/ubuntu/px4_ros2_ws/install/px4_msgs/include/px4_msgs/px4_msgs/msg/detail/estimator_states__struct.h\n'}
[4.950441] (px4_msgs) StdoutLine: {'line': b'-- Up-to-date symlink: /home/ubuntu/px4_ros2_ws/install/px4_msgs/include/px4_msgs/px4_msgs/msg/detail/estimator_states__type_support.h\n'}
[4.950505] (px4_msgs) StdoutLine: {'line': b'-- Up-to-date symlink: /home/ubuntu/px4_ros2_ws/install/px4_msgs/include/px4_msgs/px4_msgs/msg/detail/estimator_status__functions.h\n'}
[4.950539] (px4_msgs) StdoutLine: {'line': b'-- Up-to-date symlink: /home/ubuntu/px4_ros2_ws/install/px4_msgs/include/px4_msgs/px4_msgs/msg/detail/estimator_status__struct.h\n'}
[4.950594] (px4_msgs) StdoutLine: {'line': b'-- Up-to-date symlink: /home/ubuntu/px4_ros2_ws/install/px4_msgs/include/px4_msgs/px4_msgs/msg/detail/estimator_status__type_support.h\n'}
[4.950645] (px4_msgs) StdoutLine: {'line': b'-- Up-to-date symlink: /home/ubuntu/px4_ros2_ws/install/px4_msgs/include/px4_msgs/px4_msgs/msg/detail/estimator_status_flags__functions.h\n'}
[4.950678] (px4_msgs) StdoutLine: {'line': b'-- Up-to-date symlink: /home/ubuntu/px4_ros2_ws/install/px4_msgs/include/px4_msgs/px4_msgs/msg/detail/estimator_status_flags__struct.h\n'}
[4.950745] (px4_msgs) StdoutLine: {'line': b'-- Up-to-date symlink: /home/ubuntu/px4_ros2_ws/install/px4_msgs/include/px4_msgs/px4_msgs/msg/detail/estimator_status_flags__type_support.h\n'}
[4.950778] (px4_msgs) StdoutLine: {'line': b'-- Up-to-date symlink: /home/ubuntu/px4_ros2_ws/install/px4_msgs/include/px4_msgs/px4_msgs/msg/detail/event__functions.h\n'}
[4.950810] (px4_msgs) StdoutLine: {'line': b'-- Up-to-date symlink: /home/ubuntu/px4_ros2_ws/install/px4_msgs/include/px4_msgs/px4_msgs/msg/detail/event__struct.h\n'}
[4.950855] (px4_msgs) StdoutLine: {'line': b'-- Up-to-date symlink: /home/ubuntu/px4_ros2_ws/install/px4_msgs/include/px4_msgs/px4_msgs/msg/detail/event__type_support.h\n'}
[4.950905] (px4_msgs) StdoutLine: {'line': b'-- Up-to-date symlink: /home/ubuntu/px4_ros2_ws/install/px4_msgs/include/px4_msgs/px4_msgs/msg/detail/failsafe_flags__functions.h\n'}
[4.950958] (px4_msgs) StdoutLine: {'line': b'-- Up-to-date symlink: /home/ubuntu/px4_ros2_ws/install/px4_msgs/include/px4_msgs/px4_msgs/msg/detail/failsafe_flags__struct.h\n'}
[4.951011] (px4_msgs) StdoutLine: {'line': b'-- Up-to-date symlink: /home/ubuntu/px4_ros2_ws/install/px4_msgs/include/px4_msgs/px4_msgs/msg/detail/failsafe_flags__type_support.h\n'}
[4.951068] (px4_msgs) StdoutLine: {'line': b'-- Up-to-date symlink: /home/ubuntu/px4_ros2_ws/install/px4_msgs/include/px4_msgs/px4_msgs/msg/detail/failure_detector_status__functions.h\n'}
[4.951132] (px4_msgs) StdoutLine: {'line': b'-- Up-to-date symlink: /home/ubuntu/px4_ros2_ws/install/px4_msgs/include/px4_msgs/px4_msgs/msg/detail/failure_detector_status__struct.h\n'}
[4.951197] (px4_msgs) StdoutLine: {'line': b'-- Up-to-date symlink: /home/ubuntu/px4_ros2_ws/install/px4_msgs/include/px4_msgs/px4_msgs/msg/detail/failure_detector_status__type_support.h\n'}
[4.951233] (px4_msgs) StdoutLine: {'line': b'-- Up-to-date symlink: /home/ubuntu/px4_ros2_ws/install/px4_msgs/include/px4_msgs/px4_msgs/msg/detail/failure_injection__functions.h\n'}
[4.951284] (px4_msgs) StdoutLine: {'line': b'-- Up-to-date symlink: /home/ubuntu/px4_ros2_ws/install/px4_msgs/include/px4_msgs/px4_msgs/msg/detail/failure_injection__struct.h\n'}
[4.951338] (px4_msgs) StdoutLine: {'line': b'-- Up-to-date symlink: /home/ubuntu/px4_ros2_ws/install/px4_msgs/include/px4_msgs/px4_msgs/msg/detail/failure_injection__type_support.h\n'}
[4.951370] (px4_msgs) StdoutLine: {'line': b'-- Up-to-date symlink: /home/ubuntu/px4_ros2_ws/install/px4_msgs/include/px4_msgs/px4_msgs/msg/detail/fiducial_marker_pos_report__functions.h\n'}
[4.951422] (px4_msgs) StdoutLine: {'line': b'-- Up-to-date symlink: /home/ubuntu/px4_ros2_ws/install/px4_msgs/include/px4_msgs/px4_msgs/msg/detail/fiducial_marker_pos_report__struct.h\n'}
[4.951476] (px4_msgs) StdoutLine: {'line': b'-- Up-to-date symlink: /home/ubuntu/px4_ros2_ws/install/px4_msgs/include/px4_msgs/px4_msgs/msg/detail/fiducial_marker_pos_report__type_support.h\n'}
[4.951535] (px4_msgs) StdoutLine: {'line': b'-- Up-to-date symlink: /home/ubuntu/px4_ros2_ws/install/px4_msgs/include/px4_msgs/px4_msgs/msg/detail/fiducial_marker_yaw_report__functions.h\n'}
[4.951570] (px4_msgs) StdoutLine: {'line': b'-- Up-to-date symlink: /home/ubuntu/px4_ros2_ws/install/px4_msgs/include/px4_msgs/px4_msgs/msg/detail/fiducial_marker_yaw_report__struct.h\n'}
[4.951647] (px4_msgs) StdoutLine: {'line': b'-- Up-to-date symlink: /home/ubuntu/px4_ros2_ws/install/px4_msgs/include/px4_msgs/px4_msgs/msg/detail/fiducial_marker_yaw_report__type_support.h\n'}
[4.951701] (px4_msgs) StdoutLine: {'line': b'-- Up-to-date symlink: /home/ubuntu/px4_ros2_ws/install/px4_msgs/include/px4_msgs/px4_msgs/msg/detail/figure_eight_status__functions.h\n'}
[4.951734] (px4_msgs) StdoutLine: {'line': b'-- Up-to-date symlink: /home/ubuntu/px4_ros2_ws/install/px4_msgs/include/px4_msgs/px4_msgs/msg/detail/figure_eight_status__struct.h\n'}
[4.951783] (px4_msgs) StdoutLine: {'line': b'-- Up-to-date symlink: /home/ubuntu/px4_ros2_ws/install/px4_msgs/include/px4_msgs/px4_msgs/msg/detail/figure_eight_status__type_support.h\n'}
[4.951837] (px4_msgs) StdoutLine: {'line': b'-- Up-to-date symlink: /home/ubuntu/px4_ros2_ws/install/px4_msgs/include/px4_msgs/px4_msgs/msg/detail/fixed_wing_lateral_guidance_status__functions.h\n'}
[4.951868] (px4_msgs) StdoutLine: {'line': b'-- Up-to-date symlink: /home/ubuntu/px4_ros2_ws/install/px4_msgs/include/px4_msgs/px4_msgs/msg/detail/fixed_wing_lateral_guidance_status__struct.h\n'}
[4.951927] (px4_msgs) StdoutLine: {'line': b'-- Up-to-date symlink: /home/ubuntu/px4_ros2_ws/install/px4_msgs/include/px4_msgs/px4_msgs/msg/detail/fixed_wing_lateral_guidance_status__type_support.h\n'}
[4.951955] (px4_msgs) StdoutLine: {'line': b'-- Up-to-date symlink: /home/ubuntu/px4_ros2_ws/install/px4_msgs/include/px4_msgs/px4_msgs/msg/detail/fixed_wing_lateral_setpoint__functions.h\n'}
[4.951984] (px4_msgs) StdoutLine: {'line': b'-- Up-to-date symlink: /home/ubuntu/px4_ros2_ws/install/px4_msgs/include/px4_msgs/px4_msgs/msg/detail/fixed_wing_lateral_setpoint__struct.h\n'}
[4.952069] (px4_msgs) StdoutLine: {'line': b'-- Up-to-date symlink: /home/ubuntu/px4_ros2_ws/install/px4_msgs/include/px4_msgs/px4_msgs/msg/detail/fixed_wing_lateral_setpoint__type_support.h\n'}
[4.952258] (px4_msgs) StdoutLine: {'line': b'-- Up-to-date symlink: /home/ubuntu/px4_ros2_ws/install/px4_msgs/include/px4_msgs/px4_msgs/msg/detail/fixed_wing_lateral_status__functions.h\n'}
[4.952373] (px4_msgs) StdoutLine: {'line': b'-- Up-to-date symlink: /home/ubuntu/px4_ros2_ws/install/px4_msgs/include/px4_msgs/px4_msgs/msg/detail/fixed_wing_lateral_status__struct.h\n'}
[4.952471] (px4_msgs) StdoutLine: {'line': b'-- Up-to-date symlink: /home/ubuntu/px4_ros2_ws/install/px4_msgs/include/px4_msgs/px4_msgs/msg/detail/fixed_wing_lateral_status__type_support.h\n'}
[4.952648] (px4_msgs) StdoutLine: {'line': b'-- Up-to-date symlink: /home/ubuntu/px4_ros2_ws/install/px4_msgs/include/px4_msgs/px4_msgs/msg/detail/fixed_wing_longitudinal_setpoint__functions.h\n'}
[4.952733] (px4_msgs) StdoutLine: {'line': b'-- Up-to-date symlink: /home/ubuntu/px4_ros2_ws/install/px4_msgs/include/px4_msgs/px4_msgs/msg/detail/fixed_wing_longitudinal_setpoint__struct.h\n'}
[4.952814] (px4_msgs) StdoutLine: {'line': b'-- Up-to-date symlink: /home/ubuntu/px4_ros2_ws/install/px4_msgs/include/px4_msgs/px4_msgs/msg/detail/fixed_wing_longitudinal_setpoint__type_support.h\n'}
[4.952893] (px4_msgs) StdoutLine: {'line': b'-- Up-to-date symlink: /home/ubuntu/px4_ros2_ws/install/px4_msgs/include/px4_msgs/px4_msgs/msg/detail/fixed_wing_runway_control__functions.h\n'}
[4.952974] (px4_msgs) StdoutLine: {'line': b'-- Up-to-date symlink: /home/ubuntu/px4_ros2_ws/install/px4_msgs/include/px4_msgs/px4_msgs/msg/detail/fixed_wing_runway_control__struct.h\n'}
[4.953111] (px4_msgs) StdoutLine: {'line': b'-- Up-to-date symlink: /home/ubuntu/px4_ros2_ws/install/px4_msgs/include/px4_msgs/px4_msgs/msg/detail/fixed_wing_runway_control__type_support.h\n'}
[4.953190] (px4_msgs) StdoutLine: {'line': b'-- Up-to-date symlink: /home/ubuntu/px4_ros2_ws/install/px4_msgs/include/px4_msgs/px4_msgs/msg/detail/flight_phase_estimation__functions.h\n'}
[4.953266] (px4_msgs) StdoutLine: {'line': b'-- Up-to-date symlink: /home/ubuntu/px4_ros2_ws/install/px4_msgs/include/px4_msgs/px4_msgs/msg/detail/flight_phase_estimation__struct.h\n'}
[4.953343] (px4_msgs) StdoutLine: {'line': b'-- Up-to-date symlink: /home/ubuntu/px4_ros2_ws/install/px4_msgs/include/px4_msgs/px4_msgs/msg/detail/flight_phase_estimation__type_support.h\n'}
[4.953423] (px4_msgs) StdoutLine: {'line': b'-- Up-to-date symlink: /home/ubuntu/px4_ros2_ws/install/px4_msgs/include/px4_msgs/px4_msgs/msg/detail/follow_target__functions.h\n'}
[4.953570] (px4_msgs) StdoutLine: {'line': b'-- Up-to-date symlink: /home/ubuntu/px4_ros2_ws/install/px4_msgs/include/px4_msgs/px4_msgs/msg/detail/follow_target__struct.h\n'}
[4.953725] (px4_msgs) StdoutLine: {'line': b'-- Up-to-date symlink: /home/ubuntu/px4_ros2_ws/install/px4_msgs/include/px4_msgs/px4_msgs/msg/detail/follow_target__type_support.h\n'}
[4.953845] (px4_msgs) StdoutLine: {'line': b'-- Up-to-date symlink: /home/ubuntu/px4_ros2_ws/install/px4_msgs/include/px4_msgs/px4_msgs/msg/detail/follow_target_estimator__functions.h\n'}
[4.953972] (px4_msgs) StdoutLine: {'line': b'-- Up-to-date symlink: /home/ubuntu/px4_ros2_ws/install/px4_msgs/include/px4_msgs/px4_msgs/msg/detail/follow_target_estimator__struct.h\n'}
[4.954088] (px4_msgs) StdoutLine: {'line': b'-- Up-to-date symlink: /home/ubuntu/px4_ros2_ws/install/px4_msgs/include/px4_msgs/px4_msgs/msg/detail/follow_target_estimator__type_support.h\n'}
[4.954231] (px4_msgs) StdoutLine: {'line': b'-- Up-to-date symlink: /home/ubuntu/px4_ros2_ws/install/px4_msgs/include/px4_msgs/px4_msgs/msg/detail/follow_target_status__functions.h\n'}
[4.954388] (px4_msgs) StdoutLine: {'line': b'-- Up-to-date symlink: /home/ubuntu/px4_ros2_ws/install/px4_msgs/include/px4_msgs/px4_msgs/msg/detail/follow_target_status__struct.h\n'}
[4.954640] (px4_msgs) StdoutLine: {'line': b'-- Up-to-date symlink: /home/ubuntu/px4_ros2_ws/install/px4_msgs/include/px4_msgs/px4_msgs/msg/detail/follow_target_status__type_support.h\n'}
[4.954827] (px4_msgs) StdoutLine: {'line': b'-- Up-to-date symlink: /home/ubuntu/px4_ros2_ws/install/px4_msgs/include/px4_msgs/px4_msgs/msg/detail/fuel_tank_status__functions.h\n'}
[4.954970] (px4_msgs) StdoutLine: {'line': b'-- Up-to-date symlink: /home/ubuntu/px4_ros2_ws/install/px4_msgs/include/px4_msgs/px4_msgs/msg/detail/fuel_tank_status__struct.h\n'}
[4.955134] (px4_msgs) StdoutLine: {'line': b'-- Up-to-date symlink: /home/ubuntu/px4_ros2_ws/install/px4_msgs/include/px4_msgs/px4_msgs/msg/detail/fuel_tank_status__type_support.h\n'}
[4.955363] (px4_msgs) StdoutLine: {'line': b'-- Up-to-date symlink: /home/ubuntu/px4_ros2_ws/install/px4_msgs/include/px4_msgs/px4_msgs/msg/detail/gain_compression__functions.h\n'}
[4.955488] (px4_msgs) StdoutLine: {'line': b'-- Up-to-date symlink: /home/ubuntu/px4_ros2_ws/install/px4_msgs/include/px4_msgs/px4_msgs/msg/detail/gain_compression__struct.h\n'}
[4.955610] (px4_msgs) StdoutLine: {'line': b'-- Up-to-date symlink: /home/ubuntu/px4_ros2_ws/install/px4_msgs/include/px4_msgs/px4_msgs/msg/detail/gain_compression__type_support.h\n'}
[4.955724] (px4_msgs) StdoutLine: {'line': b'-- Up-to-date symlink: /home/ubuntu/px4_ros2_ws/install/px4_msgs/include/px4_msgs/px4_msgs/msg/detail/generator_status__functions.h\n'}
[4.955846] (px4_msgs) StdoutLine: {'line': b'-- Up-to-date symlink: /home/ubuntu/px4_ros2_ws/install/px4_msgs/include/px4_msgs/px4_msgs/msg/detail/generator_status__struct.h\n'}
[4.955951] (px4_msgs) StdoutLine: {'line': b'-- Up-to-date symlink: /home/ubuntu/px4_ros2_ws/install/px4_msgs/include/px4_msgs/px4_msgs/msg/detail/generator_status__type_support.h\n'}
[4.956061] (px4_msgs) StdoutLine: {'line': b'-- Up-to-date symlink: /home/ubuntu/px4_ros2_ws/install/px4_msgs/include/px4_msgs/px4_msgs/msg/detail/geofence_result__functions.h\n'}
[4.956174] (px4_msgs) StdoutLine: {'line': b'-- Up-to-date symlink: /home/ubuntu/px4_ros2_ws/install/px4_msgs/include/px4_msgs/px4_msgs/msg/detail/geofence_result__struct.h\n'}
[4.956274] (px4_msgs) StdoutLine: {'line': b'-- Up-to-date symlink: /home/ubuntu/px4_ros2_ws/install/px4_msgs/include/px4_msgs/px4_msgs/msg/detail/geofence_result__type_support.h\n'}
[4.956376] (px4_msgs) StdoutLine: {'line': b'-- Up-to-date symlink: /home/ubuntu/px4_ros2_ws/install/px4_msgs/include/px4_msgs/px4_msgs/msg/detail/geofence_status__functions.h\n'}
[4.956500] (px4_msgs) StdoutLine: {'line': b'-- Up-to-date symlink: /home/ubuntu/px4_ros2_ws/install/px4_msgs/include/px4_msgs/px4_msgs/msg/detail/geofence_status__struct.h\n'}
[4.956644] (px4_msgs) StdoutLine: {'line': b'-- Up-to-date symlink: /home/ubuntu/px4_ros2_ws/install/px4_msgs/include/px4_msgs/px4_msgs/msg/detail/geofence_status__type_support.h\n'}
[4.956958] (px4_msgs) StdoutLine: {'line': b'-- Up-to-date symlink: /home/ubuntu/px4_ros2_ws/install/px4_msgs/include/px4_msgs/px4_msgs/msg/detail/gimbal_controls__functions.h\n'}
[4.957083] (px4_msgs) StdoutLine: {'line': b'-- Up-to-date symlink: /home/ubuntu/px4_ros2_ws/install/px4_msgs/include/px4_msgs/px4_msgs/msg/detail/gimbal_controls__struct.h\n'}
[4.957194] (px4_msgs) StdoutLine: {'line': b'-- Up-to-date symlink: /home/ubuntu/px4_ros2_ws/install/px4_msgs/include/px4_msgs/px4_msgs/msg/detail/gimbal_controls__type_support.h\n'}
[4.957302] (px4_msgs) StdoutLine: {'line': b'-- Up-to-date symlink: /home/ubuntu/px4_ros2_ws/install/px4_msgs/include/px4_msgs/px4_msgs/msg/detail/gimbal_device_attitude_status__functions.h\n'}
[4.957412] (px4_msgs) StdoutLine: {'line': b'-- Up-to-date symlink: /home/ubuntu/px4_ros2_ws/install/px4_msgs/include/px4_msgs/px4_msgs/msg/detail/gimbal_device_attitude_status__struct.h\n'}
[4.957554] (px4_msgs) StdoutLine: {'line': b'-- Up-to-date symlink: /home/ubuntu/px4_ros2_ws/install/px4_msgs/include/px4_msgs/px4_msgs/msg/detail/gimbal_device_attitude_status__type_support.h\n'}
[4.957659] (px4_msgs) StdoutLine: {'line': b'-- Up-to-date symlink: /home/ubuntu/px4_ros2_ws/install/px4_msgs/include/px4_msgs/px4_msgs/msg/detail/gimbal_device_information__functions.h\n'}
[4.957796] (px4_msgs) StdoutLine: {'line': b'-- Up-to-date symlink: /home/ubuntu/px4_ros2_ws/install/px4_msgs/include/px4_msgs/px4_msgs/msg/detail/gimbal_device_information__struct.h\n'}
[4.957908] (px4_msgs) StdoutLine: {'line': b'-- Up-to-date symlink: /home/ubuntu/px4_ros2_ws/install/px4_msgs/include/px4_msgs/px4_msgs/msg/detail/gimbal_device_information__type_support.h\n'}
[4.958022] (px4_msgs) StdoutLine: {'line': b'-- Up-to-date symlink: /home/ubuntu/px4_ros2_ws/install/px4_msgs/include/px4_msgs/px4_msgs/msg/detail/gimbal_device_set_attitude__functions.h\n'}
[4.958123] (px4_msgs) StdoutLine: {'line': b'-- Up-to-date symlink: /home/ubuntu/px4_ros2_ws/install/px4_msgs/include/px4_msgs/px4_msgs/msg/detail/gimbal_device_set_attitude__struct.h\n'}
[4.958234] (px4_msgs) StdoutLine: {'line': b'-- Up-to-date symlink: /home/ubuntu/px4_ros2_ws/install/px4_msgs/include/px4_msgs/px4_msgs/msg/detail/gimbal_device_set_attitude__type_support.h\n'}
[4.958361] (px4_msgs) StdoutLine: {'line': b'-- Up-to-date symlink: /home/ubuntu/px4_ros2_ws/install/px4_msgs/include/px4_msgs/px4_msgs/msg/detail/gimbal_manager_information__functions.h\n'}
[4.958465] (px4_msgs) StdoutLine: {'line': b'-- Up-to-date symlink: /home/ubuntu/px4_ros2_ws/install/px4_msgs/include/px4_msgs/px4_msgs/msg/detail/gimbal_manager_information__struct.h\n'}
[4.958570] (px4_msgs) StdoutLine: {'line': b'-- Up-to-date symlink: /home/ubuntu/px4_ros2_ws/install/px4_msgs/include/px4_msgs/px4_msgs/msg/detail/gimbal_manager_information__type_support.h\n'}
[4.958679] (px4_msgs) StdoutLine: {'line': b'-- Up-to-date symlink: /home/ubuntu/px4_ros2_ws/install/px4_msgs/include/px4_msgs/px4_msgs/msg/detail/gimbal_manager_set_attitude__functions.h\n'}
[4.958778] (px4_msgs) StdoutLine: {'line': b'-- Up-to-date symlink: /home/ubuntu/px4_ros2_ws/install/px4_msgs/include/px4_msgs/px4_msgs/msg/detail/gimbal_manager_set_attitude__struct.h\n'}
[4.958881] (px4_msgs) StdoutLine: {'line': b'-- Up-to-date symlink: /home/ubuntu/px4_ros2_ws/install/px4_msgs/include/px4_msgs/px4_msgs/msg/detail/gimbal_manager_set_attitude__type_support.h\n'}
[4.958982] (px4_msgs) StdoutLine: {'line': b'-- Up-to-date symlink: /home/ubuntu/px4_ros2_ws/install/px4_msgs/include/px4_msgs/px4_msgs/msg/detail/gimbal_manager_set_manual_control__functions.h\n'}
[4.959087] (px4_msgs) StdoutLine: {'line': b'-- Up-to-date symlink: /home/ubuntu/px4_ros2_ws/install/px4_msgs/include/px4_msgs/px4_msgs/msg/detail/gimbal_manager_set_manual_control__struct.h\n'}
[4.959189] (px4_msgs) StdoutLine: {'line': b'-- Up-to-date symlink: /home/ubuntu/px4_ros2_ws/install/px4_msgs/include/px4_msgs/px4_msgs/msg/detail/gimbal_manager_set_manual_control__type_support.h\n'}
[4.959306] (px4_msgs) StdoutLine: {'line': b'-- Up-to-date symlink: /home/ubuntu/px4_ros2_ws/install/px4_msgs/include/px4_msgs/px4_msgs/msg/detail/gimbal_manager_status__functions.h\n'}
[4.959438] (px4_msgs) StdoutLine: {'line': b'-- Up-to-date symlink: /home/ubuntu/px4_ros2_ws/install/px4_msgs/include/px4_msgs/px4_msgs/msg/detail/gimbal_manager_status__struct.h\n'}
[4.959554] (px4_msgs) StdoutLine: {'line': b'-- Up-to-date symlink: /home/ubuntu/px4_ros2_ws/install/px4_msgs/include/px4_msgs/px4_msgs/msg/detail/gimbal_manager_status__type_support.h\n'}
[4.959671] (px4_msgs) StdoutLine: {'line': b'-- Up-to-date symlink: /home/ubuntu/px4_ros2_ws/install/px4_msgs/include/px4_msgs/px4_msgs/msg/detail/goto_setpoint__functions.h\n'}
[4.959764] (px4_msgs) StdoutLine: {'line': b'-- Up-to-date symlink: /home/ubuntu/px4_ros2_ws/install/px4_msgs/include/px4_msgs/px4_msgs/msg/detail/goto_setpoint__struct.h\n'}
[4.959867] (px4_msgs) StdoutLine: {'line': b'-- Up-to-date symlink: /home/ubuntu/px4_ros2_ws/install/px4_msgs/include/px4_msgs/px4_msgs/msg/detail/goto_setpoint__type_support.h\n'}
[4.959970] (px4_msgs) StdoutLine: {'line': b'-- Up-to-date symlink: /home/ubuntu/px4_ros2_ws/install/px4_msgs/include/px4_msgs/px4_msgs/msg/detail/gpio_config__functions.h\n'}
[4.960076] (px4_msgs) StdoutLine: {'line': b'-- Up-to-date symlink: /home/ubuntu/px4_ros2_ws/install/px4_msgs/include/px4_msgs/px4_msgs/msg/detail/gpio_config__struct.h\n'}
[4.960188] (px4_msgs) StdoutLine: {'line': b'-- Up-to-date symlink: /home/ubuntu/px4_ros2_ws/install/px4_msgs/include/px4_msgs/px4_msgs/msg/detail/gpio_config__type_support.h\n'}
[4.960288] (px4_msgs) StdoutLine: {'line': b'-- Up-to-date symlink: /home/ubuntu/px4_ros2_ws/install/px4_msgs/include/px4_msgs/px4_msgs/msg/detail/gpio_in__functions.h\n'}
[4.960385] (px4_msgs) StdoutLine: {'line': b'-- Up-to-date symlink: /home/ubuntu/px4_ros2_ws/install/px4_msgs/include/px4_msgs/px4_msgs/msg/detail/gpio_in__struct.h\n'}
[4.960499] (px4_msgs) StdoutLine: {'line': b'-- Up-to-date symlink: /home/ubuntu/px4_ros2_ws/install/px4_msgs/include/px4_msgs/px4_msgs/msg/detail/gpio_in__type_support.h\n'}
[4.960607] (px4_msgs) StdoutLine: {'line': b'-- Up-to-date symlink: /home/ubuntu/px4_ros2_ws/install/px4_msgs/include/px4_msgs/px4_msgs/msg/detail/gpio_out__functions.h\n'}
[4.960709] (px4_msgs) StdoutLine: {'line': b'-- Up-to-date symlink: /home/ubuntu/px4_ros2_ws/install/px4_msgs/include/px4_msgs/px4_msgs/msg/detail/gpio_out__struct.h\n'}
[4.960819] (px4_msgs) StdoutLine: {'line': b'-- Up-to-date symlink: /home/ubuntu/px4_ros2_ws/install/px4_msgs/include/px4_msgs/px4_msgs/msg/detail/gpio_out__type_support.h\n'}
[4.960899] (px4_msgs) StdoutLine: {'line': b'-- Up-to-date symlink: /home/ubuntu/px4_ros2_ws/install/px4_msgs/include/px4_msgs/px4_msgs/msg/detail/gpio_request__functions.h\n'}
[4.961042] (px4_msgs) StdoutLine: {'line': b'-- Up-to-date symlink: /home/ubuntu/px4_ros2_ws/install/px4_msgs/include/px4_msgs/px4_msgs/msg/detail/gpio_request__struct.h\n'}
[4.961141] (px4_msgs) StdoutLine: {'line': b'-- Up-to-date symlink: /home/ubuntu/px4_ros2_ws/install/px4_msgs/include/px4_msgs/px4_msgs/msg/detail/gpio_request__type_support.h\n'}
[4.961275] (px4_msgs) StdoutLine: {'line': b'-- Up-to-date symlink: /home/ubuntu/px4_ros2_ws/install/px4_msgs/include/px4_msgs/px4_msgs/msg/detail/gps_dump__functions.h\n'}
[4.961373] (px4_msgs) StdoutLine: {'line': b'-- Up-to-date symlink: /home/ubuntu/px4_ros2_ws/install/px4_msgs/include/px4_msgs/px4_msgs/msg/detail/gps_dump__struct.h\n'}
[4.961457] (px4_msgs) StdoutLine: {'line': b'-- Up-to-date symlink: /home/ubuntu/px4_ros2_ws/install/px4_msgs/include/px4_msgs/px4_msgs/msg/detail/gps_dump__type_support.h\n'}
[4.961589] (px4_msgs) StdoutLine: {'line': b'-- Up-to-date symlink: /home/ubuntu/px4_ros2_ws/install/px4_msgs/include/px4_msgs/px4_msgs/msg/detail/gripper__functions.h\n'}
[4.961668] (px4_msgs) StdoutLine: {'line': b'-- Up-to-date symlink: /home/ubuntu/px4_ros2_ws/install/px4_msgs/include/px4_msgs/px4_msgs/msg/detail/gripper__struct.h\n'}
[4.961748] (px4_msgs) StdoutLine: {'line': b'-- Up-to-date symlink: /home/ubuntu/px4_ros2_ws/install/px4_msgs/include/px4_msgs/px4_msgs/msg/detail/gripper__type_support.h\n'}
[4.961888] (px4_msgs) StdoutLine: {'line': b'-- Up-to-date symlink: /home/ubuntu/px4_ros2_ws/install/px4_msgs/include/px4_msgs/px4_msgs/msg/detail/health_report__functions.h\n'}
[4.962059] (px4_msgs) StdoutLine: {'line': b'-- Up-to-date symlink: /home/ubuntu/px4_ros2_ws/install/px4_msgs/include/px4_msgs/px4_msgs/msg/detail/health_report__struct.h\n'}
[4.962158] (px4_msgs) StdoutLine: {'line': b'-- Up-to-date symlink: /home/ubuntu/px4_ros2_ws/install/px4_msgs/include/px4_msgs/px4_msgs/msg/detail/health_report__type_support.h\n'}
[4.962257] (px4_msgs) StdoutLine: {'line': b'-- Up-to-date symlink: /home/ubuntu/px4_ros2_ws/install/px4_msgs/include/px4_msgs/px4_msgs/msg/detail/heater_status__functions.h\n'}
[4.962358] (px4_msgs) StdoutLine: {'line': b'-- Up-to-date symlink: /home/ubuntu/px4_ros2_ws/install/px4_msgs/include/px4_msgs/px4_msgs/msg/detail/heater_status__struct.h\n'}
[4.962460] (px4_msgs) StdoutLine: {'line': b'-- Up-to-date symlink: /home/ubuntu/px4_ros2_ws/install/px4_msgs/include/px4_msgs/px4_msgs/msg/detail/heater_status__type_support.h\n'}
[4.962580] (px4_msgs) StdoutLine: {'line': b'-- Up-to-date symlink: /home/ubuntu/px4_ros2_ws/install/px4_msgs/include/px4_msgs/px4_msgs/msg/detail/home_position__functions.h\n'}
[4.962679] (px4_msgs) StdoutLine: {'line': b'-- Up-to-date symlink: /home/ubuntu/px4_ros2_ws/install/px4_msgs/include/px4_msgs/px4_msgs/msg/detail/home_position__struct.h\n'}
[4.962788] (px4_msgs) StdoutLine: {'line': b'-- Up-to-date symlink: /home/ubuntu/px4_ros2_ws/install/px4_msgs/include/px4_msgs/px4_msgs/msg/detail/home_position__type_support.h\n'}
[4.962886] (px4_msgs) StdoutLine: {'line': b'-- Up-to-date symlink: /home/ubuntu/px4_ros2_ws/install/px4_msgs/include/px4_msgs/px4_msgs/msg/detail/hover_thrust_estimate__functions.h\n'}
[4.962983] (px4_msgs) StdoutLine: {'line': b'-- Up-to-date symlink: /home/ubuntu/px4_ros2_ws/install/px4_msgs/include/px4_msgs/px4_msgs/msg/detail/hover_thrust_estimate__struct.h\n'}
[4.963085] (px4_msgs) StdoutLine: {'line': b'-- Up-to-date symlink: /home/ubuntu/px4_ros2_ws/install/px4_msgs/include/px4_msgs/px4_msgs/msg/detail/hover_thrust_estimate__type_support.h\n'}
[4.963184] (px4_msgs) StdoutLine: {'line': b'-- Up-to-date symlink: /home/ubuntu/px4_ros2_ws/install/px4_msgs/include/px4_msgs/px4_msgs/msg/detail/input_rc__functions.h\n'}
[4.963300] (px4_msgs) StdoutLine: {'line': b'-- Up-to-date symlink: /home/ubuntu/px4_ros2_ws/install/px4_msgs/include/px4_msgs/px4_msgs/msg/detail/input_rc__struct.h\n'}
[4.963403] (px4_msgs) StdoutLine: {'line': b'-- Up-to-date symlink: /home/ubuntu/px4_ros2_ws/install/px4_msgs/include/px4_msgs/px4_msgs/msg/detail/input_rc__type_support.h\n'}
[4.963514] (px4_msgs) StdoutLine: {'line': b'-- Up-to-date symlink: /home/ubuntu/px4_ros2_ws/install/px4_msgs/include/px4_msgs/px4_msgs/msg/detail/internal_combustion_engine_control__functions.h\n'}
[4.963627] (px4_msgs) StdoutLine: {'line': b'-- Up-to-date symlink: /home/ubuntu/px4_ros2_ws/install/px4_msgs/include/px4_msgs/px4_msgs/msg/detail/internal_combustion_engine_control__struct.h\n'}
[4.963747] (px4_msgs) StdoutLine: {'line': b'-- Up-to-date symlink: /home/ubuntu/px4_ros2_ws/install/px4_msgs/include/px4_msgs/px4_msgs/msg/detail/internal_combustion_engine_control__type_support.h\n'}
[4.963849] (px4_msgs) StdoutLine: {'line': b'-- Up-to-date symlink: /home/ubuntu/px4_ros2_ws/install/px4_msgs/include/px4_msgs/px4_msgs/msg/detail/internal_combustion_engine_status__functions.h\n'}
[4.963941] (px4_msgs) StdoutLine: {'line': b'-- Up-to-date symlink: /home/ubuntu/px4_ros2_ws/install/px4_msgs/include/px4_msgs/px4_msgs/msg/detail/internal_combustion_engine_status__struct.h\n'}
[4.964038] (px4_msgs) StdoutLine: {'line': b'-- Up-to-date symlink: /home/ubuntu/px4_ros2_ws/install/px4_msgs/include/px4_msgs/px4_msgs/msg/detail/internal_combustion_engine_status__type_support.h\n'}
[4.964127] (px4_msgs) StdoutLine: {'line': b'-- Up-to-date symlink: /home/ubuntu/px4_ros2_ws/install/px4_msgs/include/px4_msgs/px4_msgs/msg/detail/iridiumsbd_status__functions.h\n'}
[4.964224] (px4_msgs) StdoutLine: {'line': b'-- Up-to-date symlink: /home/ubuntu/px4_ros2_ws/install/px4_msgs/include/px4_msgs/px4_msgs/msg/detail/iridiumsbd_status__struct.h\n'}
[4.964333] (px4_msgs) StdoutLine: {'line': b'-- Up-to-date symlink: /home/ubuntu/px4_ros2_ws/install/px4_msgs/include/px4_msgs/px4_msgs/msg/detail/iridiumsbd_status__type_support.h\n'}
[4.964434] (px4_msgs) StdoutLine: {'line': b'-- Up-to-date symlink: /home/ubuntu/px4_ros2_ws/install/px4_msgs/include/px4_msgs/px4_msgs/msg/detail/irlock_report__functions.h\n'}
[4.964538] (px4_msgs) StdoutLine: {'line': b'-- Up-to-date symlink: /home/ubuntu/px4_ros2_ws/install/px4_msgs/include/px4_msgs/px4_msgs/msg/detail/irlock_report__struct.h\n'}
[4.964633] (px4_msgs) StdoutLine: {'line': b'-- Up-to-date symlink: /home/ubuntu/px4_ros2_ws/install/px4_msgs/include/px4_msgs/px4_msgs/msg/detail/irlock_report__type_support.h\n'}
[4.964725] (px4_msgs) StdoutLine: {'line': b'-- Up-to-date symlink: /home/ubuntu/px4_ros2_ws/install/px4_msgs/include/px4_msgs/px4_msgs/msg/detail/landing_gear__functions.h\n'}
[4.964815] (px4_msgs) StdoutLine: {'line': b'-- Up-to-date symlink: /home/ubuntu/px4_ros2_ws/install/px4_msgs/include/px4_msgs/px4_msgs/msg/detail/landing_gear__struct.h\n'}
[4.964914] (px4_msgs) StdoutLine: {'line': b'-- Up-to-date symlink: /home/ubuntu/px4_ros2_ws/install/px4_msgs/include/px4_msgs/px4_msgs/msg/detail/landing_gear__type_support.h\n'}
[4.965013] (px4_msgs) StdoutLine: {'line': b'-- Up-to-date symlink: /home/ubuntu/px4_ros2_ws/install/px4_msgs/include/px4_msgs/px4_msgs/msg/detail/landing_gear_wheel__functions.h\n'}
[4.965106] (px4_msgs) StdoutLine: {'line': b'-- Up-to-date symlink: /home/ubuntu/px4_ros2_ws/install/px4_msgs/include/px4_msgs/px4_msgs/msg/detail/landing_gear_wheel__struct.h\n'}
[4.965199] (px4_msgs) StdoutLine: {'line': b'-- Up-to-date symlink: /home/ubuntu/px4_ros2_ws/install/px4_msgs/include/px4_msgs/px4_msgs/msg/detail/landing_gear_wheel__type_support.h\n'}
[4.965291] (px4_msgs) StdoutLine: {'line': b'-- Up-to-date symlink: /home/ubuntu/px4_ros2_ws/install/px4_msgs/include/px4_msgs/px4_msgs/msg/detail/landing_target_innovations__functions.h\n'}
[4.965375] (px4_msgs) StdoutLine: {'line': b'-- Up-to-date symlink: /home/ubuntu/px4_ros2_ws/install/px4_msgs/include/px4_msgs/px4_msgs/msg/detail/landing_target_innovations__struct.h\n'}
[4.965484] (px4_msgs) StdoutLine: {'line': b'-- Up-to-date symlink: /home/ubuntu/px4_ros2_ws/install/px4_msgs/include/px4_msgs/px4_msgs/msg/detail/landing_target_innovations__type_support.h\n'}
[4.965583] (px4_msgs) StdoutLine: {'line': b'-- Up-to-date symlink: /home/ubuntu/px4_ros2_ws/install/px4_msgs/include/px4_msgs/px4_msgs/msg/detail/landing_target_pose__functions.h\n'}
[4.965675] (px4_msgs) StdoutLine: {'line': b'-- Up-to-date symlink: /home/ubuntu/px4_ros2_ws/install/px4_msgs/include/px4_msgs/px4_msgs/msg/detail/landing_target_pose__struct.h\n'}
[4.965759] (px4_msgs) StdoutLine: {'line': b'-- Up-to-date symlink: /home/ubuntu/px4_ros2_ws/install/px4_msgs/include/px4_msgs/px4_msgs/msg/detail/landing_target_pose__type_support.h\n'}
[4.965863] (px4_msgs) StdoutLine: {'line': b'-- Up-to-date symlink: /home/ubuntu/px4_ros2_ws/install/px4_msgs/include/px4_msgs/px4_msgs/msg/detail/lateral_control_configuration__functions.h\n'}
[4.965964] (px4_msgs) StdoutLine: {'line': b'-- Up-to-date symlink: /home/ubuntu/px4_ros2_ws/install/px4_msgs/include/px4_msgs/px4_msgs/msg/detail/lateral_control_configuration__struct.h\n'}
[4.966056] (px4_msgs) StdoutLine: {'line': b'-- Up-to-date symlink: /home/ubuntu/px4_ros2_ws/install/px4_msgs/include/px4_msgs/px4_msgs/msg/detail/lateral_control_configuration__type_support.h\n'}
[4.966148] (px4_msgs) StdoutLine: {'line': b'-- Up-to-date symlink: /home/ubuntu/px4_ros2_ws/install/px4_msgs/include/px4_msgs/px4_msgs/msg/detail/launch_detection_status__functions.h\n'}
[4.966240] (px4_msgs) StdoutLine: {'line': b'-- Up-to-date symlink: /home/ubuntu/px4_ros2_ws/install/px4_msgs/include/px4_msgs/px4_msgs/msg/detail/launch_detection_status__struct.h\n'}
[4.966336] (px4_msgs) StdoutLine: {'line': b'-- Up-to-date symlink: /home/ubuntu/px4_ros2_ws/install/px4_msgs/include/px4_msgs/px4_msgs/msg/detail/launch_detection_status__type_support.h\n'}
[4.966431] (px4_msgs) StdoutLine: {'line': b'-- Up-to-date symlink: /home/ubuntu/px4_ros2_ws/install/px4_msgs/include/px4_msgs/px4_msgs/msg/detail/led_control__functions.h\n'}
[4.966536] (px4_msgs) StdoutLine: {'line': b'-- Up-to-date symlink: /home/ubuntu/px4_ros2_ws/install/px4_msgs/include/px4_msgs/px4_msgs/msg/detail/led_control__struct.h\n'}
[4.966631] (px4_msgs) StdoutLine: {'line': b'-- Up-to-date symlink: /home/ubuntu/px4_ros2_ws/install/px4_msgs/include/px4_msgs/px4_msgs/msg/detail/led_control__type_support.h\n'}
[4.966725] (px4_msgs) StdoutLine: {'line': b'-- Up-to-date symlink: /home/ubuntu/px4_ros2_ws/install/px4_msgs/include/px4_msgs/px4_msgs/msg/detail/log_message__functions.h\n'}
[4.966818] (px4_msgs) StdoutLine: {'line': b'-- Up-to-date symlink: /home/ubuntu/px4_ros2_ws/install/px4_msgs/include/px4_msgs/px4_msgs/msg/detail/log_message__struct.h\n'}
[4.966912] (px4_msgs) StdoutLine: {'line': b'-- Up-to-date symlink: /home/ubuntu/px4_ros2_ws/install/px4_msgs/include/px4_msgs/px4_msgs/msg/detail/log_message__type_support.h\n'}
[4.967019] (px4_msgs) StdoutLine: {'line': b'-- Up-to-date symlink: /home/ubuntu/px4_ros2_ws/install/px4_msgs/include/px4_msgs/px4_msgs/msg/detail/logger_status__functions.h\n'}
[4.967114] (px4_msgs) StdoutLine: {'line': b'-- Up-to-date symlink: /home/ubuntu/px4_ros2_ws/install/px4_msgs/include/px4_msgs/px4_msgs/msg/detail/logger_status__struct.h\n'}
[4.967205] (px4_msgs) StdoutLine: {'line': b'-- Up-to-date symlink: /home/ubuntu/px4_ros2_ws/install/px4_msgs/include/px4_msgs/px4_msgs/msg/detail/logger_status__type_support.h\n'}
[4.967297] (px4_msgs) StdoutLine: {'line': b'-- Up-to-date symlink: /home/ubuntu/px4_ros2_ws/install/px4_msgs/include/px4_msgs/px4_msgs/msg/detail/longitudinal_control_configuration__functions.h\n'}
[4.967391] (px4_msgs) StdoutLine: {'line': b'-- Up-to-date symlink: /home/ubuntu/px4_ros2_ws/install/px4_msgs/include/px4_msgs/px4_msgs/msg/detail/longitudinal_control_configuration__struct.h\n'}
[4.967540] (px4_msgs) StdoutLine: {'line': b'-- Up-to-date symlink: /home/ubuntu/px4_ros2_ws/install/px4_msgs/include/px4_msgs/px4_msgs/msg/detail/longitudinal_control_configuration__type_support.h\n'}
[4.967660] (px4_msgs) StdoutLine: {'line': b'-- Up-to-date symlink: /home/ubuntu/px4_ros2_ws/install/px4_msgs/include/px4_msgs/px4_msgs/msg/detail/mag_worker_data__functions.h\n'}
[4.967783] (px4_msgs) StdoutLine: {'line': b'-- Up-to-date symlink: /home/ubuntu/px4_ros2_ws/install/px4_msgs/include/px4_msgs/px4_msgs/msg/detail/mag_worker_data__struct.h\n'}
[4.967882] (px4_msgs) StdoutLine: {'line': b'-- Up-to-date symlink: /home/ubuntu/px4_ros2_ws/install/px4_msgs/include/px4_msgs/px4_msgs/msg/detail/mag_worker_data__type_support.h\n'}
[4.968020] (px4_msgs) StdoutLine: {'line': b'-- Up-to-date symlink: /home/ubuntu/px4_ros2_ws/install/px4_msgs/include/px4_msgs/px4_msgs/msg/detail/magnetometer_bias_estimate__functions.h\n'}
[4.968119] (px4_msgs) StdoutLine: {'line': b'-- Up-to-date symlink: /home/ubuntu/px4_ros2_ws/install/px4_msgs/include/px4_msgs/px4_msgs/msg/detail/magnetometer_bias_estimate__struct.h\n'}
[4.968235] (px4_msgs) StdoutLine: {'line': b'-- Up-to-date symlink: /home/ubuntu/px4_ros2_ws/install/px4_msgs/include/px4_msgs/px4_msgs/msg/detail/magnetometer_bias_estimate__type_support.h\n'}
[4.968350] (px4_msgs) StdoutLine: {'line': b'-- Up-to-date symlink: /home/ubuntu/px4_ros2_ws/install/px4_msgs/include/px4_msgs/px4_msgs/msg/detail/manual_control_setpoint__functions.h\n'}
[4.968463] (px4_msgs) StdoutLine: {'line': b'-- Up-to-date symlink: /home/ubuntu/px4_ros2_ws/install/px4_msgs/include/px4_msgs/px4_msgs/msg/detail/manual_control_setpoint__struct.h\n'}
[4.968575] (px4_msgs) StdoutLine: {'line': b'-- Up-to-date symlink: /home/ubuntu/px4_ros2_ws/install/px4_msgs/include/px4_msgs/px4_msgs/msg/detail/manual_control_setpoint__type_support.h\n'}
[4.968681] (px4_msgs) StdoutLine: {'line': b'-- Up-to-date symlink: /home/ubuntu/px4_ros2_ws/install/px4_msgs/include/px4_msgs/px4_msgs/msg/detail/manual_control_switches__functions.h\n'}
[4.968794] (px4_msgs) StdoutLine: {'line': b'-- Up-to-date symlink: /home/ubuntu/px4_ros2_ws/install/px4_msgs/include/px4_msgs/px4_msgs/msg/detail/manual_control_switches__struct.h\n'}
[4.968904] (px4_msgs) StdoutLine: {'line': b'-- Up-to-date symlink: /home/ubuntu/px4_ros2_ws/install/px4_msgs/include/px4_msgs/px4_msgs/msg/detail/manual_control_switches__type_support.h\n'}
[4.969017] (px4_msgs) StdoutLine: {'line': b'-- Up-to-date symlink: /home/ubuntu/px4_ros2_ws/install/px4_msgs/include/px4_msgs/px4_msgs/msg/detail/mavlink_log__functions.h\n'}
[4.969136] (px4_msgs) StdoutLine: {'line': b'-- Up-to-date symlink: /home/ubuntu/px4_ros2_ws/install/px4_msgs/include/px4_msgs/px4_msgs/msg/detail/mavlink_log__struct.h\n'}
[4.969232] (px4_msgs) StdoutLine: {'line': b'-- Up-to-date symlink: /home/ubuntu/px4_ros2_ws/install/px4_msgs/include/px4_msgs/px4_msgs/msg/detail/mavlink_log__type_support.h\n'}
[4.969345] (px4_msgs) StdoutLine: {'line': b'-- Up-to-date symlink: /home/ubuntu/px4_ros2_ws/install/px4_msgs/include/px4_msgs/px4_msgs/msg/detail/mavlink_tunnel__functions.h\n'}
[4.969467] (px4_msgs) StdoutLine: {'line': b'-- Up-to-date symlink: /home/ubuntu/px4_ros2_ws/install/px4_msgs/include/px4_msgs/px4_msgs/msg/detail/mavlink_tunnel__struct.h\n'}
[4.969595] (px4_msgs) StdoutLine: {'line': b'-- Up-to-date symlink: /home/ubuntu/px4_ros2_ws/install/px4_msgs/include/px4_msgs/px4_msgs/msg/detail/mavlink_tunnel__type_support.h\n'}
[4.969675] (px4_msgs) StdoutLine: {'line': b'-- Up-to-date symlink: /home/ubuntu/px4_ros2_ws/install/px4_msgs/include/px4_msgs/px4_msgs/msg/detail/message_format_request__functions.h\n'}
[4.969752] (px4_msgs) StdoutLine: {'line': b'-- Up-to-date symlink: /home/ubuntu/px4_ros2_ws/install/px4_msgs/include/px4_msgs/px4_msgs/msg/detail/message_format_request__struct.h\n'}
[4.969952] (px4_msgs) StdoutLine: {'line': b'-- Up-to-date symlink: /home/ubuntu/px4_ros2_ws/install/px4_msgs/include/px4_msgs/px4_msgs/msg/detail/message_format_request__type_support.h\n'}
[4.970035] (px4_msgs) StdoutLine: {'line': b'-- Up-to-date symlink: /home/ubuntu/px4_ros2_ws/install/px4_msgs/include/px4_msgs/px4_msgs/msg/detail/message_format_response__functions.h\n'}
[4.970149] (px4_msgs) StdoutLine: {'line': b'-- Up-to-date symlink: /home/ubuntu/px4_ros2_ws/install/px4_msgs/include/px4_msgs/px4_msgs/msg/detail/message_format_response__struct.h\n'}
[4.970250] (px4_msgs) StdoutLine: {'line': b'-- Up-to-date symlink: /home/ubuntu/px4_ros2_ws/install/px4_msgs/include/px4_msgs/px4_msgs/msg/detail/message_format_response__type_support.h\n'}
[4.970327] (px4_msgs) StdoutLine: {'line': b'-- Up-to-date symlink: /home/ubuntu/px4_ros2_ws/install/px4_msgs/include/px4_msgs/px4_msgs/msg/detail/mission__functions.h\n'}
[4.970405] (px4_msgs) StdoutLine: {'line': b'-- Up-to-date symlink: /home/ubuntu/px4_ros2_ws/install/px4_msgs/include/px4_msgs/px4_msgs/msg/detail/mission__struct.h\n'}
[4.970675] (px4_msgs) StdoutLine: {'line': b'-- Up-to-date symlink: /home/ubuntu/px4_ros2_ws/install/px4_msgs/include/px4_msgs/px4_msgs/msg/detail/mission__type_support.h\n'}
[4.970754] (px4_msgs) StdoutLine: {'line': b'-- Up-to-date symlink: /home/ubuntu/px4_ros2_ws/install/px4_msgs/include/px4_msgs/px4_msgs/msg/detail/mission_result__functions.h\n'}
[4.970821] (px4_msgs) StdoutLine: {'line': b'-- Up-to-date symlink: /home/ubuntu/px4_ros2_ws/install/px4_msgs/include/px4_msgs/px4_msgs/msg/detail/mission_result__struct.h\n'}
[4.970860] (px4_msgs) StdoutLine: {'line': b'-- Up-to-date symlink: /home/ubuntu/px4_ros2_ws/install/px4_msgs/include/px4_msgs/px4_msgs/msg/detail/mission_result__type_support.h\n'}
[4.970924] (px4_msgs) StdoutLine: {'line': b'-- Up-to-date symlink: /home/ubuntu/px4_ros2_ws/install/px4_msgs/include/px4_msgs/px4_msgs/msg/detail/mode_completed__functions.h\n'}
[4.970959] (px4_msgs) StdoutLine: {'line': b'-- Up-to-date symlink: /home/ubuntu/px4_ros2_ws/install/px4_msgs/include/px4_msgs/px4_msgs/msg/detail/mode_completed__struct.h\n'}
[4.970997] (px4_msgs) StdoutLine: {'line': b'-- Up-to-date symlink: /home/ubuntu/px4_ros2_ws/install/px4_msgs/include/px4_msgs/px4_msgs/msg/detail/mode_completed__type_support.h\n'}
[4.971032] (px4_msgs) StdoutLine: {'line': b'-- Up-to-date symlink: /home/ubuntu/px4_ros2_ws/install/px4_msgs/include/px4_msgs/px4_msgs/msg/detail/mount_orientation__functions.h\n'}
[4.971067] (px4_msgs) StdoutLine: {'line': b'-- Up-to-date symlink: /home/ubuntu/px4_ros2_ws/install/px4_msgs/include/px4_msgs/px4_msgs/msg/detail/mount_orientation__struct.h\n'}
[4.971102] (px4_msgs) StdoutLine: {'line': b'-- Up-to-date symlink: /home/ubuntu/px4_ros2_ws/install/px4_msgs/include/px4_msgs/px4_msgs/msg/detail/mount_orientation__type_support.h\n'}
[4.971163] (px4_msgs) StdoutLine: {'line': b'-- Up-to-date symlink: /home/ubuntu/px4_ros2_ws/install/px4_msgs/include/px4_msgs/px4_msgs/msg/detail/navigator_mission_item__functions.h\n'}
[4.971201] (px4_msgs) StdoutLine: {'line': b'-- Up-to-date symlink: /home/ubuntu/px4_ros2_ws/install/px4_msgs/include/px4_msgs/px4_msgs/msg/detail/navigator_mission_item__struct.h\n'}
[4.971243] (px4_msgs) StdoutLine: {'line': b'-- Up-to-date symlink: /home/ubuntu/px4_ros2_ws/install/px4_msgs/include/px4_msgs/px4_msgs/msg/detail/navigator_mission_item__type_support.h\n'}
[4.971280] (px4_msgs) StdoutLine: {'line': b'-- Up-to-date symlink: /home/ubuntu/px4_ros2_ws/install/px4_msgs/include/px4_msgs/px4_msgs/msg/detail/navigator_status__functions.h\n'}
[4.971316] (px4_msgs) StdoutLine: {'line': b'-- Up-to-date symlink: /home/ubuntu/px4_ros2_ws/install/px4_msgs/include/px4_msgs/px4_msgs/msg/detail/navigator_status__struct.h\n'}
[4.971352] (px4_msgs) StdoutLine: {'line': b'-- Up-to-date symlink: /home/ubuntu/px4_ros2_ws/install/px4_msgs/include/px4_msgs/px4_msgs/msg/detail/navigator_status__type_support.h\n'}
[4.971390] (px4_msgs) StdoutLine: {'line': b'-- Up-to-date symlink: /home/ubuntu/px4_ros2_ws/install/px4_msgs/include/px4_msgs/px4_msgs/msg/detail/neural_control__functions.h\n'}
[4.971427] (px4_msgs) StdoutLine: {'line': b'-- Up-to-date symlink: /home/ubuntu/px4_ros2_ws/install/px4_msgs/include/px4_msgs/px4_msgs/msg/detail/neural_control__struct.h\n'}
[4.971505] (px4_msgs) StdoutLine: {'line': b'-- Up-to-date symlink: /home/ubuntu/px4_ros2_ws/install/px4_msgs/include/px4_msgs/px4_msgs/msg/detail/neural_control__type_support.h\n'}
[4.971601] (px4_msgs) StdoutLine: {'line': b'-- Up-to-date symlink: /home/ubuntu/px4_ros2_ws/install/px4_msgs/include/px4_msgs/px4_msgs/msg/detail/normalized_unsigned_setpoint__functions.h\n'}
[4.971641] (px4_msgs) StdoutLine: {'line': b'-- Up-to-date symlink: /home/ubuntu/px4_ros2_ws/install/px4_msgs/include/px4_msgs/px4_msgs/msg/detail/normalized_unsigned_setpoint__struct.h\n'}
[4.971683] (px4_msgs) StdoutLine: {'line': b'-- Up-to-date symlink: /home/ubuntu/px4_ros2_ws/install/px4_msgs/include/px4_msgs/px4_msgs/msg/detail/normalized_unsigned_setpoint__type_support.h\n'}
[4.971719] (px4_msgs) StdoutLine: {'line': b'-- Up-to-date symlink: /home/ubuntu/px4_ros2_ws/install/px4_msgs/include/px4_msgs/px4_msgs/msg/detail/obstacle_distance__functions.h\n'}
[4.971755] (px4_msgs) StdoutLine: {'line': b'-- Up-to-date symlink: /home/ubuntu/px4_ros2_ws/install/px4_msgs/include/px4_msgs/px4_msgs/msg/detail/obstacle_distance__struct.h\n'}
[4.971792] (px4_msgs) StdoutLine: {'line': b'-- Up-to-date symlink: /home/ubuntu/px4_ros2_ws/install/px4_msgs/include/px4_msgs/px4_msgs/msg/detail/obstacle_distance__type_support.h\n'}
[4.971846] (px4_msgs) StdoutLine: {'line': b'-- Up-to-date symlink: /home/ubuntu/px4_ros2_ws/install/px4_msgs/include/px4_msgs/px4_msgs/msg/detail/offboard_control_mode__functions.h\n'}
[4.971893] (px4_msgs) StdoutLine: {'line': b'-- Up-to-date symlink: /home/ubuntu/px4_ros2_ws/install/px4_msgs/include/px4_msgs/px4_msgs/msg/detail/offboard_control_mode__struct.h\n'}
[4.971932] (px4_msgs) StdoutLine: {'line': b'-- Up-to-date symlink: /home/ubuntu/px4_ros2_ws/install/px4_msgs/include/px4_msgs/px4_msgs/msg/detail/offboard_control_mode__type_support.h\n'}
[4.971962] (px4_msgs) StdoutLine: {'line': b'-- Up-to-date symlink: /home/ubuntu/px4_ros2_ws/install/px4_msgs/include/px4_msgs/px4_msgs/msg/detail/onboard_computer_status__functions.h\n'}
[4.972003] (px4_msgs) StdoutLine: {'line': b'-- Up-to-date symlink: /home/ubuntu/px4_ros2_ws/install/px4_msgs/include/px4_msgs/px4_msgs/msg/detail/onboard_computer_status__struct.h\n'}
[4.972038] (px4_msgs) StdoutLine: {'line': b'-- Up-to-date symlink: /home/ubuntu/px4_ros2_ws/install/px4_msgs/include/px4_msgs/px4_msgs/msg/detail/onboard_computer_status__type_support.h\n'}
[4.972073] (px4_msgs) StdoutLine: {'line': b'-- Up-to-date symlink: /home/ubuntu/px4_ros2_ws/install/px4_msgs/include/px4_msgs/px4_msgs/msg/detail/open_drone_id_arm_status__functions.h\n'}
[4.972104] (px4_msgs) StdoutLine: {'line': b'-- Up-to-date symlink: /home/ubuntu/px4_ros2_ws/install/px4_msgs/include/px4_msgs/px4_msgs/msg/detail/open_drone_id_arm_status__struct.h\n'}
[4.972136] (px4_msgs) StdoutLine: {'line': b'-- Up-to-date symlink: /home/ubuntu/px4_ros2_ws/install/px4_msgs/include/px4_msgs/px4_msgs/msg/detail/open_drone_id_arm_status__type_support.h\n'}
[4.972188] (px4_msgs) StdoutLine: {'line': b'-- Up-to-date symlink: /home/ubuntu/px4_ros2_ws/install/px4_msgs/include/px4_msgs/px4_msgs/msg/detail/open_drone_id_basic_id__functions.h\n'}
[4.972223] (px4_msgs) StdoutLine: {'line': b'-- Up-to-date symlink: /home/ubuntu/px4_ros2_ws/install/px4_msgs/include/px4_msgs/px4_msgs/msg/detail/open_drone_id_basic_id__struct.h\n'}
[4.972262] (px4_msgs) StdoutLine: {'line': b'-- Up-to-date symlink: /home/ubuntu/px4_ros2_ws/install/px4_msgs/include/px4_msgs/px4_msgs/msg/detail/open_drone_id_basic_id__type_support.h\n'}
[4.972309] (px4_msgs) StdoutLine: {'line': b'-- Up-to-date symlink: /home/ubuntu/px4_ros2_ws/install/px4_msgs/include/px4_msgs/px4_msgs/msg/detail/open_drone_id_operator_id__functions.h\n'}
[4.972340] (px4_msgs) StdoutLine: {'line': b'-- Up-to-date symlink: /home/ubuntu/px4_ros2_ws/install/px4_msgs/include/px4_msgs/px4_msgs/msg/detail/open_drone_id_operator_id__struct.h\n'}
[4.972373] (px4_msgs) StdoutLine: {'line': b'-- Up-to-date symlink: /home/ubuntu/px4_ros2_ws/install/px4_msgs/include/px4_msgs/px4_msgs/msg/detail/open_drone_id_operator_id__type_support.h\n'}
[4.972404] (px4_msgs) StdoutLine: {'line': b'-- Up-to-date symlink: /home/ubuntu/px4_ros2_ws/install/px4_msgs/include/px4_msgs/px4_msgs/msg/detail/open_drone_id_self_id__functions.h\n'}
[4.972436] (px4_msgs) StdoutLine: {'line': b'-- Up-to-date symlink: /home/ubuntu/px4_ros2_ws/install/px4_msgs/include/px4_msgs/px4_msgs/msg/detail/open_drone_id_self_id__struct.h\n'}
[4.972489] (px4_msgs) StdoutLine: {'line': b'-- Up-to-date symlink: /home/ubuntu/px4_ros2_ws/install/px4_msgs/include/px4_msgs/px4_msgs/msg/detail/open_drone_id_self_id__type_support.h\n'}
[4.972522] (px4_msgs) StdoutLine: {'line': b'-- Up-to-date symlink: /home/ubuntu/px4_ros2_ws/install/px4_msgs/include/px4_msgs/px4_msgs/msg/detail/open_drone_id_system__functions.h\n'}
[4.972554] (px4_msgs) StdoutLine: {'line': b'-- Up-to-date symlink: /home/ubuntu/px4_ros2_ws/install/px4_msgs/include/px4_msgs/px4_msgs/msg/detail/open_drone_id_system__struct.h\n'}
[4.972587] (px4_msgs) StdoutLine: {'line': b'-- Up-to-date symlink: /home/ubuntu/px4_ros2_ws/install/px4_msgs/include/px4_msgs/px4_msgs/msg/detail/open_drone_id_system__type_support.h\n'}
[4.972620] (px4_msgs) StdoutLine: {'line': b'-- Up-to-date symlink: /home/ubuntu/px4_ros2_ws/install/px4_msgs/include/px4_msgs/px4_msgs/msg/detail/orb_test__functions.h\n'}
[4.972653] (px4_msgs) StdoutLine: {'line': b'-- Up-to-date symlink: /home/ubuntu/px4_ros2_ws/install/px4_msgs/include/px4_msgs/px4_msgs/msg/detail/orb_test__struct.h\n'}
[4.972687] (px4_msgs) StdoutLine: {'line': b'-- Up-to-date symlink: /home/ubuntu/px4_ros2_ws/install/px4_msgs/include/px4_msgs/px4_msgs/msg/detail/orb_test__type_support.h\n'}
[4.972718] (px4_msgs) StdoutLine: {'line': b'-- Up-to-date symlink: /home/ubuntu/px4_ros2_ws/install/px4_msgs/include/px4_msgs/px4_msgs/msg/detail/orb_test_large__functions.h\n'}
[4.972750] (px4_msgs) StdoutLine: {'line': b'-- Up-to-date symlink: /home/ubuntu/px4_ros2_ws/install/px4_msgs/include/px4_msgs/px4_msgs/msg/detail/orb_test_large__struct.h\n'}
[4.972803] (px4_msgs) StdoutLine: {'line': b'-- Up-to-date symlink: /home/ubuntu/px4_ros2_ws/install/px4_msgs/include/px4_msgs/px4_msgs/msg/detail/orb_test_large__type_support.h\n'}
[4.972834] (px4_msgs) StdoutLine: {'line': b'-- Up-to-date symlink: /home/ubuntu/px4_ros2_ws/install/px4_msgs/include/px4_msgs/px4_msgs/msg/detail/orb_test_medium__functions.h\n'}
[4.972867] (px4_msgs) StdoutLine: {'line': b'-- Up-to-date symlink: /home/ubuntu/px4_ros2_ws/install/px4_msgs/include/px4_msgs/px4_msgs/msg/detail/orb_test_medium__struct.h\n'}
[4.972916] (px4_msgs) StdoutLine: {'line': b'-- Up-to-date symlink: /home/ubuntu/px4_ros2_ws/install/px4_msgs/include/px4_msgs/px4_msgs/msg/detail/orb_test_medium__type_support.h\n'}
[4.972948] (px4_msgs) StdoutLine: {'line': b'-- Up-to-date symlink: /home/ubuntu/px4_ros2_ws/install/px4_msgs/include/px4_msgs/px4_msgs/msg/detail/orbit_status__functions.h\n'}
[4.972981] (px4_msgs) StdoutLine: {'line': b'-- Up-to-date symlink: /home/ubuntu/px4_ros2_ws/install/px4_msgs/include/px4_msgs/px4_msgs/msg/detail/orbit_status__struct.h\n'}
[4.973013] (px4_msgs) StdoutLine: {'line': b'-- Up-to-date symlink: /home/ubuntu/px4_ros2_ws/install/px4_msgs/include/px4_msgs/px4_msgs/msg/detail/orbit_status__type_support.h\n'}
[4.973060] (px4_msgs) StdoutLine: {'line': b'-- Up-to-date symlink: /home/ubuntu/px4_ros2_ws/install/px4_msgs/include/px4_msgs/px4_msgs/msg/detail/parameter_reset_request__functions.h\n'}
[4.973093] (px4_msgs) StdoutLine: {'line': b'-- Up-to-date symlink: /home/ubuntu/px4_ros2_ws/install/px4_msgs/include/px4_msgs/px4_msgs/msg/detail/parameter_reset_request__struct.h\n'}
[4.973127] (px4_msgs) StdoutLine: {'line': b'-- Up-to-date symlink: /home/ubuntu/px4_ros2_ws/install/px4_msgs/include/px4_msgs/px4_msgs/msg/detail/parameter_reset_request__type_support.h\n'}
[4.973161] (px4_msgs) StdoutLine: {'line': b'-- Up-to-date symlink: /home/ubuntu/px4_ros2_ws/install/px4_msgs/include/px4_msgs/px4_msgs/msg/detail/parameter_set_used_request__functions.h\n'}
[4.973195] (px4_msgs) StdoutLine: {'line': b'-- Up-to-date symlink: /home/ubuntu/px4_ros2_ws/install/px4_msgs/include/px4_msgs/px4_msgs/msg/detail/parameter_set_used_request__struct.h\n'}
[4.973227] (px4_msgs) StdoutLine: {'line': b'-- Up-to-date symlink: /home/ubuntu/px4_ros2_ws/install/px4_msgs/include/px4_msgs/px4_msgs/msg/detail/parameter_set_used_request__type_support.h\n'}
[4.973260] (px4_msgs) StdoutLine: {'line': b'-- Up-to-date symlink: /home/ubuntu/px4_ros2_ws/install/px4_msgs/include/px4_msgs/px4_msgs/msg/detail/parameter_set_value_request__functions.h\n'}
[4.973320] (px4_msgs) StdoutLine: {'line': b'-- Up-to-date symlink: /home/ubuntu/px4_ros2_ws/install/px4_msgs/include/px4_msgs/px4_msgs/msg/detail/parameter_set_value_request__struct.h\n'}
[4.973352] (px4_msgs) StdoutLine: {'line': b'-- Up-to-date symlink: /home/ubuntu/px4_ros2_ws/install/px4_msgs/include/px4_msgs/px4_msgs/msg/detail/parameter_set_value_request__type_support.h\n'}
[4.973385] (px4_msgs) StdoutLine: {'line': b'-- Up-to-date symlink: /home/ubuntu/px4_ros2_ws/install/px4_msgs/include/px4_msgs/px4_msgs/msg/detail/parameter_set_value_response__functions.h\n'}
[4.973418] (px4_msgs) StdoutLine: {'line': b'-- Up-to-date symlink: /home/ubuntu/px4_ros2_ws/install/px4_msgs/include/px4_msgs/px4_msgs/msg/detail/parameter_set_value_response__struct.h\n'}
[4.973454] (px4_msgs) StdoutLine: {'line': b'-- Up-to-date symlink: /home/ubuntu/px4_ros2_ws/install/px4_msgs/include/px4_msgs/px4_msgs/msg/detail/parameter_set_value_response__type_support.h\n'}
[4.973515] (px4_msgs) StdoutLine: {'line': b'-- Up-to-date symlink: /home/ubuntu/px4_ros2_ws/install/px4_msgs/include/px4_msgs/px4_msgs/msg/detail/parameter_update__functions.h\n'}
[4.973549] (px4_msgs) StdoutLine: {'line': b'-- Up-to-date symlink: /home/ubuntu/px4_ros2_ws/install/px4_msgs/include/px4_msgs/px4_msgs/msg/detail/parameter_update__struct.h\n'}
[4.973583] (px4_msgs) StdoutLine: {'line': b'-- Up-to-date symlink: /home/ubuntu/px4_ros2_ws/install/px4_msgs/include/px4_msgs/px4_msgs/msg/detail/parameter_update__type_support.h\n'}
[4.973630] (px4_msgs) StdoutLine: {'line': b'-- Up-to-date symlink: /home/ubuntu/px4_ros2_ws/install/px4_msgs/include/px4_msgs/px4_msgs/msg/detail/ping__functions.h\n'}
[4.973671] (px4_msgs) StdoutLine: {'line': b'-- Up-to-date symlink: /home/ubuntu/px4_ros2_ws/install/px4_msgs/include/px4_msgs/px4_msgs/msg/detail/ping__struct.h\n'}
[4.973704] (px4_msgs) StdoutLine: {'line': b'-- Up-to-date symlink: /home/ubuntu/px4_ros2_ws/install/px4_msgs/include/px4_msgs/px4_msgs/msg/detail/ping__type_support.h\n'}
[4.973737] (px4_msgs) StdoutLine: {'line': b'-- Up-to-date symlink: /home/ubuntu/px4_ros2_ws/install/px4_msgs/include/px4_msgs/px4_msgs/msg/detail/position_controller_landing_status__functions.h\n'}
[4.973772] (px4_msgs) StdoutLine: {'line': b'-- Up-to-date symlink: /home/ubuntu/px4_ros2_ws/install/px4_msgs/include/px4_msgs/px4_msgs/msg/detail/position_controller_landing_status__struct.h\n'}
[4.973805] (px4_msgs) StdoutLine: {'line': b'-- Up-to-date symlink: /home/ubuntu/px4_ros2_ws/install/px4_msgs/include/px4_msgs/px4_msgs/msg/detail/position_controller_landing_status__type_support.h\n'}
[4.973838] (px4_msgs) StdoutLine: {'line': b'-- Up-to-date symlink: /home/ubuntu/px4_ros2_ws/install/px4_msgs/include/px4_msgs/px4_msgs/msg/detail/position_controller_status__functions.h\n'}
[4.973871] (px4_msgs) StdoutLine: {'line': b'-- Up-to-date symlink: /home/ubuntu/px4_ros2_ws/install/px4_msgs/include/px4_msgs/px4_msgs/msg/detail/position_controller_status__struct.h\n'}
[4.973904] (px4_msgs) StdoutLine: {'line': b'-- Up-to-date symlink: /home/ubuntu/px4_ros2_ws/install/px4_msgs/include/px4_msgs/px4_msgs/msg/detail/position_controller_status__type_support.h\n'}
[4.973959] (px4_msgs) StdoutLine: {'line': b'-- Up-to-date symlink: /home/ubuntu/px4_ros2_ws/install/px4_msgs/include/px4_msgs/px4_msgs/msg/detail/position_setpoint__functions.h\n'}
[4.973998] (px4_msgs) StdoutLine: {'line': b'-- Up-to-date symlink: /home/ubuntu/px4_ros2_ws/install/px4_msgs/include/px4_msgs/px4_msgs/msg/detail/position_setpoint__struct.h\n'}
[4.974029] (px4_msgs) StdoutLine: {'line': b'-- Up-to-date symlink: /home/ubuntu/px4_ros2_ws/install/px4_msgs/include/px4_msgs/px4_msgs/msg/detail/position_setpoint__type_support.h\n'}
[4.974060] (px4_msgs) StdoutLine: {'line': b'-- Up-to-date symlink: /home/ubuntu/px4_ros2_ws/install/px4_msgs/include/px4_msgs/px4_msgs/msg/detail/position_setpoint_triplet__functions.h\n'}
[4.974093] (px4_msgs) StdoutLine: {'line': b'-- Up-to-date symlink: /home/ubuntu/px4_ros2_ws/install/px4_msgs/include/px4_msgs/px4_msgs/msg/detail/position_setpoint_triplet__struct.h\n'}
[4.974126] (px4_msgs) StdoutLine: {'line': b'-- Up-to-date symlink: /home/ubuntu/px4_ros2_ws/install/px4_msgs/include/px4_msgs/px4_msgs/msg/detail/position_setpoint_triplet__type_support.h\n'}
[4.974158] (px4_msgs) StdoutLine: {'line': b'-- Up-to-date symlink: /home/ubuntu/px4_ros2_ws/install/px4_msgs/include/px4_msgs/px4_msgs/msg/detail/power_button_state__functions.h\n'}
[4.974191] (px4_msgs) StdoutLine: {'line': b'-- Up-to-date symlink: /home/ubuntu/px4_ros2_ws/install/px4_msgs/include/px4_msgs/px4_msgs/msg/detail/power_button_state__struct.h\n'}
[4.974243] (px4_msgs) StdoutLine: {'line': b'-- Up-to-date symlink: /home/ubuntu/px4_ros2_ws/install/px4_msgs/include/px4_msgs/px4_msgs/msg/detail/power_button_state__type_support.h\n'}
[4.974275] (px4_msgs) StdoutLine: {'line': b'-- Up-to-date symlink: /home/ubuntu/px4_ros2_ws/install/px4_msgs/include/px4_msgs/px4_msgs/msg/detail/power_monitor__functions.h\n'}
[4.974310] (px4_msgs) StdoutLine: {'line': b'-- Up-to-date symlink: /home/ubuntu/px4_ros2_ws/install/px4_msgs/include/px4_msgs/px4_msgs/msg/detail/power_monitor__struct.h\n'}
[4.974345] (px4_msgs) StdoutLine: {'line': b'-- Up-to-date symlink: /home/ubuntu/px4_ros2_ws/install/px4_msgs/include/px4_msgs/px4_msgs/msg/detail/power_monitor__type_support.h\n'}
[4.974381] (px4_msgs) StdoutLine: {'line': b'-- Up-to-date symlink: /home/ubuntu/px4_ros2_ws/install/px4_msgs/include/px4_msgs/px4_msgs/msg/detail/pps_capture__functions.h\n'}
[4.974459] (px4_msgs) StdoutLine: {'line': b'-- Up-to-date symlink: /home/ubuntu/px4_ros2_ws/install/px4_msgs/include/px4_msgs/px4_msgs/msg/detail/pps_capture__struct.h\n'}
[4.974497] (px4_msgs) StdoutLine: {'line': b'-- Up-to-date symlink: /home/ubuntu/px4_ros2_ws/install/px4_msgs/include/px4_msgs/px4_msgs/msg/detail/pps_capture__type_support.h\n'}
[4.974535] (px4_msgs) StdoutLine: {'line': b'-- Up-to-date symlink: /home/ubuntu/px4_ros2_ws/install/px4_msgs/include/px4_msgs/px4_msgs/msg/detail/prec_land_status__functions.h\n'}
[4.974575] (px4_msgs) StdoutLine: {'line': b'-- Up-to-date symlink: /home/ubuntu/px4_ros2_ws/install/px4_msgs/include/px4_msgs/px4_msgs/msg/detail/prec_land_status__struct.h\n'}
[4.974610] (px4_msgs) StdoutLine: {'line': b'-- Up-to-date symlink: /home/ubuntu/px4_ros2_ws/install/px4_msgs/include/px4_msgs/px4_msgs/msg/detail/prec_land_status__type_support.h\n'}
[4.974643] (px4_msgs) StdoutLine: {'line': b'-- Up-to-date symlink: /home/ubuntu/px4_ros2_ws/install/px4_msgs/include/px4_msgs/px4_msgs/msg/detail/pure_pursuit_status__functions.h\n'}
[4.974676] (px4_msgs) StdoutLine: {'line': b'-- Up-to-date symlink: /home/ubuntu/px4_ros2_ws/install/px4_msgs/include/px4_msgs/px4_msgs/msg/detail/pure_pursuit_status__struct.h\n'}
[4.974710] (px4_msgs) StdoutLine: {'line': b'-- Up-to-date symlink: /home/ubuntu/px4_ros2_ws/install/px4_msgs/include/px4_msgs/px4_msgs/msg/detail/pure_pursuit_status__type_support.h\n'}
[4.974746] (px4_msgs) StdoutLine: {'line': b'-- Up-to-date symlink: /home/ubuntu/px4_ros2_ws/install/px4_msgs/include/px4_msgs/px4_msgs/msg/detail/pwm_input__functions.h\n'}
[4.974785] (px4_msgs) StdoutLine: {'line': b'-- Up-to-date symlink: /home/ubuntu/px4_ros2_ws/install/px4_msgs/include/px4_msgs/px4_msgs/msg/detail/pwm_input__struct.h\n'}
[4.974823] (px4_msgs) StdoutLine: {'line': b'-- Up-to-date symlink: /home/ubuntu/px4_ros2_ws/install/px4_msgs/include/px4_msgs/px4_msgs/msg/detail/pwm_input__type_support.h\n'}
[4.974861] (px4_msgs) StdoutLine: {'line': b'-- Up-to-date symlink: /home/ubuntu/px4_ros2_ws/install/px4_msgs/include/px4_msgs/px4_msgs/msg/detail/px4io_status__functions.h\n'}
[4.974896] (px4_msgs) StdoutLine: {'line': b'-- Up-to-date symlink: /home/ubuntu/px4_ros2_ws/install/px4_msgs/include/px4_msgs/px4_msgs/msg/detail/px4io_status__struct.h\n'}
[4.974930] (px4_msgs) StdoutLine: {'line': b'-- Up-to-date symlink: /home/ubuntu/px4_ros2_ws/install/px4_msgs/include/px4_msgs/px4_msgs/msg/detail/px4io_status__type_support.h\n'}
[4.974966] (px4_msgs) StdoutLine: {'line': b'-- Up-to-date symlink: /home/ubuntu/px4_ros2_ws/install/px4_msgs/include/px4_msgs/px4_msgs/msg/detail/qshell_req__functions.h\n'}
[4.975001] (px4_msgs) StdoutLine: {'line': b'-- Up-to-date symlink: /home/ubuntu/px4_ros2_ws/install/px4_msgs/include/px4_msgs/px4_msgs/msg/detail/qshell_req__struct.h\n'}
[4.975076] (px4_msgs) StdoutLine: {'line': b'-- Up-to-date symlink: /home/ubuntu/px4_ros2_ws/install/px4_msgs/include/px4_msgs/px4_msgs/msg/detail/qshell_req__type_support.h\n'}
[4.975117] (px4_msgs) StdoutLine: {'line': b'-- Up-to-date symlink: /home/ubuntu/px4_ros2_ws/install/px4_msgs/include/px4_msgs/px4_msgs/msg/detail/qshell_retval__functions.h\n'}
[4.975153] (px4_msgs) StdoutLine: {'line': b'-- Up-to-date symlink: /home/ubuntu/px4_ros2_ws/install/px4_msgs/include/px4_msgs/px4_msgs/msg/detail/qshell_retval__struct.h\n'}
[4.975191] (px4_msgs) StdoutLine: {'line': b'-- Up-to-date symlink: /home/ubuntu/px4_ros2_ws/install/px4_msgs/include/px4_msgs/px4_msgs/msg/detail/qshell_retval__type_support.h\n'}
[4.975223] (px4_msgs) StdoutLine: {'line': b'-- Up-to-date symlink: /home/ubuntu/px4_ros2_ws/install/px4_msgs/include/px4_msgs/px4_msgs/msg/detail/radio_status__functions.h\n'}
[4.975254] (px4_msgs) StdoutLine: {'line': b'-- Up-to-date symlink: /home/ubuntu/px4_ros2_ws/install/px4_msgs/include/px4_msgs/px4_msgs/msg/detail/radio_status__struct.h\n'}
[4.975284] (px4_msgs) StdoutLine: {'line': b'-- Up-to-date symlink: /home/ubuntu/px4_ros2_ws/install/px4_msgs/include/px4_msgs/px4_msgs/msg/detail/radio_status__type_support.h\n'}
[4.975370] (px4_msgs) StdoutLine: {'line': b'-- Up-to-date symlink: /home/ubuntu/px4_ros2_ws/install/px4_msgs/include/px4_msgs/px4_msgs/msg/detail/ranging_beacon__functions.h\n'}
[4.975466] (px4_msgs) StdoutLine: {'line': b'-- Up-to-date symlink: /home/ubuntu/px4_ros2_ws/install/px4_msgs/include/px4_msgs/px4_msgs/msg/detail/ranging_beacon__struct.h\n'}
[4.975559] (px4_msgs) StdoutLine: {'line': b'-- Up-to-date symlink: /home/ubuntu/px4_ros2_ws/install/px4_msgs/include/px4_msgs/px4_msgs/msg/detail/ranging_beacon__type_support.h\n'}
[4.975613] (px4_msgs) StdoutLine: {'line': b'-- Up-to-date symlink: /home/ubuntu/px4_ros2_ws/install/px4_msgs/include/px4_msgs/px4_msgs/msg/detail/raptor_input__functions.h\n'}
[4.975703] (px4_msgs) StdoutLine: {'line': b'-- Up-to-date symlink: /home/ubuntu/px4_ros2_ws/install/px4_msgs/include/px4_msgs/px4_msgs/msg/detail/raptor_input__struct.h\n'}
[4.975745] (px4_msgs) StdoutLine: {'line': b'-- Up-to-date symlink: /home/ubuntu/px4_ros2_ws/install/px4_msgs/include/px4_msgs/px4_msgs/msg/detail/raptor_input__type_support.h\n'}
[4.975781] (px4_msgs) StdoutLine: {'line': b'-- Up-to-date symlink: /home/ubuntu/px4_ros2_ws/install/px4_msgs/include/px4_msgs/px4_msgs/msg/detail/raptor_status__functions.h\n'}
[4.975824] (px4_msgs) StdoutLine: {'line': b'-- Up-to-date symlink: /home/ubuntu/px4_ros2_ws/install/px4_msgs/include/px4_msgs/px4_msgs/msg/detail/raptor_status__struct.h\n'}
[4.975868] (px4_msgs) StdoutLine: {'line': b'-- Up-to-date symlink: /home/ubuntu/px4_ros2_ws/install/px4_msgs/include/px4_msgs/px4_msgs/msg/detail/raptor_status__type_support.h\n'}
[4.976126] (px4_msgs) StdoutLine: {'line': b'-- Up-to-date symlink: /home/ubuntu/px4_ros2_ws/install/px4_msgs/include/px4_msgs/px4_msgs/msg/detail/rate_ctrl_status__functions.h\n'}
[4.976234] (px4_msgs) StdoutLine: {'line': b'-- Up-to-date symlink: /home/ubuntu/px4_ros2_ws/install/px4_msgs/include/px4_msgs/px4_msgs/msg/detail/rate_ctrl_status__struct.h\n'}
[4.976285] (px4_msgs) StdoutLine: {'line': b'-- Up-to-date symlink: /home/ubuntu/px4_ros2_ws/install/px4_msgs/include/px4_msgs/px4_msgs/msg/detail/rate_ctrl_status__type_support.h\n'}
[4.976321] (px4_msgs) StdoutLine: {'line': b'-- Up-to-date symlink: /home/ubuntu/px4_ros2_ws/install/px4_msgs/include/px4_msgs/px4_msgs/msg/detail/rc_channels__functions.h\n'}
[4.976355] (px4_msgs) StdoutLine: {'line': b'-- Up-to-date symlink: /home/ubuntu/px4_ros2_ws/install/px4_msgs/include/px4_msgs/px4_msgs/msg/detail/rc_channels__struct.h\n'}
[4.976432] (px4_msgs) StdoutLine: {'line': b'-- Up-to-date symlink: /home/ubuntu/px4_ros2_ws/install/px4_msgs/include/px4_msgs/px4_msgs/msg/detail/rc_channels__type_support.h\n'}
[4.976486] (px4_msgs) StdoutLine: {'line': b'-- Up-to-date symlink: /home/ubuntu/px4_ros2_ws/install/px4_msgs/include/px4_msgs/px4_msgs/msg/detail/rc_parameter_map__functions.h\n'}
[4.976530] (px4_msgs) StdoutLine: {'line': b'-- Up-to-date symlink: /home/ubuntu/px4_ros2_ws/install/px4_msgs/include/px4_msgs/px4_msgs/msg/detail/rc_parameter_map__struct.h\n'}
[4.976571] (px4_msgs) StdoutLine: {'line': b'-- Up-to-date symlink: /home/ubuntu/px4_ros2_ws/install/px4_msgs/include/px4_msgs/px4_msgs/msg/detail/rc_parameter_map__type_support.h\n'}
[4.976603] (px4_msgs) StdoutLine: {'line': b'-- Up-to-date symlink: /home/ubuntu/px4_ros2_ws/install/px4_msgs/include/px4_msgs/px4_msgs/msg/detail/register_ext_component_reply__functions.h\n'}
[4.976637] (px4_msgs) StdoutLine: {'line': b'-- Up-to-date symlink: /home/ubuntu/px4_ros2_ws/install/px4_msgs/include/px4_msgs/px4_msgs/msg/detail/register_ext_component_reply__struct.h\n'}
[4.976670] (px4_msgs) StdoutLine: {'line': b'-- Up-to-date symlink: /home/ubuntu/px4_ros2_ws/install/px4_msgs/include/px4_msgs/px4_msgs/msg/detail/register_ext_component_reply__type_support.h\n'}
[4.976702] (px4_msgs) StdoutLine: {'line': b'-- Up-to-date symlink: /home/ubuntu/px4_ros2_ws/install/px4_msgs/include/px4_msgs/px4_msgs/msg/detail/register_ext_component_request__functions.h\n'}
[4.976754] (px4_msgs) StdoutLine: {'line': b'-- Up-to-date symlink: /home/ubuntu/px4_ros2_ws/install/px4_msgs/include/px4_msgs/px4_msgs/msg/detail/register_ext_component_request__struct.h\n'}
[4.976799] (px4_msgs) StdoutLine: {'line': b'-- Up-to-date symlink: /home/ubuntu/px4_ros2_ws/install/px4_msgs/include/px4_msgs/px4_msgs/msg/detail/register_ext_component_request__type_support.h\n'}
[4.976831] (px4_msgs) StdoutLine: {'line': b'-- Up-to-date symlink: /home/ubuntu/px4_ros2_ws/install/px4_msgs/include/px4_msgs/px4_msgs/msg/detail/rover_attitude_setpoint__functions.h\n'}
[4.976865] (px4_msgs) StdoutLine: {'line': b'-- Up-to-date symlink: /home/ubuntu/px4_ros2_ws/install/px4_msgs/include/px4_msgs/px4_msgs/msg/detail/rover_attitude_setpoint__struct.h\n'}
[4.976897] (px4_msgs) StdoutLine: {'line': b'-- Up-to-date symlink: /home/ubuntu/px4_ros2_ws/install/px4_msgs/include/px4_msgs/px4_msgs/msg/detail/rover_attitude_setpoint__type_support.h\n'}
[4.976929] (px4_msgs) StdoutLine: {'line': b'-- Up-to-date symlink: /home/ubuntu/px4_ros2_ws/install/px4_msgs/include/px4_msgs/px4_msgs/msg/detail/rover_attitude_status__functions.h\n'}
[4.976961] (px4_msgs) StdoutLine: {'line': b'-- Up-to-date symlink: /home/ubuntu/px4_ros2_ws/install/px4_msgs/include/px4_msgs/px4_msgs/msg/detail/rover_attitude_status__struct.h\n'}
[4.976993] (px4_msgs) StdoutLine: {'line': b'-- Up-to-date symlink: /home/ubuntu/px4_ros2_ws/install/px4_msgs/include/px4_msgs/px4_msgs/msg/detail/rover_attitude_status__type_support.h\n'}
[4.977024] (px4_msgs) StdoutLine: {'line': b'-- Up-to-date symlink: /home/ubuntu/px4_ros2_ws/install/px4_msgs/include/px4_msgs/px4_msgs/msg/detail/rover_position_setpoint__functions.h\n'}
[4.977055] (px4_msgs) StdoutLine: {'line': b'-- Up-to-date symlink: /home/ubuntu/px4_ros2_ws/install/px4_msgs/include/px4_msgs/px4_msgs/msg/detail/rover_position_setpoint__struct.h\n'}
[4.977087] (px4_msgs) StdoutLine: {'line': b'-- Up-to-date symlink: /home/ubuntu/px4_ros2_ws/install/px4_msgs/include/px4_msgs/px4_msgs/msg/detail/rover_position_setpoint__type_support.h\n'}
[4.977120] (px4_msgs) StdoutLine: {'line': b'-- Up-to-date symlink: /home/ubuntu/px4_ros2_ws/install/px4_msgs/include/px4_msgs/px4_msgs/msg/detail/rover_rate_setpoint__functions.h\n'}
[4.977153] (px4_msgs) StdoutLine: {'line': b'-- Up-to-date symlink: /home/ubuntu/px4_ros2_ws/install/px4_msgs/include/px4_msgs/px4_msgs/msg/detail/rover_rate_setpoint__struct.h\n'}
[4.977185] (px4_msgs) StdoutLine: {'line': b'-- Up-to-date symlink: /home/ubuntu/px4_ros2_ws/install/px4_msgs/include/px4_msgs/px4_msgs/msg/detail/rover_rate_setpoint__type_support.h\n'}
[4.977218] (px4_msgs) StdoutLine: {'line': b'-- Up-to-date symlink: /home/ubuntu/px4_ros2_ws/install/px4_msgs/include/px4_msgs/px4_msgs/msg/detail/rover_rate_status__functions.h\n'}
[4.977249] (px4_msgs) StdoutLine: {'line': b'-- Up-to-date symlink: /home/ubuntu/px4_ros2_ws/install/px4_msgs/include/px4_msgs/px4_msgs/msg/detail/rover_rate_status__struct.h\n'}
[4.977284] (px4_msgs) StdoutLine: {'line': b'-- Up-to-date symlink: /home/ubuntu/px4_ros2_ws/install/px4_msgs/include/px4_msgs/px4_msgs/msg/detail/rover_rate_status__type_support.h\n'}
[4.977367] (px4_msgs) StdoutLine: {'line': b'-- Up-to-date symlink: /home/ubuntu/px4_ros2_ws/install/px4_msgs/include/px4_msgs/px4_msgs/msg/detail/rover_speed_setpoint__functions.h\n'}
[4.977404] (px4_msgs) StdoutLine: {'line': b'-- Up-to-date symlink: /home/ubuntu/px4_ros2_ws/install/px4_msgs/include/px4_msgs/px4_msgs/msg/detail/rover_speed_setpoint__struct.h\n'}
[4.977439] (px4_msgs) StdoutLine: {'line': b'-- Up-to-date symlink: /home/ubuntu/px4_ros2_ws/install/px4_msgs/include/px4_msgs/px4_msgs/msg/detail/rover_speed_setpoint__type_support.h\n'}
[4.977482] (px4_msgs) StdoutLine: {'line': b'-- Up-to-date symlink: /home/ubuntu/px4_ros2_ws/install/px4_msgs/include/px4_msgs/px4_msgs/msg/detail/rover_speed_status__functions.h\n'}
[4.977516] (px4_msgs) StdoutLine: {'line': b'-- Up-to-date symlink: /home/ubuntu/px4_ros2_ws/install/px4_msgs/include/px4_msgs/px4_msgs/msg/detail/rover_speed_status__struct.h\n'}
[4.977550] (px4_msgs) StdoutLine: {'line': b'-- Up-to-date symlink: /home/ubuntu/px4_ros2_ws/install/px4_msgs/include/px4_msgs/px4_msgs/msg/detail/rover_speed_status__type_support.h\n'}
[4.977609] (px4_msgs) StdoutLine: {'line': b'-- Up-to-date symlink: /home/ubuntu/px4_ros2_ws/install/px4_msgs/include/px4_msgs/px4_msgs/msg/detail/rover_steering_setpoint__functions.h\n'}
[4.977649] (px4_msgs) StdoutLine: {'line': b'-- Up-to-date symlink: /home/ubuntu/px4_ros2_ws/install/px4_msgs/include/px4_msgs/px4_msgs/msg/detail/rover_steering_setpoint__struct.h\n'}
[4.977681] (px4_msgs) StdoutLine: {'line': b'-- Up-to-date symlink: /home/ubuntu/px4_ros2_ws/install/px4_msgs/include/px4_msgs/px4_msgs/msg/detail/rover_steering_setpoint__type_support.h\n'}
[4.977715] (px4_msgs) StdoutLine: {'line': b'-- Up-to-date symlink: /home/ubuntu/px4_ros2_ws/install/px4_msgs/include/px4_msgs/px4_msgs/msg/detail/rover_throttle_setpoint__functions.h\n'}
[4.977747] (px4_msgs) StdoutLine: {'line': b'-- Up-to-date symlink: /home/ubuntu/px4_ros2_ws/install/px4_msgs/include/px4_msgs/px4_msgs/msg/detail/rover_throttle_setpoint__struct.h\n'}
[4.977780] (px4_msgs) StdoutLine: {'line': b'-- Up-to-date symlink: /home/ubuntu/px4_ros2_ws/install/px4_msgs/include/px4_msgs/px4_msgs/msg/detail/rover_throttle_setpoint__type_support.h\n'}
[4.977811] (px4_msgs) StdoutLine: {'line': b'-- Up-to-date symlink: /home/ubuntu/px4_ros2_ws/install/px4_msgs/include/px4_msgs/px4_msgs/msg/detail/rpm__functions.h\n'}
[4.977842] (px4_msgs) StdoutLine: {'line': b'-- Up-to-date symlink: /home/ubuntu/px4_ros2_ws/install/px4_msgs/include/px4_msgs/px4_msgs/msg/detail/rpm__struct.h\n'}
[4.977873] (px4_msgs) StdoutLine: {'line': b'-- Up-to-date symlink: /home/ubuntu/px4_ros2_ws/install/px4_msgs/include/px4_msgs/px4_msgs/msg/detail/rpm__type_support.h\n'}
[4.977903] (px4_msgs) StdoutLine: {'line': b'-- Up-to-date symlink: /home/ubuntu/px4_ros2_ws/install/px4_msgs/include/px4_msgs/px4_msgs/msg/detail/rtcm_data__functions.h\n'}
[4.977934] (px4_msgs) StdoutLine: {'line': b'-- Up-to-date symlink: /home/ubuntu/px4_ros2_ws/install/px4_msgs/include/px4_msgs/px4_msgs/msg/detail/rtcm_data__struct.h\n'}
[4.977979] (px4_msgs) StdoutLine: {'line': b'-- Up-to-date symlink: /home/ubuntu/px4_ros2_ws/install/px4_msgs/include/px4_msgs/px4_msgs/msg/detail/rtcm_data__type_support.h\n'}
[4.978011] (px4_msgs) StdoutLine: {'line': b'-- Up-to-date symlink: /home/ubuntu/px4_ros2_ws/install/px4_msgs/include/px4_msgs/px4_msgs/msg/detail/rtl_status__functions.h\n'}
[4.978041] (px4_msgs) StdoutLine: {'line': b'-- Up-to-date symlink: /home/ubuntu/px4_ros2_ws/install/px4_msgs/include/px4_msgs/px4_msgs/msg/detail/rtl_status__struct.h\n'}
[4.978072] (px4_msgs) StdoutLine: {'line': b'-- Up-to-date symlink: /home/ubuntu/px4_ros2_ws/install/px4_msgs/include/px4_msgs/px4_msgs/msg/detail/rtl_status__type_support.h\n'}
[4.978104] (px4_msgs) StdoutLine: {'line': b'-- Up-to-date symlink: /home/ubuntu/px4_ros2_ws/install/px4_msgs/include/px4_msgs/px4_msgs/msg/detail/rtl_time_estimate__functions.h\n'}
[4.978137] (px4_msgs) StdoutLine: {'line': b'-- Up-to-date symlink: /home/ubuntu/px4_ros2_ws/install/px4_msgs/include/px4_msgs/px4_msgs/msg/detail/rtl_time_estimate__struct.h\n'}
[4.978167] (px4_msgs) StdoutLine: {'line': b'-- Up-to-date symlink: /home/ubuntu/px4_ros2_ws/install/px4_msgs/include/px4_msgs/px4_msgs/msg/detail/rtl_time_estimate__type_support.h\n'}
[4.978197] (px4_msgs) StdoutLine: {'line': b'-- Up-to-date symlink: /home/ubuntu/px4_ros2_ws/install/px4_msgs/include/px4_msgs/px4_msgs/msg/detail/satellite_info__functions.h\n'}
[4.978227] (px4_msgs) StdoutLine: {'line': b'-- Up-to-date symlink: /home/ubuntu/px4_ros2_ws/install/px4_msgs/include/px4_msgs/px4_msgs/msg/detail/satellite_info__struct.h\n'}
[4.978258] (px4_msgs) StdoutLine: {'line': b'-- Up-to-date symlink: /home/ubuntu/px4_ros2_ws/install/px4_msgs/include/px4_msgs/px4_msgs/msg/detail/satellite_info__type_support.h\n'}
[4.978290] (px4_msgs) StdoutLine: {'line': b'-- Up-to-date symlink: /home/ubuntu/px4_ros2_ws/install/px4_msgs/include/px4_msgs/px4_msgs/msg/detail/sensor_accel__functions.h\n'}
[4.978360] (px4_msgs) StdoutLine: {'line': b'-- Up-to-date symlink: /home/ubuntu/px4_ros2_ws/install/px4_msgs/include/px4_msgs/px4_msgs/msg/detail/sensor_accel__struct.h\n'}
[4.978390] (px4_msgs) StdoutLine: {'line': b'-- Up-to-date symlink: /home/ubuntu/px4_ros2_ws/install/px4_msgs/include/px4_msgs/px4_msgs/msg/detail/sensor_accel__type_support.h\n'}
[4.978420] (px4_msgs) StdoutLine: {'line': b'-- Up-to-date symlink: /home/ubuntu/px4_ros2_ws/install/px4_msgs/include/px4_msgs/px4_msgs/msg/detail/sensor_accel_fifo__functions.h\n'}
[4.978497] (px4_msgs) StdoutLine: {'line': b'-- Up-to-date symlink: /home/ubuntu/px4_ros2_ws/install/px4_msgs/include/px4_msgs/px4_msgs/msg/detail/sensor_accel_fifo__struct.h\n'}
[4.978528] (px4_msgs) StdoutLine: {'line': b'-- Up-to-date symlink: /home/ubuntu/px4_ros2_ws/install/px4_msgs/include/px4_msgs/px4_msgs/msg/detail/sensor_accel_fifo__type_support.h\n'}
[4.978572] (px4_msgs) StdoutLine: {'line': b'-- Up-to-date symlink: /home/ubuntu/px4_ros2_ws/install/px4_msgs/include/px4_msgs/px4_msgs/msg/detail/sensor_airflow__functions.h\n'}
[4.978605] (px4_msgs) StdoutLine: {'line': b'-- Up-to-date symlink: /home/ubuntu/px4_ros2_ws/install/px4_msgs/include/px4_msgs/px4_msgs/msg/detail/sensor_airflow__struct.h\n'}
[4.978639] (px4_msgs) StdoutLine: {'line': b'-- Up-to-date symlink: /home/ubuntu/px4_ros2_ws/install/px4_msgs/include/px4_msgs/px4_msgs/msg/detail/sensor_airflow__type_support.h\n'}
[4.978671] (px4_msgs) StdoutLine: {'line': b'-- Up-to-date symlink: /home/ubuntu/px4_ros2_ws/install/px4_msgs/include/px4_msgs/px4_msgs/msg/detail/sensor_baro__functions.h\n'}
[4.978703] (px4_msgs) StdoutLine: {'line': b'-- Up-to-date symlink: /home/ubuntu/px4_ros2_ws/install/px4_msgs/include/px4_msgs/px4_msgs/msg/detail/sensor_baro__struct.h\n'}
[4.978739] (px4_msgs) StdoutLine: {'line': b'-- Up-to-date symlink: /home/ubuntu/px4_ros2_ws/install/px4_msgs/include/px4_msgs/px4_msgs/msg/detail/sensor_baro__type_support.h\n'}
[4.978773] (px4_msgs) StdoutLine: {'line': b'-- Up-to-date symlink: /home/ubuntu/px4_ros2_ws/install/px4_msgs/include/px4_msgs/px4_msgs/msg/detail/sensor_combined__functions.h\n'}
[4.978808] (px4_msgs) StdoutLine: {'line': b'-- Up-to-date symlink: /home/ubuntu/px4_ros2_ws/install/px4_msgs/include/px4_msgs/px4_msgs/msg/detail/sensor_combined__struct.h\n'}
[4.978857] (px4_msgs) StdoutLine: {'line': b'-- Up-to-date symlink: /home/ubuntu/px4_ros2_ws/install/px4_msgs/include/px4_msgs/px4_msgs/msg/detail/sensor_combined__type_support.h\n'}
[4.978892] (px4_msgs) StdoutLine: {'line': b'-- Up-to-date symlink: /home/ubuntu/px4_ros2_ws/install/px4_msgs/include/px4_msgs/px4_msgs/msg/detail/sensor_correction__functions.h\n'}
[4.978927] (px4_msgs) StdoutLine: {'line': b'-- Up-to-date symlink: /home/ubuntu/px4_ros2_ws/install/px4_msgs/include/px4_msgs/px4_msgs/msg/detail/sensor_correction__struct.h\n'}
[4.978958] (px4_msgs) StdoutLine: {'line': b'-- Up-to-date symlink: /home/ubuntu/px4_ros2_ws/install/px4_msgs/include/px4_msgs/px4_msgs/msg/detail/sensor_correction__type_support.h\n'}
[4.978992] (px4_msgs) StdoutLine: {'line': b'-- Up-to-date symlink: /home/ubuntu/px4_ros2_ws/install/px4_msgs/include/px4_msgs/px4_msgs/msg/detail/sensor_gnss_relative__functions.h\n'}
[4.979023] (px4_msgs) StdoutLine: {'line': b'-- Up-to-date symlink: /home/ubuntu/px4_ros2_ws/install/px4_msgs/include/px4_msgs/px4_msgs/msg/detail/sensor_gnss_relative__struct.h\n'}
[4.979056] (px4_msgs) StdoutLine: {'line': b'-- Up-to-date symlink: /home/ubuntu/px4_ros2_ws/install/px4_msgs/include/px4_msgs/px4_msgs/msg/detail/sensor_gnss_relative__type_support.h\n'}
[4.979087] (px4_msgs) StdoutLine: {'line': b'-- Up-to-date symlink: /home/ubuntu/px4_ros2_ws/install/px4_msgs/include/px4_msgs/px4_msgs/msg/detail/sensor_gnss_status__functions.h\n'}
[4.979159] (px4_msgs) StdoutLine: {'line': b'-- Up-to-date symlink: /home/ubuntu/px4_ros2_ws/install/px4_msgs/include/px4_msgs/px4_msgs/msg/detail/sensor_gnss_status__struct.h\n'}
[4.979192] (px4_msgs) StdoutLine: {'line': b'-- Up-to-date symlink: /home/ubuntu/px4_ros2_ws/install/px4_msgs/include/px4_msgs/px4_msgs/msg/detail/sensor_gnss_status__type_support.h\n'}
[4.979254] (px4_msgs) StdoutLine: {'line': b'-- Up-to-date symlink: /home/ubuntu/px4_ros2_ws/install/px4_msgs/include/px4_msgs/px4_msgs/msg/detail/sensor_gps__functions.h\n'}
[4.979287] (px4_msgs) StdoutLine: {'line': b'-- Up-to-date symlink: /home/ubuntu/px4_ros2_ws/install/px4_msgs/include/px4_msgs/px4_msgs/msg/detail/sensor_gps__struct.h\n'}
[4.979325] (px4_msgs) StdoutLine: {'line': b'-- Up-to-date symlink: /home/ubuntu/px4_ros2_ws/install/px4_msgs/include/px4_msgs/px4_msgs/msg/detail/sensor_gps__type_support.h\n'}
[4.979366] (px4_msgs) StdoutLine: {'line': b'-- Up-to-date symlink: /home/ubuntu/px4_ros2_ws/install/px4_msgs/include/px4_msgs/px4_msgs/msg/detail/sensor_gyro__functions.h\n'}
[4.979404] (px4_msgs) StdoutLine: {'line': b'-- Up-to-date symlink: /home/ubuntu/px4_ros2_ws/install/px4_msgs/include/px4_msgs/px4_msgs/msg/detail/sensor_gyro__struct.h\n'}
[4.979441] (px4_msgs) StdoutLine: {'line': b'-- Up-to-date symlink: /home/ubuntu/px4_ros2_ws/install/px4_msgs/include/px4_msgs/px4_msgs/msg/detail/sensor_gyro__type_support.h\n'}
[4.979494] (px4_msgs) StdoutLine: {'line': b'-- Up-to-date symlink: /home/ubuntu/px4_ros2_ws/install/px4_msgs/include/px4_msgs/px4_msgs/msg/detail/sensor_gyro_fft__functions.h\n'}
[4.979526] (px4_msgs) StdoutLine: {'line': b'-- Up-to-date symlink: /home/ubuntu/px4_ros2_ws/install/px4_msgs/include/px4_msgs/px4_msgs/msg/detail/sensor_gyro_fft__struct.h\n'}
[4.979558] (px4_msgs) StdoutLine: {'line': b'-- Up-to-date symlink: /home/ubuntu/px4_ros2_ws/install/px4_msgs/include/px4_msgs/px4_msgs/msg/detail/sensor_gyro_fft__type_support.h\n'}
[4.979590] (px4_msgs) StdoutLine: {'line': b'-- Up-to-date symlink: /home/ubuntu/px4_ros2_ws/install/px4_msgs/include/px4_msgs/px4_msgs/msg/detail/sensor_gyro_fifo__functions.h\n'}
[4.979624] (px4_msgs) StdoutLine: {'line': b'-- Up-to-date symlink: /home/ubuntu/px4_ros2_ws/install/px4_msgs/include/px4_msgs/px4_msgs/msg/detail/sensor_gyro_fifo__struct.h\n'}
[4.979685] (px4_msgs) StdoutLine: {'line': b'-- Up-to-date symlink: /home/ubuntu/px4_ros2_ws/install/px4_msgs/include/px4_msgs/px4_msgs/msg/detail/sensor_gyro_fifo__type_support.h\n'}
[4.979724] (px4_msgs) StdoutLine: {'line': b'-- Up-to-date symlink: /home/ubuntu/px4_ros2_ws/install/px4_msgs/include/px4_msgs/px4_msgs/msg/detail/sensor_hygrometer__functions.h\n'}
[4.979756] (px4_msgs) StdoutLine: {'line': b'-- Up-to-date symlink: /home/ubuntu/px4_ros2_ws/install/px4_msgs/include/px4_msgs/px4_msgs/msg/detail/sensor_hygrometer__struct.h\n'}
[4.979809] (px4_msgs) StdoutLine: {'line': b'-- Up-to-date symlink: /home/ubuntu/px4_ros2_ws/install/px4_msgs/include/px4_msgs/px4_msgs/msg/detail/sensor_hygrometer__type_support.h\n'}
[4.979840] (px4_msgs) StdoutLine: {'line': b'-- Up-to-date symlink: /home/ubuntu/px4_ros2_ws/install/px4_msgs/include/px4_msgs/px4_msgs/msg/detail/sensor_mag__functions.h\n'}
[4.979873] (px4_msgs) StdoutLine: {'line': b'-- Up-to-date symlink: /home/ubuntu/px4_ros2_ws/install/px4_msgs/include/px4_msgs/px4_msgs/msg/detail/sensor_mag__struct.h\n'}
[4.979904] (px4_msgs) StdoutLine: {'line': b'-- Up-to-date symlink: /home/ubuntu/px4_ros2_ws/install/px4_msgs/include/px4_msgs/px4_msgs/msg/detail/sensor_mag__type_support.h\n'}
[4.979934] (px4_msgs) StdoutLine: {'line': b'-- Up-to-date symlink: /home/ubuntu/px4_ros2_ws/install/px4_msgs/include/px4_msgs/px4_msgs/msg/detail/sensor_optical_flow__functions.h\n'}
[4.979990] (px4_msgs) StdoutLine: {'line': b'-- Up-to-date symlink: /home/ubuntu/px4_ros2_ws/install/px4_msgs/include/px4_msgs/px4_msgs/msg/detail/sensor_optical_flow__struct.h\n'}
[4.980019] (px4_msgs) StdoutLine: {'line': b'-- Up-to-date symlink: /home/ubuntu/px4_ros2_ws/install/px4_msgs/include/px4_msgs/px4_msgs/msg/detail/sensor_optical_flow__type_support.h\n'}
[4.980050] (px4_msgs) StdoutLine: {'line': b'-- Up-to-date symlink: /home/ubuntu/px4_ros2_ws/install/px4_msgs/include/px4_msgs/px4_msgs/msg/detail/sensor_preflight_mag__functions.h\n'}
[4.980082] (px4_msgs) StdoutLine: {'line': b'-- Up-to-date symlink: /home/ubuntu/px4_ros2_ws/install/px4_msgs/include/px4_msgs/px4_msgs/msg/detail/sensor_preflight_mag__struct.h\n'}
[4.980131] (px4_msgs) StdoutLine: {'line': b'-- Up-to-date symlink: /home/ubuntu/px4_ros2_ws/install/px4_msgs/include/px4_msgs/px4_msgs/msg/detail/sensor_preflight_mag__type_support.h\n'}
[4.980161] (px4_msgs) StdoutLine: {'line': b'-- Up-to-date symlink: /home/ubuntu/px4_ros2_ws/install/px4_msgs/include/px4_msgs/px4_msgs/msg/detail/sensor_selection__functions.h\n'}
[4.980192] (px4_msgs) StdoutLine: {'line': b'-- Up-to-date symlink: /home/ubuntu/px4_ros2_ws/install/px4_msgs/include/px4_msgs/px4_msgs/msg/detail/sensor_selection__struct.h\n'}
[4.980224] (px4_msgs) StdoutLine: {'line': b'-- Up-to-date symlink: /home/ubuntu/px4_ros2_ws/install/px4_msgs/include/px4_msgs/px4_msgs/msg/detail/sensor_selection__type_support.h\n'}
[4.980255] (px4_msgs) StdoutLine: {'line': b'-- Up-to-date symlink: /home/ubuntu/px4_ros2_ws/install/px4_msgs/include/px4_msgs/px4_msgs/msg/detail/sensor_temp__functions.h\n'}
[4.980287] (px4_msgs) StdoutLine: {'line': b'-- Up-to-date symlink: /home/ubuntu/px4_ros2_ws/install/px4_msgs/include/px4_msgs/px4_msgs/msg/detail/sensor_temp__struct.h\n'}
[4.980317] (px4_msgs) StdoutLine: {'line': b'-- Up-to-date symlink: /home/ubuntu/px4_ros2_ws/install/px4_msgs/include/px4_msgs/px4_msgs/msg/detail/sensor_temp__type_support.h\n'}
[4.980348] (px4_msgs) StdoutLine: {'line': b'-- Up-to-date symlink: /home/ubuntu/px4_ros2_ws/install/px4_msgs/include/px4_msgs/px4_msgs/msg/detail/sensor_uwb__functions.h\n'}
[4.980378] (px4_msgs) StdoutLine: {'line': b'-- Up-to-date symlink: /home/ubuntu/px4_ros2_ws/install/px4_msgs/include/px4_msgs/px4_msgs/msg/detail/sensor_uwb__struct.h\n'}
[4.980409] (px4_msgs) StdoutLine: {'line': b'-- Up-to-date symlink: /home/ubuntu/px4_ros2_ws/install/px4_msgs/include/px4_msgs/px4_msgs/msg/detail/sensor_uwb__type_support.h\n'}
[4.980439] (px4_msgs) StdoutLine: {'line': b'-- Up-to-date symlink: /home/ubuntu/px4_ros2_ws/install/px4_msgs/include/px4_msgs/px4_msgs/msg/detail/sensors_status__functions.h\n'}
[4.980490] (px4_msgs) StdoutLine: {'line': b'-- Up-to-date symlink: /home/ubuntu/px4_ros2_ws/install/px4_msgs/include/px4_msgs/px4_msgs/msg/detail/sensors_status__struct.h\n'}
[4.980523] (px4_msgs) StdoutLine: {'line': b'-- Up-to-date symlink: /home/ubuntu/px4_ros2_ws/install/px4_msgs/include/px4_msgs/px4_msgs/msg/detail/sensors_status__type_support.h\n'}
[4.980554] (px4_msgs) StdoutLine: {'line': b'-- Up-to-date symlink: /home/ubuntu/px4_ros2_ws/install/px4_msgs/include/px4_msgs/px4_msgs/msg/detail/sensors_status_imu__functions.h\n'}
[4.980585] (px4_msgs) StdoutLine: {'line': b'-- Up-to-date symlink: /home/ubuntu/px4_ros2_ws/install/px4_msgs/include/px4_msgs/px4_msgs/msg/detail/sensors_status_imu__struct.h\n'}
[4.980615] (px4_msgs) StdoutLine: {'line': b'-- Up-to-date symlink: /home/ubuntu/px4_ros2_ws/install/px4_msgs/include/px4_msgs/px4_msgs/msg/detail/sensors_status_imu__type_support.h\n'}
[4.980646] (px4_msgs) StdoutLine: {'line': b'-- Up-to-date symlink: /home/ubuntu/px4_ros2_ws/install/px4_msgs/include/px4_msgs/px4_msgs/msg/detail/setpoint_config__functions.h\n'}
[4.980677] (px4_msgs) StdoutLine: {'line': b'-- Up-to-date symlink: /home/ubuntu/px4_ros2_ws/install/px4_msgs/include/px4_msgs/px4_msgs/msg/detail/setpoint_config__struct.h\n'}
[4.980707] (px4_msgs) StdoutLine: {'line': b'-- Up-to-date symlink: /home/ubuntu/px4_ros2_ws/install/px4_msgs/include/px4_msgs/px4_msgs/msg/detail/setpoint_config__type_support.h\n'}
[4.980789] (px4_msgs) StdoutLine: {'line': b'-- Up-to-date symlink: /home/ubuntu/px4_ros2_ws/install/px4_msgs/include/px4_msgs/px4_msgs/msg/detail/setpoint_config_reply__functions.h\n'}
[4.980827] (px4_msgs) StdoutLine: {'line': b'-- Up-to-date symlink: /home/ubuntu/px4_ros2_ws/install/px4_msgs/include/px4_msgs/px4_msgs/msg/detail/setpoint_config_reply__struct.h\n'}
[4.980856] (px4_msgs) StdoutLine: {'line': b'-- Up-to-date symlink: /home/ubuntu/px4_ros2_ws/install/px4_msgs/include/px4_msgs/px4_msgs/msg/detail/setpoint_config_reply__type_support.h\n'}
[4.980886] (px4_msgs) StdoutLine: {'line': b'-- Up-to-date symlink: /home/ubuntu/px4_ros2_ws/install/px4_msgs/include/px4_msgs/px4_msgs/msg/detail/system_power__functions.h\n'}
[4.980931] (px4_msgs) StdoutLine: {'line': b'-- Up-to-date symlink: /home/ubuntu/px4_ros2_ws/install/px4_msgs/include/px4_msgs/px4_msgs/msg/detail/system_power__struct.h\n'}
[4.980962] (px4_msgs) StdoutLine: {'line': b'-- Up-to-date symlink: /home/ubuntu/px4_ros2_ws/install/px4_msgs/include/px4_msgs/px4_msgs/msg/detail/system_power__type_support.h\n'}
[4.981010] (px4_msgs) StdoutLine: {'line': b'-- Up-to-date symlink: /home/ubuntu/px4_ros2_ws/install/px4_msgs/include/px4_msgs/px4_msgs/msg/detail/takeoff_status__functions.h\n'}
[4.981039] (px4_msgs) StdoutLine: {'line': b'-- Up-to-date symlink: /home/ubuntu/px4_ros2_ws/install/px4_msgs/include/px4_msgs/px4_msgs/msg/detail/takeoff_status__struct.h\n'}
[4.981070] (px4_msgs) StdoutLine: {'line': b'-- Up-to-date symlink: /home/ubuntu/px4_ros2_ws/install/px4_msgs/include/px4_msgs/px4_msgs/msg/detail/takeoff_status__type_support.h\n'}
[4.981100] (px4_msgs) StdoutLine: {'line': b'-- Up-to-date symlink: /home/ubuntu/px4_ros2_ws/install/px4_msgs/include/px4_msgs/px4_msgs/msg/detail/target_gnss__functions.h\n'}
[4.981132] (px4_msgs) StdoutLine: {'line': b'-- Up-to-date symlink: /home/ubuntu/px4_ros2_ws/install/px4_msgs/include/px4_msgs/px4_msgs/msg/detail/target_gnss__struct.h\n'}
[4.981163] (px4_msgs) StdoutLine: {'line': b'-- Up-to-date symlink: /home/ubuntu/px4_ros2_ws/install/px4_msgs/include/px4_msgs/px4_msgs/msg/detail/target_gnss__type_support.h\n'}
[4.981195] (px4_msgs) StdoutLine: {'line': b'-- Up-to-date symlink: /home/ubuntu/px4_ros2_ws/install/px4_msgs/include/px4_msgs/px4_msgs/msg/detail/task_stack_info__functions.h\n'}
[4.981226] (px4_msgs) StdoutLine: {'line': b'-- Up-to-date symlink: /home/ubuntu/px4_ros2_ws/install/px4_msgs/include/px4_msgs/px4_msgs/msg/detail/task_stack_info__struct.h\n'}
[4.981257] (px4_msgs) StdoutLine: {'line': b'-- Up-to-date symlink: /home/ubuntu/px4_ros2_ws/install/px4_msgs/include/px4_msgs/px4_msgs/msg/detail/task_stack_info__type_support.h\n'}
[4.981286] (px4_msgs) StdoutLine: {'line': b'-- Up-to-date symlink: /home/ubuntu/px4_ros2_ws/install/px4_msgs/include/px4_msgs/px4_msgs/msg/detail/tecs_status__functions.h\n'}
[4.981319] (px4_msgs) StdoutLine: {'line': b'-- Up-to-date symlink: /home/ubuntu/px4_ros2_ws/install/px4_msgs/include/px4_msgs/px4_msgs/msg/detail/tecs_status__struct.h\n'}
[4.981387] (px4_msgs) StdoutLine: {'line': b'-- Up-to-date symlink: /home/ubuntu/px4_ros2_ws/install/px4_msgs/include/px4_msgs/px4_msgs/msg/detail/tecs_status__type_support.h\n'}
[4.981432] (px4_msgs) StdoutLine: {'line': b'-- Up-to-date symlink: /home/ubuntu/px4_ros2_ws/install/px4_msgs/include/px4_msgs/px4_msgs/msg/detail/telemetry_status__functions.h\n'}
[4.981486] (px4_msgs) StdoutLine: {'line': b'-- Up-to-date symlink: /home/ubuntu/px4_ros2_ws/install/px4_msgs/include/px4_msgs/px4_msgs/msg/detail/telemetry_status__struct.h\n'}
[4.981560] (px4_msgs) StdoutLine: {'line': b'-- Up-to-date symlink: /home/ubuntu/px4_ros2_ws/install/px4_msgs/include/px4_msgs/px4_msgs/msg/detail/telemetry_status__type_support.h\n'}
[4.981623] (px4_msgs) StdoutLine: {'line': b'-- Up-to-date symlink: /home/ubuntu/px4_ros2_ws/install/px4_msgs/include/px4_msgs/px4_msgs/msg/detail/tiltrotor_extra_controls__functions.h\n'}
[4.981688] (px4_msgs) StdoutLine: {'line': b'-- Up-to-date symlink: /home/ubuntu/px4_ros2_ws/install/px4_msgs/include/px4_msgs/px4_msgs/msg/detail/tiltrotor_extra_controls__struct.h\n'}
[4.981737] (px4_msgs) StdoutLine: {'line': b'-- Up-to-date symlink: /home/ubuntu/px4_ros2_ws/install/px4_msgs/include/px4_msgs/px4_msgs/msg/detail/tiltrotor_extra_controls__type_support.h\n'}
[4.981774] (px4_msgs) StdoutLine: {'line': b'-- Up-to-date symlink: /home/ubuntu/px4_ros2_ws/install/px4_msgs/include/px4_msgs/px4_msgs/msg/detail/timesync_status__functions.h\n'}
[4.981806] (px4_msgs) StdoutLine: {'line': b'-- Up-to-date symlink: /home/ubuntu/px4_ros2_ws/install/px4_msgs/include/px4_msgs/px4_msgs/msg/detail/timesync_status__struct.h\n'}
[4.981847] (px4_msgs) StdoutLine: {'line': b'-- Up-to-date symlink: /home/ubuntu/px4_ros2_ws/install/px4_msgs/include/px4_msgs/px4_msgs/msg/detail/timesync_status__type_support.h\n'}
[4.981882] (px4_msgs) StdoutLine: {'line': b'-- Up-to-date symlink: /home/ubuntu/px4_ros2_ws/install/px4_msgs/include/px4_msgs/px4_msgs/msg/detail/trajectory_setpoint6dof__functions.h\n'}
[4.981924] (px4_msgs) StdoutLine: {'line': b'-- Up-to-date symlink: /home/ubuntu/px4_ros2_ws/install/px4_msgs/include/px4_msgs/px4_msgs/msg/detail/trajectory_setpoint6dof__struct.h\n'}
[4.982011] (px4_msgs) StdoutLine: {'line': b'-- Up-to-date symlink: /home/ubuntu/px4_ros2_ws/install/px4_msgs/include/px4_msgs/px4_msgs/msg/detail/trajectory_setpoint6dof__type_support.h\n'}
[4.982075] (px4_msgs) StdoutLine: {'line': b'-- Up-to-date symlink: /home/ubuntu/px4_ros2_ws/install/px4_msgs/include/px4_msgs/px4_msgs/msg/detail/trajectory_setpoint__functions.h\n'}
[4.982158] (px4_msgs) StdoutLine: {'line': b'-- Up-to-date symlink: /home/ubuntu/px4_ros2_ws/install/px4_msgs/include/px4_msgs/px4_msgs/msg/detail/trajectory_setpoint__struct.h\n'}
[4.982198] (px4_msgs) StdoutLine: {'line': b'-- Up-to-date symlink: /home/ubuntu/px4_ros2_ws/install/px4_msgs/include/px4_msgs/px4_msgs/msg/detail/trajectory_setpoint__type_support.h\n'}
[4.982235] (px4_msgs) StdoutLine: {'line': b'-- Up-to-date symlink: /home/ubuntu/px4_ros2_ws/install/px4_msgs/include/px4_msgs/px4_msgs/msg/detail/transponder_report__functions.h\n'}
[4.982263] (px4_msgs) StdoutLine: {'line': b'-- Up-to-date symlink: /home/ubuntu/px4_ros2_ws/install/px4_msgs/include/px4_msgs/px4_msgs/msg/detail/transponder_report__struct.h\n'}
[4.982303] (px4_msgs) StdoutLine: {'line': b'-- Up-to-date symlink: /home/ubuntu/px4_ros2_ws/install/px4_msgs/include/px4_msgs/px4_msgs/msg/detail/transponder_report__type_support.h\n'}
[4.982339] (px4_msgs) StdoutLine: {'line': b'-- Up-to-date symlink: /home/ubuntu/px4_ros2_ws/install/px4_msgs/include/px4_msgs/px4_msgs/msg/detail/tune_control__functions.h\n'}
[4.982368] (px4_msgs) StdoutLine: {'line': b'-- Up-to-date symlink: /home/ubuntu/px4_ros2_ws/install/px4_msgs/include/px4_msgs/px4_msgs/msg/detail/tune_control__struct.h\n'}
[4.982419] (px4_msgs) StdoutLine: {'line': b'-- Up-to-date symlink: /home/ubuntu/px4_ros2_ws/install/px4_msgs/include/px4_msgs/px4_msgs/msg/detail/tune_control__type_support.h\n'}
[4.982448] (px4_msgs) StdoutLine: {'line': b'-- Up-to-date symlink: /home/ubuntu/px4_ros2_ws/install/px4_msgs/include/px4_msgs/px4_msgs/msg/detail/uavcan_parameter_request__functions.h\n'}
[4.982506] (px4_msgs) StdoutLine: {'line': b'-- Up-to-date symlink: /home/ubuntu/px4_ros2_ws/install/px4_msgs/include/px4_msgs/px4_msgs/msg/detail/uavcan_parameter_request__struct.h\n'}
[4.982538] (px4_msgs) StdoutLine: {'line': b'-- Up-to-date symlink: /home/ubuntu/px4_ros2_ws/install/px4_msgs/include/px4_msgs/px4_msgs/msg/detail/uavcan_parameter_request__type_support.h\n'}
[4.982575] (px4_msgs) StdoutLine: {'line': b'-- Up-to-date symlink: /home/ubuntu/px4_ros2_ws/install/px4_msgs/include/px4_msgs/px4_msgs/msg/detail/uavcan_parameter_value__functions.h\n'}
[4.982606] (px4_msgs) StdoutLine: {'line': b'-- Up-to-date symlink: /home/ubuntu/px4_ros2_ws/install/px4_msgs/include/px4_msgs/px4_msgs/msg/detail/uavcan_parameter_value__struct.h\n'}
[4.982641] (px4_msgs) StdoutLine: {'line': b'-- Up-to-date symlink: /home/ubuntu/px4_ros2_ws/install/px4_msgs/include/px4_msgs/px4_msgs/msg/detail/uavcan_parameter_value__type_support.h\n'}
[4.982674] (px4_msgs) StdoutLine: {'line': b'-- Up-to-date symlink: /home/ubuntu/px4_ros2_ws/install/px4_msgs/include/px4_msgs/px4_msgs/msg/detail/ulog_stream__functions.h\n'}
[4.982709] (px4_msgs) StdoutLine: {'line': b'-- Up-to-date symlink: /home/ubuntu/px4_ros2_ws/install/px4_msgs/include/px4_msgs/px4_msgs/msg/detail/ulog_stream__struct.h\n'}
[4.982763] (px4_msgs) StdoutLine: {'line': b'-- Up-to-date symlink: /home/ubuntu/px4_ros2_ws/install/px4_msgs/include/px4_msgs/px4_msgs/msg/detail/ulog_stream__type_support.h\n'}
[4.982802] (px4_msgs) StdoutLine: {'line': b'-- Up-to-date symlink: /home/ubuntu/px4_ros2_ws/install/px4_msgs/include/px4_msgs/px4_msgs/msg/detail/ulog_stream_ack__functions.h\n'}
[4.982893] (px4_msgs) StdoutLine: {'line': b'-- Up-to-date symlink: /home/ubuntu/px4_ros2_ws/install/px4_msgs/include/px4_msgs/px4_msgs/msg/detail/ulog_stream_ack__struct.h\n'}
[4.983009] (px4_msgs) StdoutLine: {'line': b'-- Up-to-date symlink: /home/ubuntu/px4_ros2_ws/install/px4_msgs/include/px4_msgs/px4_msgs/msg/detail/ulog_stream_ack__type_support.h\n'}
[4.983058] (px4_msgs) StdoutLine: {'line': b'-- Up-to-date symlink: /home/ubuntu/px4_ros2_ws/install/px4_msgs/include/px4_msgs/px4_msgs/msg/detail/unregister_ext_component__functions.h\n'}
[4.983103] (px4_msgs) StdoutLine: {'line': b'-- Up-to-date symlink: /home/ubuntu/px4_ros2_ws/install/px4_msgs/include/px4_msgs/px4_msgs/msg/detail/unregister_ext_component__struct.h\n'}
[4.983135] (px4_msgs) StdoutLine: {'line': b'-- Up-to-date symlink: /home/ubuntu/px4_ros2_ws/install/px4_msgs/include/px4_msgs/px4_msgs/msg/detail/unregister_ext_component__type_support.h\n'}
[4.983166] (px4_msgs) StdoutLine: {'line': b'-- Up-to-date symlink: /home/ubuntu/px4_ros2_ws/install/px4_msgs/include/px4_msgs/px4_msgs/msg/detail/vehicle_acceleration__functions.h\n'}
[4.983196] (px4_msgs) StdoutLine: {'line': b'-- Up-to-date symlink: /home/ubuntu/px4_ros2_ws/install/px4_msgs/include/px4_msgs/px4_msgs/msg/detail/vehicle_acceleration__struct.h\n'}
[4.983228] (px4_msgs) StdoutLine: {'line': b'-- Up-to-date symlink: /home/ubuntu/px4_ros2_ws/install/px4_msgs/include/px4_msgs/px4_msgs/msg/detail/vehicle_acceleration__type_support.h\n'}
[4.983259] (px4_msgs) StdoutLine: {'line': b'-- Up-to-date symlink: /home/ubuntu/px4_ros2_ws/install/px4_msgs/include/px4_msgs/px4_msgs/msg/detail/vehicle_air_data__functions.h\n'}
[4.983290] (px4_msgs) StdoutLine: {'line': b'-- Up-to-date symlink: /home/ubuntu/px4_ros2_ws/install/px4_msgs/include/px4_msgs/px4_msgs/msg/detail/vehicle_air_data__struct.h\n'}
[4.983322] (px4_msgs) StdoutLine: {'line': b'-- Up-to-date symlink: /home/ubuntu/px4_ros2_ws/install/px4_msgs/include/px4_msgs/px4_msgs/msg/detail/vehicle_air_data__type_support.h\n'}
[4.983356] (px4_msgs) StdoutLine: {'line': b'-- Up-to-date symlink: /home/ubuntu/px4_ros2_ws/install/px4_msgs/include/px4_msgs/px4_msgs/msg/detail/vehicle_angular_velocity__functions.h\n'}
[4.983387] (px4_msgs) StdoutLine: {'line': b'-- Up-to-date symlink: /home/ubuntu/px4_ros2_ws/install/px4_msgs/include/px4_msgs/px4_msgs/msg/detail/vehicle_angular_velocity__struct.h\n'}
[4.983461] (px4_msgs) StdoutLine: {'line': b'-- Up-to-date symlink: /home/ubuntu/px4_ros2_ws/install/px4_msgs/include/px4_msgs/px4_msgs/msg/detail/vehicle_angular_velocity__type_support.h\n'}
[4.983500] (px4_msgs) StdoutLine: {'line': b'-- Up-to-date symlink: /home/ubuntu/px4_ros2_ws/install/px4_msgs/include/px4_msgs/px4_msgs/msg/detail/vehicle_attitude__functions.h\n'}
[4.983547] (px4_msgs) StdoutLine: {'line': b'-- Up-to-date symlink: /home/ubuntu/px4_ros2_ws/install/px4_msgs/include/px4_msgs/px4_msgs/msg/detail/vehicle_attitude__struct.h\n'}
[4.983576] (px4_msgs) StdoutLine: {'line': b'-- Up-to-date symlink: /home/ubuntu/px4_ros2_ws/install/px4_msgs/include/px4_msgs/px4_msgs/msg/detail/vehicle_attitude__type_support.h\n'}
[4.983606] (px4_msgs) StdoutLine: {'line': b'-- Up-to-date symlink: /home/ubuntu/px4_ros2_ws/install/px4_msgs/include/px4_msgs/px4_msgs/msg/detail/vehicle_attitude_setpoint__functions.h\n'}
[4.983635] (px4_msgs) StdoutLine: {'line': b'-- Up-to-date symlink: /home/ubuntu/px4_ros2_ws/install/px4_msgs/include/px4_msgs/px4_msgs/msg/detail/vehicle_attitude_setpoint__struct.h\n'}
[4.983681] (px4_msgs) StdoutLine: {'line': b'-- Up-to-date symlink: /home/ubuntu/px4_ros2_ws/install/px4_msgs/include/px4_msgs/px4_msgs/msg/detail/vehicle_attitude_setpoint__type_support.h\n'}
[4.983718] (px4_msgs) StdoutLine: {'line': b'-- Up-to-date symlink: /home/ubuntu/px4_ros2_ws/install/px4_msgs/include/px4_msgs/px4_msgs/msg/detail/vehicle_command__functions.h\n'}
[4.983762] (px4_msgs) StdoutLine: {'line': b'-- Up-to-date symlink: /home/ubuntu/px4_ros2_ws/install/px4_msgs/include/px4_msgs/px4_msgs/msg/detail/vehicle_command__struct.h\n'}
[4.983837] (px4_msgs) StdoutLine: {'line': b'-- Up-to-date symlink: /home/ubuntu/px4_ros2_ws/install/px4_msgs/include/px4_msgs/px4_msgs/msg/detail/vehicle_command__type_support.h\n'}
[4.983882] (px4_msgs) StdoutLine: {'line': b'-- Up-to-date symlink: /home/ubuntu/px4_ros2_ws/install/px4_msgs/include/px4_msgs/px4_msgs/msg/detail/vehicle_command_ack__functions.h\n'}
[4.983932] (px4_msgs) StdoutLine: {'line': b'-- Up-to-date symlink: /home/ubuntu/px4_ros2_ws/install/px4_msgs/include/px4_msgs/px4_msgs/msg/detail/vehicle_command_ack__struct.h\n'}
[4.983982] (px4_msgs) StdoutLine: {'line': b'-- Up-to-date symlink: /home/ubuntu/px4_ros2_ws/install/px4_msgs/include/px4_msgs/px4_msgs/msg/detail/vehicle_command_ack__type_support.h\n'}
[4.984030] (px4_msgs) StdoutLine: {'line': b'-- Up-to-date symlink: /home/ubuntu/px4_ros2_ws/install/px4_msgs/include/px4_msgs/px4_msgs/msg/detail/vehicle_constraints__functions.h\n'}
[4.984078] (px4_msgs) StdoutLine: {'line': b'-- Up-to-date symlink: /home/ubuntu/px4_ros2_ws/install/px4_msgs/include/px4_msgs/px4_msgs/msg/detail/vehicle_constraints__struct.h\n'}
[4.984153] (px4_msgs) StdoutLine: {'line': b'-- Up-to-date symlink: /home/ubuntu/px4_ros2_ws/install/px4_msgs/include/px4_msgs/px4_msgs/msg/detail/vehicle_constraints__type_support.h\n'}
[4.984213] (px4_msgs) StdoutLine: {'line': b'-- Up-to-date symlink: /home/ubuntu/px4_ros2_ws/install/px4_msgs/include/px4_msgs/px4_msgs/msg/detail/vehicle_control_mode__functions.h\n'}
[4.984259] (px4_msgs) StdoutLine: {'line': b'-- Up-to-date symlink: /home/ubuntu/px4_ros2_ws/install/px4_msgs/include/px4_msgs/px4_msgs/msg/detail/vehicle_control_mode__struct.h\n'}
[4.984308] (px4_msgs) StdoutLine: {'line': b'-- Up-to-date symlink: /home/ubuntu/px4_ros2_ws/install/px4_msgs/include/px4_msgs/px4_msgs/msg/detail/vehicle_control_mode__type_support.h\n'}
[4.984349] (px4_msgs) StdoutLine: {'line': b'-- Up-to-date symlink: /home/ubuntu/px4_ros2_ws/install/px4_msgs/include/px4_msgs/px4_msgs/msg/detail/vehicle_global_position__functions.h\n'}
[4.984381] (px4_msgs) StdoutLine: {'line': b'-- Up-to-date symlink: /home/ubuntu/px4_ros2_ws/install/px4_msgs/include/px4_msgs/px4_msgs/msg/detail/vehicle_global_position__struct.h\n'}
[4.984416] (px4_msgs) StdoutLine: {'line': b'-- Up-to-date symlink: /home/ubuntu/px4_ros2_ws/install/px4_msgs/include/px4_msgs/px4_msgs/msg/detail/vehicle_global_position__type_support.h\n'}
[4.984512] (px4_msgs) StdoutLine: {'line': b'-- Up-to-date symlink: /home/ubuntu/px4_ros2_ws/install/px4_msgs/include/px4_msgs/px4_msgs/msg/detail/vehicle_imu__functions.h\n'}
[4.984551] (px4_msgs) StdoutLine: {'line': b'-- Up-to-date symlink: /home/ubuntu/px4_ros2_ws/install/px4_msgs/include/px4_msgs/px4_msgs/msg/detail/vehicle_imu__struct.h\n'}
[4.984584] (px4_msgs) StdoutLine: {'line': b'-- Up-to-date symlink: /home/ubuntu/px4_ros2_ws/install/px4_msgs/include/px4_msgs/px4_msgs/msg/detail/vehicle_imu__type_support.h\n'}
[4.984623] (px4_msgs) StdoutLine: {'line': b'-- Up-to-date symlink: /home/ubuntu/px4_ros2_ws/install/px4_msgs/include/px4_msgs/px4_msgs/msg/detail/vehicle_imu_status__functions.h\n'}
[4.984653] (px4_msgs) StdoutLine: {'line': b'-- Up-to-date symlink: /home/ubuntu/px4_ros2_ws/install/px4_msgs/include/px4_msgs/px4_msgs/msg/detail/vehicle_imu_status__struct.h\n'}
[4.984687] (px4_msgs) StdoutLine: {'line': b'-- Up-to-date symlink: /home/ubuntu/px4_ros2_ws/install/px4_msgs/include/px4_msgs/px4_msgs/msg/detail/vehicle_imu_status__type_support.h\n'}
[4.984717] (px4_msgs) StdoutLine: {'line': b'-- Up-to-date symlink: /home/ubuntu/px4_ros2_ws/install/px4_msgs/include/px4_msgs/px4_msgs/msg/detail/vehicle_land_detected__functions.h\n'}
[4.984747] (px4_msgs) StdoutLine: {'line': b'-- Up-to-date symlink: /home/ubuntu/px4_ros2_ws/install/px4_msgs/include/px4_msgs/px4_msgs/msg/detail/vehicle_land_detected__struct.h\n'}
[4.984798] (px4_msgs) StdoutLine: {'line': b'-- Up-to-date symlink: /home/ubuntu/px4_ros2_ws/install/px4_msgs/include/px4_msgs/px4_msgs/msg/detail/vehicle_land_detected__type_support.h\n'}
[4.984839] (px4_msgs) StdoutLine: {'line': b'-- Up-to-date symlink: /home/ubuntu/px4_ros2_ws/install/px4_msgs/include/px4_msgs/px4_msgs/msg/detail/vehicle_local_position__functions.h\n'}
[4.984871] (px4_msgs) StdoutLine: {'line': b'-- Up-to-date symlink: /home/ubuntu/px4_ros2_ws/install/px4_msgs/include/px4_msgs/px4_msgs/msg/detail/vehicle_local_position__struct.h\n'}
[4.984905] (px4_msgs) StdoutLine: {'line': b'-- Up-to-date symlink: /home/ubuntu/px4_ros2_ws/install/px4_msgs/include/px4_msgs/px4_msgs/msg/detail/vehicle_local_position__type_support.h\n'}
[4.984936] (px4_msgs) StdoutLine: {'line': b'-- Up-to-date symlink: /home/ubuntu/px4_ros2_ws/install/px4_msgs/include/px4_msgs/px4_msgs/msg/detail/vehicle_local_position_setpoint__functions.h\n'}
[4.984979] (px4_msgs) StdoutLine: {'line': b'-- Up-to-date symlink: /home/ubuntu/px4_ros2_ws/install/px4_msgs/include/px4_msgs/px4_msgs/msg/detail/vehicle_local_position_setpoint__struct.h\n'}
[4.985024] (px4_msgs) StdoutLine: {'line': b'-- Up-to-date symlink: /home/ubuntu/px4_ros2_ws/install/px4_msgs/include/px4_msgs/px4_msgs/msg/detail/vehicle_local_position_setpoint__type_support.h\n'}
[4.985055] (px4_msgs) StdoutLine: {'line': b'-- Up-to-date symlink: /home/ubuntu/px4_ros2_ws/install/px4_msgs/include/px4_msgs/px4_msgs/msg/detail/vehicle_magnetometer__functions.h\n'}
[4.985101] (px4_msgs) StdoutLine: {'line': b'-- Up-to-date symlink: /home/ubuntu/px4_ros2_ws/install/px4_msgs/include/px4_msgs/px4_msgs/msg/detail/vehicle_magnetometer__struct.h\n'}
[4.985130] (px4_msgs) StdoutLine: {'line': b'-- Up-to-date symlink: /home/ubuntu/px4_ros2_ws/install/px4_msgs/include/px4_msgs/px4_msgs/msg/detail/vehicle_magnetometer__type_support.h\n'}
[4.985160] (px4_msgs) StdoutLine: {'line': b'-- Up-to-date symlink: /home/ubuntu/px4_ros2_ws/install/px4_msgs/include/px4_msgs/px4_msgs/msg/detail/vehicle_odometry__functions.h\n'}
[4.985190] (px4_msgs) StdoutLine: {'line': b'-- Up-to-date symlink: /home/ubuntu/px4_ros2_ws/install/px4_msgs/include/px4_msgs/px4_msgs/msg/detail/vehicle_odometry__struct.h\n'}
[4.985250] (px4_msgs) StdoutLine: {'line': b'-- Up-to-date symlink: /home/ubuntu/px4_ros2_ws/install/px4_msgs/include/px4_msgs/px4_msgs/msg/detail/vehicle_odometry__type_support.h\n'}
[4.985321] (px4_msgs) StdoutLine: {'line': b'-- Up-to-date symlink: /home/ubuntu/px4_ros2_ws/install/px4_msgs/include/px4_msgs/px4_msgs/msg/detail/vehicle_optical_flow__functions.h\n'}
[4.985381] (px4_msgs) StdoutLine: {'line': b'-- Up-to-date symlink: /home/ubuntu/px4_ros2_ws/install/px4_msgs/include/px4_msgs/px4_msgs/msg/detail/vehicle_optical_flow__struct.h\n'}
[4.985441] (px4_msgs) StdoutLine: {'line': b'-- Up-to-date symlink: /home/ubuntu/px4_ros2_ws/install/px4_msgs/include/px4_msgs/px4_msgs/msg/detail/vehicle_optical_flow__type_support.h\n'}
[4.985487] (px4_msgs) StdoutLine: {'line': b'-- Up-to-date symlink: /home/ubuntu/px4_ros2_ws/install/px4_msgs/include/px4_msgs/px4_msgs/msg/detail/vehicle_optical_flow_vel__functions.h\n'}
[4.985518] (px4_msgs) StdoutLine: {'line': b'-- Up-to-date symlink: /home/ubuntu/px4_ros2_ws/install/px4_msgs/include/px4_msgs/px4_msgs/msg/detail/vehicle_optical_flow_vel__struct.h\n'}
[4.985550] (px4_msgs) StdoutLine: {'line': b'-- Up-to-date symlink: /home/ubuntu/px4_ros2_ws/install/px4_msgs/include/px4_msgs/px4_msgs/msg/detail/vehicle_optical_flow_vel__type_support.h\n'}
[4.985580] (px4_msgs) StdoutLine: {'line': b'-- Up-to-date symlink: /home/ubuntu/px4_ros2_ws/install/px4_msgs/include/px4_msgs/px4_msgs/msg/detail/vehicle_rates_setpoint__functions.h\n'}
[4.985611] (px4_msgs) StdoutLine: {'line': b'-- Up-to-date symlink: /home/ubuntu/px4_ros2_ws/install/px4_msgs/include/px4_msgs/px4_msgs/msg/detail/vehicle_rates_setpoint__struct.h\n'}
[4.985642] (px4_msgs) StdoutLine: {'line': b'-- Up-to-date symlink: /home/ubuntu/px4_ros2_ws/install/px4_msgs/include/px4_msgs/px4_msgs/msg/detail/vehicle_rates_setpoint__type_support.h\n'}
[4.985673] (px4_msgs) StdoutLine: {'line': b'-- Up-to-date symlink: /home/ubuntu/px4_ros2_ws/install/px4_msgs/include/px4_msgs/px4_msgs/msg/detail/vehicle_roi__functions.h\n'}
[4.985721] (px4_msgs) StdoutLine: {'line': b'-- Up-to-date symlink: /home/ubuntu/px4_ros2_ws/install/px4_msgs/include/px4_msgs/px4_msgs/msg/detail/vehicle_roi__struct.h\n'}
[4.985753] (px4_msgs) StdoutLine: {'line': b'-- Up-to-date symlink: /home/ubuntu/px4_ros2_ws/install/px4_msgs/include/px4_msgs/px4_msgs/msg/detail/vehicle_roi__type_support.h\n'}
[4.985785] (px4_msgs) StdoutLine: {'line': b'-- Up-to-date symlink: /home/ubuntu/px4_ros2_ws/install/px4_msgs/include/px4_msgs/px4_msgs/msg/detail/vehicle_status__functions.h\n'}
[4.985821] (px4_msgs) StdoutLine: {'line': b'-- Up-to-date symlink: /home/ubuntu/px4_ros2_ws/install/px4_msgs/include/px4_msgs/px4_msgs/msg/detail/vehicle_status__struct.h\n'}
[4.985852] (px4_msgs) StdoutLine: {'line': b'-- Up-to-date symlink: /home/ubuntu/px4_ros2_ws/install/px4_msgs/include/px4_msgs/px4_msgs/msg/detail/vehicle_status__type_support.h\n'}
[4.985881] (px4_msgs) StdoutLine: {'line': b'-- Up-to-date symlink: /home/ubuntu/px4_ros2_ws/install/px4_msgs/include/px4_msgs/px4_msgs/msg/detail/vehicle_thrust_setpoint__functions.h\n'}
[4.985930] (px4_msgs) StdoutLine: {'line': b'-- Up-to-date symlink: /home/ubuntu/px4_ros2_ws/install/px4_msgs/include/px4_msgs/px4_msgs/msg/detail/vehicle_thrust_setpoint__struct.h\n'}
[4.985970] (px4_msgs) StdoutLine: {'line': b'-- Up-to-date symlink: /home/ubuntu/px4_ros2_ws/install/px4_msgs/include/px4_msgs/px4_msgs/msg/detail/vehicle_thrust_setpoint__type_support.h\n'}
[4.985999] (px4_msgs) StdoutLine: {'line': b'-- Up-to-date symlink: /home/ubuntu/px4_ros2_ws/install/px4_msgs/include/px4_msgs/px4_msgs/msg/detail/vehicle_torque_setpoint__functions.h\n'}
[4.986032] (px4_msgs) StdoutLine: {'line': b'-- Up-to-date symlink: /home/ubuntu/px4_ros2_ws/install/px4_msgs/include/px4_msgs/px4_msgs/msg/detail/vehicle_torque_setpoint__struct.h\n'}
[4.986061] (px4_msgs) StdoutLine: {'line': b'-- Up-to-date symlink: /home/ubuntu/px4_ros2_ws/install/px4_msgs/include/px4_msgs/px4_msgs/msg/detail/vehicle_torque_setpoint__type_support.h\n'}
[4.986091] (px4_msgs) StdoutLine: {'line': b'-- Up-to-date symlink: /home/ubuntu/px4_ros2_ws/install/px4_msgs/include/px4_msgs/px4_msgs/msg/detail/velocity_limits__functions.h\n'}
[4.986134] (px4_msgs) StdoutLine: {'line': b'-- Up-to-date symlink: /home/ubuntu/px4_ros2_ws/install/px4_msgs/include/px4_msgs/px4_msgs/msg/detail/velocity_limits__struct.h\n'}
[4.986164] (px4_msgs) StdoutLine: {'line': b'-- Up-to-date symlink: /home/ubuntu/px4_ros2_ws/install/px4_msgs/include/px4_msgs/px4_msgs/msg/detail/velocity_limits__type_support.h\n'}
[4.986193] (px4_msgs) StdoutLine: {'line': b'-- Up-to-date symlink: /home/ubuntu/px4_ros2_ws/install/px4_msgs/include/px4_msgs/px4_msgs/msg/detail/vte_aid_source1d__functions.h\n'}
[4.986222] (px4_msgs) StdoutLine: {'line': b'-- Up-to-date symlink: /home/ubuntu/px4_ros2_ws/install/px4_msgs/include/px4_msgs/px4_msgs/msg/detail/vte_aid_source1d__struct.h\n'}
[4.986251] (px4_msgs) StdoutLine: {'line': b'-- Up-to-date symlink: /home/ubuntu/px4_ros2_ws/install/px4_msgs/include/px4_msgs/px4_msgs/msg/detail/vte_aid_source1d__type_support.h\n'}
[4.986280] (px4_msgs) StdoutLine: {'line': b'-- Up-to-date symlink: /home/ubuntu/px4_ros2_ws/install/px4_msgs/include/px4_msgs/px4_msgs/msg/detail/vte_aid_source3d__functions.h\n'}
[4.986309] (px4_msgs) StdoutLine: {'line': b'-- Up-to-date symlink: /home/ubuntu/px4_ros2_ws/install/px4_msgs/include/px4_msgs/px4_msgs/msg/detail/vte_aid_source3d__struct.h\n'}
[4.986338] (px4_msgs) StdoutLine: {'line': b'-- Up-to-date symlink: /home/ubuntu/px4_ros2_ws/install/px4_msgs/include/px4_msgs/px4_msgs/msg/detail/vte_aid_source3d__type_support.h\n'}
[4.986367] (px4_msgs) StdoutLine: {'line': b'-- Up-to-date symlink: /home/ubuntu/px4_ros2_ws/install/px4_msgs/include/px4_msgs/px4_msgs/msg/detail/vte_bias_init_status__functions.h\n'}
[4.986396] (px4_msgs) StdoutLine: {'line': b'-- Up-to-date symlink: /home/ubuntu/px4_ros2_ws/install/px4_msgs/include/px4_msgs/px4_msgs/msg/detail/vte_bias_init_status__struct.h\n'}
[4.986426] (px4_msgs) StdoutLine: {'line': b'-- Up-to-date symlink: /home/ubuntu/px4_ros2_ws/install/px4_msgs/include/px4_msgs/px4_msgs/msg/detail/vte_bias_init_status__type_support.h\n'}
[4.986717] (px4_msgs) StdoutLine: {'line': b'-- Up-to-date symlink: /home/ubuntu/px4_ros2_ws/install/px4_msgs/include/px4_msgs/px4_msgs/msg/detail/vte_input__functions.h\n'}
[4.986768] (px4_msgs) StdoutLine: {'line': b'-- Up-to-date symlink: /home/ubuntu/px4_ros2_ws/install/px4_msgs/include/px4_msgs/px4_msgs/msg/detail/vte_input__struct.h\n'}
[4.986802] (px4_msgs) StdoutLine: {'line': b'-- Up-to-date symlink: /home/ubuntu/px4_ros2_ws/install/px4_msgs/include/px4_msgs/px4_msgs/msg/detail/vte_input__type_support.h\n'}
[4.986834] (px4_msgs) StdoutLine: {'line': b'-- Up-to-date symlink: /home/ubuntu/px4_ros2_ws/install/px4_msgs/include/px4_msgs/px4_msgs/msg/detail/vte_orientation__functions.h\n'}
[4.986863] (px4_msgs) StdoutLine: {'line': b'-- Up-to-date symlink: /home/ubuntu/px4_ros2_ws/install/px4_msgs/include/px4_msgs/px4_msgs/msg/detail/vte_orientation__struct.h\n'}
[4.986894] (px4_msgs) StdoutLine: {'line': b'-- Up-to-date symlink: /home/ubuntu/px4_ros2_ws/install/px4_msgs/include/px4_msgs/px4_msgs/msg/detail/vte_orientation__type_support.h\n'}
[4.986925] (px4_msgs) StdoutLine: {'line': b'-- Up-to-date symlink: /home/ubuntu/px4_ros2_ws/install/px4_msgs/include/px4_msgs/px4_msgs/msg/detail/vte_position__functions.h\n'}
[4.986956] (px4_msgs) StdoutLine: {'line': b'-- Up-to-date symlink: /home/ubuntu/px4_ros2_ws/install/px4_msgs/include/px4_msgs/px4_msgs/msg/detail/vte_position__struct.h\n'}
[4.986987] (px4_msgs) StdoutLine: {'line': b'-- Up-to-date symlink: /home/ubuntu/px4_ros2_ws/install/px4_msgs/include/px4_msgs/px4_msgs/msg/detail/vte_position__type_support.h\n'}
[4.987018] (px4_msgs) StdoutLine: {'line': b'-- Up-to-date symlink: /home/ubuntu/px4_ros2_ws/install/px4_msgs/include/px4_msgs/px4_msgs/msg/detail/vtol_vehicle_status__functions.h\n'}
[4.987048] (px4_msgs) StdoutLine: {'line': b'-- Up-to-date symlink: /home/ubuntu/px4_ros2_ws/install/px4_msgs/include/px4_msgs/px4_msgs/msg/detail/vtol_vehicle_status__struct.h\n'}
[4.987103] (px4_msgs) StdoutLine: {'line': b'-- Up-to-date symlink: /home/ubuntu/px4_ros2_ws/install/px4_msgs/include/px4_msgs/px4_msgs/msg/detail/vtol_vehicle_status__type_support.h\n'}
[4.987134] (px4_msgs) StdoutLine: {'line': b'-- Up-to-date symlink: /home/ubuntu/px4_ros2_ws/install/px4_msgs/include/px4_msgs/px4_msgs/msg/detail/vtx__functions.h\n'}
[4.987165] (px4_msgs) StdoutLine: {'line': b'-- Up-to-date symlink: /home/ubuntu/px4_ros2_ws/install/px4_msgs/include/px4_msgs/px4_msgs/msg/detail/vtx__struct.h\n'}
[4.987196] (px4_msgs) StdoutLine: {'line': b'-- Up-to-date symlink: /home/ubuntu/px4_ros2_ws/install/px4_msgs/include/px4_msgs/px4_msgs/msg/detail/vtx__type_support.h\n'}
[4.987226] (px4_msgs) StdoutLine: {'line': b'-- Up-to-date symlink: /home/ubuntu/px4_ros2_ws/install/px4_msgs/include/px4_msgs/px4_msgs/msg/detail/wheel_encoders__functions.h\n'}
[4.987272] (px4_msgs) StdoutLine: {'line': b'-- Up-to-date symlink: /home/ubuntu/px4_ros2_ws/install/px4_msgs/include/px4_msgs/px4_msgs/msg/detail/wheel_encoders__struct.h\n'}
[4.987308] (px4_msgs) StdoutLine: {'line': b'-- Up-to-date symlink: /home/ubuntu/px4_ros2_ws/install/px4_msgs/include/px4_msgs/px4_msgs/msg/detail/wheel_encoders__type_support.h\n'}
[4.987343] (px4_msgs) StdoutLine: {'line': b'-- Up-to-date symlink: /home/ubuntu/px4_ros2_ws/install/px4_msgs/include/px4_msgs/px4_msgs/msg/detail/wind__functions.h\n'}
[4.987370] (px4_msgs) StdoutLine: {'line': b'-- Up-to-date symlink: /home/ubuntu/px4_ros2_ws/install/px4_msgs/include/px4_msgs/px4_msgs/msg/detail/wind__struct.h\n'}
[4.987404] (px4_msgs) StdoutLine: {'line': b'-- Up-to-date symlink: /home/ubuntu/px4_ros2_ws/install/px4_msgs/include/px4_msgs/px4_msgs/msg/detail/wind__type_support.h\n'}
[4.987433] (px4_msgs) StdoutLine: {'line': b'-- Up-to-date symlink: /home/ubuntu/px4_ros2_ws/install/px4_msgs/include/px4_msgs/px4_msgs/msg/detail/yaw_estimator_status__functions.h\n'}
[4.987489] (px4_msgs) StdoutLine: {'line': b'-- Up-to-date symlink: /home/ubuntu/px4_ros2_ws/install/px4_msgs/include/px4_msgs/px4_msgs/msg/detail/yaw_estimator_status__struct.h\n'}
[4.987549] (px4_msgs) StdoutLine: {'line': b'-- Up-to-date symlink: /home/ubuntu/px4_ros2_ws/install/px4_msgs/include/px4_msgs/px4_msgs/msg/detail/yaw_estimator_status__type_support.h\n'}
[4.987581] (px4_msgs) StdoutLine: {'line': b'-- Up-to-date symlink: /home/ubuntu/px4_ros2_ws/install/px4_msgs/include/px4_msgs/px4_msgs/msg/device_information.h\n'}
[4.987612] (px4_msgs) StdoutLine: {'line': b'-- Up-to-date symlink: /home/ubuntu/px4_ros2_ws/install/px4_msgs/include/px4_msgs/px4_msgs/msg/differential_pressure.h\n'}
[4.987643] (px4_msgs) StdoutLine: {'line': b'-- Up-to-date symlink: /home/ubuntu/px4_ros2_ws/install/px4_msgs/include/px4_msgs/px4_msgs/msg/distance_sensor.h\n'}
[4.987673] (px4_msgs) StdoutLine: {'line': b'-- Up-to-date symlink: /home/ubuntu/px4_ros2_ws/install/px4_msgs/include/px4_msgs/px4_msgs/msg/distance_sensor_mode_change_request.h\n'}
[4.987720] (px4_msgs) StdoutLine: {'line': b'-- Up-to-date symlink: /home/ubuntu/px4_ros2_ws/install/px4_msgs/include/px4_msgs/px4_msgs/msg/dronecan_node_status.h\n'}
[4.987751] (px4_msgs) StdoutLine: {'line': b'-- Up-to-date symlink: /home/ubuntu/px4_ros2_ws/install/px4_msgs/include/px4_msgs/px4_msgs/msg/ekf2_timestamps.h\n'}
[4.987781] (px4_msgs) StdoutLine: {'line': b'-- Up-to-date symlink: /home/ubuntu/px4_ros2_ws/install/px4_msgs/include/px4_msgs/px4_msgs/msg/esc_eeprom_read.h\n'}
[4.987811] (px4_msgs) StdoutLine: {'line': b'-- Up-to-date symlink: /home/ubuntu/px4_ros2_ws/install/px4_msgs/include/px4_msgs/px4_msgs/msg/esc_eeprom_write.h\n'}
[4.987840] (px4_msgs) StdoutLine: {'line': b'-- Up-to-date symlink: /home/ubuntu/px4_ros2_ws/install/px4_msgs/include/px4_msgs/px4_msgs/msg/esc_report.h\n'}
[4.987870] (px4_msgs) StdoutLine: {'line': b'-- Up-to-date symlink: /home/ubuntu/px4_ros2_ws/install/px4_msgs/include/px4_msgs/px4_msgs/msg/esc_status.h\n'}
[4.987898] (px4_msgs) StdoutLine: {'line': b'-- Up-to-date symlink: /home/ubuntu/px4_ros2_ws/install/px4_msgs/include/px4_msgs/px4_msgs/msg/estimator_aid_source1d.h\n'}
[4.987927] (px4_msgs) StdoutLine: {'line': b'-- Up-to-date symlink: /home/ubuntu/px4_ros2_ws/install/px4_msgs/include/px4_msgs/px4_msgs/msg/estimator_aid_source2d.h\n'}
[4.987956] (px4_msgs) StdoutLine: {'line': b'-- Up-to-date symlink: /home/ubuntu/px4_ros2_ws/install/px4_msgs/include/px4_msgs/px4_msgs/msg/estimator_aid_source3d.h\n'}
[4.987985] (px4_msgs) StdoutLine: {'line': b'-- Up-to-date symlink: /home/ubuntu/px4_ros2_ws/install/px4_msgs/include/px4_msgs/px4_msgs/msg/estimator_bias.h\n'}
[4.988014] (px4_msgs) StdoutLine: {'line': b'-- Up-to-date symlink: /home/ubuntu/px4_ros2_ws/install/px4_msgs/include/px4_msgs/px4_msgs/msg/estimator_bias3d.h\n'}
[4.988044] (px4_msgs) StdoutLine: {'line': b'-- Up-to-date symlink: /home/ubuntu/px4_ros2_ws/install/px4_msgs/include/px4_msgs/px4_msgs/msg/estimator_event_flags.h\n'}
[4.988073] (px4_msgs) StdoutLine: {'line': b'-- Up-to-date symlink: /home/ubuntu/px4_ros2_ws/install/px4_msgs/include/px4_msgs/px4_msgs/msg/estimator_fusion_control.h\n'}
[4.988103] (px4_msgs) StdoutLine: {'line': b'-- Up-to-date symlink: /home/ubuntu/px4_ros2_ws/install/px4_msgs/include/px4_msgs/px4_msgs/msg/estimator_gps_status.h\n'}
[4.988133] (px4_msgs) StdoutLine: {'line': b'-- Up-to-date symlink: /home/ubuntu/px4_ros2_ws/install/px4_msgs/include/px4_msgs/px4_msgs/msg/estimator_innovations.h\n'}
[4.988171] (px4_msgs) StdoutLine: {'line': b'-- Up-to-date symlink: /home/ubuntu/px4_ros2_ws/install/px4_msgs/include/px4_msgs/px4_msgs/msg/estimator_selector_status.h\n'}
[4.988226] (px4_msgs) StdoutLine: {'line': b'-- Up-to-date symlink: /home/ubuntu/px4_ros2_ws/install/px4_msgs/include/px4_msgs/px4_msgs/msg/estimator_sensor_bias.h\n'}
[4.988256] (px4_msgs) StdoutLine: {'line': b'-- Up-to-date symlink: /home/ubuntu/px4_ros2_ws/install/px4_msgs/include/px4_msgs/px4_msgs/msg/estimator_states.h\n'}
[4.988296] (px4_msgs) StdoutLine: {'line': b'-- Up-to-date symlink: /home/ubuntu/px4_ros2_ws/install/px4_msgs/include/px4_msgs/px4_msgs/msg/estimator_status.h\n'}
[4.988344] (px4_msgs) StdoutLine: {'line': b'-- Up-to-date symlink: /home/ubuntu/px4_ros2_ws/install/px4_msgs/include/px4_msgs/px4_msgs/msg/estimator_status_flags.h\n'}
[4.988379] (px4_msgs) StdoutLine: {'line': b'-- Up-to-date symlink: /home/ubuntu/px4_ros2_ws/install/px4_msgs/include/px4_msgs/px4_msgs/msg/event.h\n'}
[4.988411] (px4_msgs) StdoutLine: {'line': b'-- Up-to-date symlink: /home/ubuntu/px4_ros2_ws/install/px4_msgs/include/px4_msgs/px4_msgs/msg/failsafe_flags.h\n'}
[4.988474] (px4_msgs) StdoutLine: {'line': b'-- Up-to-date symlink: /home/ubuntu/px4_ros2_ws/install/px4_msgs/include/px4_msgs/px4_msgs/msg/failure_detector_status.h\n'}
[4.988512] (px4_msgs) StdoutLine: {'line': b'-- Up-to-date symlink: /home/ubuntu/px4_ros2_ws/install/px4_msgs/include/px4_msgs/px4_msgs/msg/failure_injection.h\n'}
[4.988547] (px4_msgs) StdoutLine: {'line': b'-- Up-to-date symlink: /home/ubuntu/px4_ros2_ws/install/px4_msgs/include/px4_msgs/px4_msgs/msg/fiducial_marker_pos_report.h\n'}
[4.988579] (px4_msgs) StdoutLine: {'line': b'-- Up-to-date symlink: /home/ubuntu/px4_ros2_ws/install/px4_msgs/include/px4_msgs/px4_msgs/msg/fiducial_marker_yaw_report.h\n'}
[4.988610] (px4_msgs) StdoutLine: {'line': b'-- Up-to-date symlink: /home/ubuntu/px4_ros2_ws/install/px4_msgs/include/px4_msgs/px4_msgs/msg/figure_eight_status.h\n'}
[4.988641] (px4_msgs) StdoutLine: {'line': b'-- Up-to-date symlink: /home/ubuntu/px4_ros2_ws/install/px4_msgs/include/px4_msgs/px4_msgs/msg/fixed_wing_lateral_guidance_status.h\n'}
[4.988673] (px4_msgs) StdoutLine: {'line': b'-- Up-to-date symlink: /home/ubuntu/px4_ros2_ws/install/px4_msgs/include/px4_msgs/px4_msgs/msg/fixed_wing_lateral_setpoint.h\n'}
[4.988705] (px4_msgs) StdoutLine: {'line': b'-- Up-to-date symlink: /home/ubuntu/px4_ros2_ws/install/px4_msgs/include/px4_msgs/px4_msgs/msg/fixed_wing_lateral_status.h\n'}
[4.988751] (px4_msgs) StdoutLine: {'line': b'-- Up-to-date symlink: /home/ubuntu/px4_ros2_ws/install/px4_msgs/include/px4_msgs/px4_msgs/msg/fixed_wing_longitudinal_setpoint.h\n'}
[4.988783] (px4_msgs) StdoutLine: {'line': b'-- Up-to-date symlink: /home/ubuntu/px4_ros2_ws/install/px4_msgs/include/px4_msgs/px4_msgs/msg/fixed_wing_runway_control.h\n'}
[4.988815] (px4_msgs) StdoutLine: {'line': b'-- Up-to-date symlink: /home/ubuntu/px4_ros2_ws/install/px4_msgs/include/px4_msgs/px4_msgs/msg/flight_phase_estimation.h\n'}
[4.988849] (px4_msgs) StdoutLine: {'line': b'-- Up-to-date symlink: /home/ubuntu/px4_ros2_ws/install/px4_msgs/include/px4_msgs/px4_msgs/msg/follow_target.h\n'}
[4.988881] (px4_msgs) StdoutLine: {'line': b'-- Up-to-date symlink: /home/ubuntu/px4_ros2_ws/install/px4_msgs/include/px4_msgs/px4_msgs/msg/follow_target_estimator.h\n'}
[4.988931] (px4_msgs) StdoutLine: {'line': b'-- Up-to-date symlink: /home/ubuntu/px4_ros2_ws/install/px4_msgs/include/px4_msgs/px4_msgs/msg/follow_target_status.h\n'}
[4.988984] (px4_msgs) StdoutLine: {'line': b'-- Up-to-date symlink: /home/ubuntu/px4_ros2_ws/install/px4_msgs/include/px4_msgs/px4_msgs/msg/fuel_tank_status.h\n'}
[4.989017] (px4_msgs) StdoutLine: {'line': b'-- Up-to-date symlink: /home/ubuntu/px4_ros2_ws/install/px4_msgs/include/px4_msgs/px4_msgs/msg/gain_compression.h\n'}
[4.989066] (px4_msgs) StdoutLine: {'line': b'-- Up-to-date symlink: /home/ubuntu/px4_ros2_ws/install/px4_msgs/include/px4_msgs/px4_msgs/msg/generator_status.h\n'}
[4.989096] (px4_msgs) StdoutLine: {'line': b'-- Up-to-date symlink: /home/ubuntu/px4_ros2_ws/install/px4_msgs/include/px4_msgs/px4_msgs/msg/geofence_result.h\n'}
[4.989127] (px4_msgs) StdoutLine: {'line': b'-- Up-to-date symlink: /home/ubuntu/px4_ros2_ws/install/px4_msgs/include/px4_msgs/px4_msgs/msg/geofence_status.h\n'}
[4.989156] (px4_msgs) StdoutLine: {'line': b'-- Up-to-date symlink: /home/ubuntu/px4_ros2_ws/install/px4_msgs/include/px4_msgs/px4_msgs/msg/gimbal_controls.h\n'}
[4.989187] (px4_msgs) StdoutLine: {'line': b'-- Up-to-date symlink: /home/ubuntu/px4_ros2_ws/install/px4_msgs/include/px4_msgs/px4_msgs/msg/gimbal_device_attitude_status.h\n'}
[4.989217] (px4_msgs) StdoutLine: {'line': b'-- Up-to-date symlink: /home/ubuntu/px4_ros2_ws/install/px4_msgs/include/px4_msgs/px4_msgs/msg/gimbal_device_information.h\n'}
[4.989265] (px4_msgs) StdoutLine: {'line': b'-- Up-to-date symlink: /home/ubuntu/px4_ros2_ws/install/px4_msgs/include/px4_msgs/px4_msgs/msg/gimbal_device_set_attitude.h\n'}
[4.989297] (px4_msgs) StdoutLine: {'line': b'-- Up-to-date symlink: /home/ubuntu/px4_ros2_ws/install/px4_msgs/include/px4_msgs/px4_msgs/msg/gimbal_manager_information.h\n'}
[4.989330] (px4_msgs) StdoutLine: {'line': b'-- Up-to-date symlink: /home/ubuntu/px4_ros2_ws/install/px4_msgs/include/px4_msgs/px4_msgs/msg/gimbal_manager_set_attitude.h\n'}
[4.989385] (px4_msgs) StdoutLine: {'line': b'-- Up-to-date symlink: /home/ubuntu/px4_ros2_ws/install/px4_msgs/include/px4_msgs/px4_msgs/msg/gimbal_manager_set_manual_control.h\n'}
[4.989442] (px4_msgs) StdoutLine: {'line': b'-- Up-to-date symlink: /home/ubuntu/px4_ros2_ws/install/px4_msgs/include/px4_msgs/px4_msgs/msg/gimbal_manager_status.h\n'}
[4.989533] (px4_msgs) StdoutLine: {'line': b'-- Up-to-date symlink: /home/ubuntu/px4_ros2_ws/install/px4_msgs/include/px4_msgs/px4_msgs/msg/goto_setpoint.h\n'}
[4.989598] (px4_msgs) StdoutLine: {'line': b'-- Up-to-date symlink: /home/ubuntu/px4_ros2_ws/install/px4_msgs/include/px4_msgs/px4_msgs/msg/gpio_config.h\n'}
[4.989682] (px4_msgs) StdoutLine: {'line': b'-- Up-to-date symlink: /home/ubuntu/px4_ros2_ws/install/px4_msgs/include/px4_msgs/px4_msgs/msg/gpio_in.h\n'}
[4.989755] (px4_msgs) StdoutLine: {'line': b'-- Up-to-date symlink: /home/ubuntu/px4_ros2_ws/install/px4_msgs/include/px4_msgs/px4_msgs/msg/gpio_out.h\n'}
[4.989847] (px4_msgs) StdoutLine: {'line': b'-- Up-to-date symlink: /home/ubuntu/px4_ros2_ws/install/px4_msgs/include/px4_msgs/px4_msgs/msg/gpio_request.h\n'}
[4.989906] (px4_msgs) StdoutLine: {'line': b'-- Up-to-date symlink: /home/ubuntu/px4_ros2_ws/install/px4_msgs/include/px4_msgs/px4_msgs/msg/gps_dump.h\n'}
[4.989936] (px4_msgs) StdoutLine: {'line': b'-- Up-to-date symlink: /home/ubuntu/px4_ros2_ws/install/px4_msgs/include/px4_msgs/px4_msgs/msg/gripper.h\n'}
[4.989966] (px4_msgs) StdoutLine: {'line': b'-- Up-to-date symlink: /home/ubuntu/px4_ros2_ws/install/px4_msgs/include/px4_msgs/px4_msgs/msg/health_report.h\n'}
[4.990012] (px4_msgs) StdoutLine: {'line': b'-- Up-to-date symlink: /home/ubuntu/px4_ros2_ws/install/px4_msgs/include/px4_msgs/px4_msgs/msg/heater_status.h\n'}
[4.990043] (px4_msgs) StdoutLine: {'line': b'-- Up-to-date symlink: /home/ubuntu/px4_ros2_ws/install/px4_msgs/include/px4_msgs/px4_msgs/msg/home_position.h\n'}
[4.990074] (px4_msgs) StdoutLine: {'line': b'-- Up-to-date symlink: /home/ubuntu/px4_ros2_ws/install/px4_msgs/include/px4_msgs/px4_msgs/msg/hover_thrust_estimate.h\n'}
[4.990105] (px4_msgs) StdoutLine: {'line': b'-- Up-to-date symlink: /home/ubuntu/px4_ros2_ws/install/px4_msgs/include/px4_msgs/px4_msgs/msg/input_rc.h\n'}
[4.990136] (px4_msgs) StdoutLine: {'line': b'-- Up-to-date symlink: /home/ubuntu/px4_ros2_ws/install/px4_msgs/include/px4_msgs/px4_msgs/msg/internal_combustion_engine_control.h\n'}
[4.990167] (px4_msgs) StdoutLine: {'line': b'-- Up-to-date symlink: /home/ubuntu/px4_ros2_ws/install/px4_msgs/include/px4_msgs/px4_msgs/msg/internal_combustion_engine_status.h\n'}
[4.990197] (px4_msgs) StdoutLine: {'line': b'-- Up-to-date symlink: /home/ubuntu/px4_ros2_ws/install/px4_msgs/include/px4_msgs/px4_msgs/msg/iridiumsbd_status.h\n'}
[4.990230] (px4_msgs) StdoutLine: {'line': b'-- Up-to-date symlink: /home/ubuntu/px4_ros2_ws/install/px4_msgs/include/px4_msgs/px4_msgs/msg/irlock_report.h\n'}
[4.990263] (px4_msgs) StdoutLine: {'line': b'-- Up-to-date symlink: /home/ubuntu/px4_ros2_ws/install/px4_msgs/include/px4_msgs/px4_msgs/msg/landing_gear.h\n'}
[4.990294] (px4_msgs) StdoutLine: {'line': b'-- Up-to-date symlink: /home/ubuntu/px4_ros2_ws/install/px4_msgs/include/px4_msgs/px4_msgs/msg/landing_gear_wheel.h\n'}
[4.990325] (px4_msgs) StdoutLine: {'line': b'-- Up-to-date symlink: /home/ubuntu/px4_ros2_ws/install/px4_msgs/include/px4_msgs/px4_msgs/msg/landing_target_innovations.h\n'}
[4.990355] (px4_msgs) StdoutLine: {'line': b'-- Up-to-date symlink: /home/ubuntu/px4_ros2_ws/install/px4_msgs/include/px4_msgs/px4_msgs/msg/landing_target_pose.h\n'}
[4.990416] (px4_msgs) StdoutLine: {'line': b'-- Up-to-date symlink: /home/ubuntu/px4_ros2_ws/install/px4_msgs/include/px4_msgs/px4_msgs/msg/lateral_control_configuration.h\n'}
[4.990445] (px4_msgs) StdoutLine: {'line': b'-- Up-to-date symlink: /home/ubuntu/px4_ros2_ws/install/px4_msgs/include/px4_msgs/px4_msgs/msg/launch_detection_status.h\n'}
[4.990483] (px4_msgs) StdoutLine: {'line': b'-- Up-to-date symlink: /home/ubuntu/px4_ros2_ws/install/px4_msgs/include/px4_msgs/px4_msgs/msg/led_control.h\n'}
[4.990513] (px4_msgs) StdoutLine: {'line': b'-- Up-to-date symlink: /home/ubuntu/px4_ros2_ws/install/px4_msgs/include/px4_msgs/px4_msgs/msg/log_message.h\n'}
[4.990543] (px4_msgs) StdoutLine: {'line': b'-- Up-to-date symlink: /home/ubuntu/px4_ros2_ws/install/px4_msgs/include/px4_msgs/px4_msgs/msg/logger_status.h\n'}
[4.990573] (px4_msgs) StdoutLine: {'line': b'-- Up-to-date symlink: /home/ubuntu/px4_ros2_ws/install/px4_msgs/include/px4_msgs/px4_msgs/msg/longitudinal_control_configuration.h\n'}
[4.990605] (px4_msgs) StdoutLine: {'line': b'-- Up-to-date symlink: /home/ubuntu/px4_ros2_ws/install/px4_msgs/include/px4_msgs/px4_msgs/msg/mag_worker_data.h\n'}
[4.990638] (px4_msgs) StdoutLine: {'line': b'-- Up-to-date symlink: /home/ubuntu/px4_ros2_ws/install/px4_msgs/include/px4_msgs/px4_msgs/msg/magnetometer_bias_estimate.h\n'}
[4.990670] (px4_msgs) StdoutLine: {'line': b'-- Up-to-date symlink: /home/ubuntu/px4_ros2_ws/install/px4_msgs/include/px4_msgs/px4_msgs/msg/manual_control_setpoint.h\n'}
[4.990702] (px4_msgs) StdoutLine: {'line': b'-- Up-to-date symlink: /home/ubuntu/px4_ros2_ws/install/px4_msgs/include/px4_msgs/px4_msgs/msg/manual_control_switches.h\n'}
[4.990733] (px4_msgs) StdoutLine: {'line': b'-- Up-to-date symlink: /home/ubuntu/px4_ros2_ws/install/px4_msgs/include/px4_msgs/px4_msgs/msg/mavlink_log.h\n'}
[4.990779] (px4_msgs) StdoutLine: {'line': b'-- Up-to-date symlink: /home/ubuntu/px4_ros2_ws/install/px4_msgs/include/px4_msgs/px4_msgs/msg/mavlink_tunnel.h\n'}
[4.990809] (px4_msgs) StdoutLine: {'line': b'-- Up-to-date symlink: /home/ubuntu/px4_ros2_ws/install/px4_msgs/include/px4_msgs/px4_msgs/msg/message_format_request.h\n'}
[4.990839] (px4_msgs) StdoutLine: {'line': b'-- Up-to-date symlink: /home/ubuntu/px4_ros2_ws/install/px4_msgs/include/px4_msgs/px4_msgs/msg/message_format_response.h\n'}
[4.990867] (px4_msgs) StdoutLine: {'line': b'-- Up-to-date symlink: /home/ubuntu/px4_ros2_ws/install/px4_msgs/include/px4_msgs/px4_msgs/msg/mission.h\n'}
[4.990895] (px4_msgs) StdoutLine: {'line': b'-- Up-to-date symlink: /home/ubuntu/px4_ros2_ws/install/px4_msgs/include/px4_msgs/px4_msgs/msg/mission_result.h\n'}
[4.990923] (px4_msgs) StdoutLine: {'line': b'-- Up-to-date symlink: /home/ubuntu/px4_ros2_ws/install/px4_msgs/include/px4_msgs/px4_msgs/msg/mode_completed.h\n'}
[4.990949] (px4_msgs) StdoutLine: {'line': b'-- Up-to-date symlink: /home/ubuntu/px4_ros2_ws/install/px4_msgs/include/px4_msgs/px4_msgs/msg/mount_orientation.h\n'}
[4.990976] (px4_msgs) StdoutLine: {'line': b'-- Up-to-date symlink: /home/ubuntu/px4_ros2_ws/install/px4_msgs/include/px4_msgs/px4_msgs/msg/navigator_mission_item.h\n'}
[4.991004] (px4_msgs) StdoutLine: {'line': b'-- Up-to-date symlink: /home/ubuntu/px4_ros2_ws/install/px4_msgs/include/px4_msgs/px4_msgs/msg/navigator_status.h\n'}
[4.991032] (px4_msgs) StdoutLine: {'line': b'-- Up-to-date symlink: /home/ubuntu/px4_ros2_ws/install/px4_msgs/include/px4_msgs/px4_msgs/msg/neural_control.h\n'}
[4.991063] (px4_msgs) StdoutLine: {'line': b'-- Up-to-date symlink: /home/ubuntu/px4_ros2_ws/install/px4_msgs/include/px4_msgs/px4_msgs/msg/normalized_unsigned_setpoint.h\n'}
[4.991108] (px4_msgs) StdoutLine: {'line': b'-- Up-to-date symlink: /home/ubuntu/px4_ros2_ws/install/px4_msgs/include/px4_msgs/px4_msgs/msg/obstacle_distance.h\n'}
[4.991149] (px4_msgs) StdoutLine: {'line': b'-- Up-to-date symlink: /home/ubuntu/px4_ros2_ws/install/px4_msgs/include/px4_msgs/px4_msgs/msg/offboard_control_mode.h\n'}
[4.991182] (px4_msgs) StdoutLine: {'line': b'-- Up-to-date symlink: /home/ubuntu/px4_ros2_ws/install/px4_msgs/include/px4_msgs/px4_msgs/msg/onboard_computer_status.h\n'}
[4.991211] (px4_msgs) StdoutLine: {'line': b'-- Up-to-date symlink: /home/ubuntu/px4_ros2_ws/install/px4_msgs/include/px4_msgs/px4_msgs/msg/open_drone_id_arm_status.h\n'}
[4.991240] (px4_msgs) StdoutLine: {'line': b'-- Up-to-date symlink: /home/ubuntu/px4_ros2_ws/install/px4_msgs/include/px4_msgs/px4_msgs/msg/open_drone_id_basic_id.h\n'}
[4.991268] (px4_msgs) StdoutLine: {'line': b'-- Up-to-date symlink: /home/ubuntu/px4_ros2_ws/install/px4_msgs/include/px4_msgs/px4_msgs/msg/open_drone_id_operator_id.h\n'}
[4.991296] (px4_msgs) StdoutLine: {'line': b'-- Up-to-date symlink: /home/ubuntu/px4_ros2_ws/install/px4_msgs/include/px4_msgs/px4_msgs/msg/open_drone_id_self_id.h\n'}
[4.991323] (px4_msgs) StdoutLine: {'line': b'-- Up-to-date symlink: /home/ubuntu/px4_ros2_ws/install/px4_msgs/include/px4_msgs/px4_msgs/msg/open_drone_id_system.h\n'}
[4.991351] (px4_msgs) StdoutLine: {'line': b'-- Up-to-date symlink: /home/ubuntu/px4_ros2_ws/install/px4_msgs/include/px4_msgs/px4_msgs/msg/orb_test.h\n'}
[4.991380] (px4_msgs) StdoutLine: {'line': b'-- Up-to-date symlink: /home/ubuntu/px4_ros2_ws/install/px4_msgs/include/px4_msgs/px4_msgs/msg/orb_test_large.h\n'}
[4.991408] (px4_msgs) StdoutLine: {'line': b'-- Up-to-date symlink: /home/ubuntu/px4_ros2_ws/install/px4_msgs/include/px4_msgs/px4_msgs/msg/orb_test_medium.h\n'}
[4.991439] (px4_msgs) StdoutLine: {'line': b'-- Up-to-date symlink: /home/ubuntu/px4_ros2_ws/install/px4_msgs/include/px4_msgs/px4_msgs/msg/orbit_status.h\n'}
[4.991483] (px4_msgs) StdoutLine: {'line': b'-- Up-to-date symlink: /home/ubuntu/px4_ros2_ws/install/px4_msgs/include/px4_msgs/px4_msgs/msg/parameter_reset_request.h\n'}
[4.991511] (px4_msgs) StdoutLine: {'line': b'-- Up-to-date symlink: /home/ubuntu/px4_ros2_ws/install/px4_msgs/include/px4_msgs/px4_msgs/msg/parameter_set_used_request.h\n'}
[4.991540] (px4_msgs) StdoutLine: {'line': b'-- Up-to-date symlink: /home/ubuntu/px4_ros2_ws/install/px4_msgs/include/px4_msgs/px4_msgs/msg/parameter_set_value_request.h\n'}
[4.991569] (px4_msgs) StdoutLine: {'line': b'-- Up-to-date symlink: /home/ubuntu/px4_ros2_ws/install/px4_msgs/include/px4_msgs/px4_msgs/msg/parameter_set_value_response.h\n'}
[4.991600] (px4_msgs) StdoutLine: {'line': b'-- Up-to-date symlink: /home/ubuntu/px4_ros2_ws/install/px4_msgs/include/px4_msgs/px4_msgs/msg/parameter_update.h\n'}
[4.991630] (px4_msgs) StdoutLine: {'line': b'-- Up-to-date symlink: /home/ubuntu/px4_ros2_ws/install/px4_msgs/include/px4_msgs/px4_msgs/msg/ping.h\n'}
[4.991660] (px4_msgs) StdoutLine: {'line': b'-- Up-to-date symlink: /home/ubuntu/px4_ros2_ws/install/px4_msgs/include/px4_msgs/px4_msgs/msg/position_controller_landing_status.h\n'}
[4.991691] (px4_msgs) StdoutLine: {'line': b'-- Up-to-date symlink: /home/ubuntu/px4_ros2_ws/install/px4_msgs/include/px4_msgs/px4_msgs/msg/position_controller_status.h\n'}
[4.991721] (px4_msgs) StdoutLine: {'line': b'-- Up-to-date symlink: /home/ubuntu/px4_ros2_ws/install/px4_msgs/include/px4_msgs/px4_msgs/msg/position_setpoint.h\n'}
[4.991759] (px4_msgs) StdoutLine: {'line': b'-- Up-to-date symlink: /home/ubuntu/px4_ros2_ws/install/px4_msgs/include/px4_msgs/px4_msgs/msg/position_setpoint_triplet.h\n'}
[4.991788] (px4_msgs) StdoutLine: {'line': b'-- Up-to-date symlink: /home/ubuntu/px4_ros2_ws/install/px4_msgs/include/px4_msgs/px4_msgs/msg/power_button_state.h\n'}
[4.991817] (px4_msgs) StdoutLine: {'line': b'-- Up-to-date symlink: /home/ubuntu/px4_ros2_ws/install/px4_msgs/include/px4_msgs/px4_msgs/msg/power_monitor.h\n'}
[4.991847] (px4_msgs) StdoutLine: {'line': b'-- Up-to-date symlink: /home/ubuntu/px4_ros2_ws/install/px4_msgs/include/px4_msgs/px4_msgs/msg/pps_capture.h\n'}
[4.991875] (px4_msgs) StdoutLine: {'line': b'-- Up-to-date symlink: /home/ubuntu/px4_ros2_ws/install/px4_msgs/include/px4_msgs/px4_msgs/msg/prec_land_status.h\n'}
[4.991903] (px4_msgs) StdoutLine: {'line': b'-- Up-to-date symlink: /home/ubuntu/px4_ros2_ws/install/px4_msgs/include/px4_msgs/px4_msgs/msg/pure_pursuit_status.h\n'}
[4.991937] (px4_msgs) StdoutLine: {'line': b'-- Up-to-date symlink: /home/ubuntu/px4_ros2_ws/install/px4_msgs/include/px4_msgs/px4_msgs/msg/pwm_input.h\n'}
[4.991965] (px4_msgs) StdoutLine: {'line': b'-- Up-to-date symlink: /home/ubuntu/px4_ros2_ws/install/px4_msgs/include/px4_msgs/px4_msgs/msg/px4io_status.h\n'}
[4.991992] (px4_msgs) StdoutLine: {'line': b'-- Up-to-date symlink: /home/ubuntu/px4_ros2_ws/install/px4_msgs/include/px4_msgs/px4_msgs/msg/qshell_req.h\n'}
[4.992021] (px4_msgs) StdoutLine: {'line': b'-- Up-to-date symlink: /home/ubuntu/px4_ros2_ws/install/px4_msgs/include/px4_msgs/px4_msgs/msg/qshell_retval.h\n'}
[4.992050] (px4_msgs) StdoutLine: {'line': b'-- Up-to-date symlink: /home/ubuntu/px4_ros2_ws/install/px4_msgs/include/px4_msgs/px4_msgs/msg/radio_status.h\n'}
[4.992079] (px4_msgs) StdoutLine: {'line': b'-- Up-to-date symlink: /home/ubuntu/px4_ros2_ws/install/px4_msgs/include/px4_msgs/px4_msgs/msg/ranging_beacon.h\n'}
[4.992106] (px4_msgs) StdoutLine: {'line': b'-- Up-to-date symlink: /home/ubuntu/px4_ros2_ws/install/px4_msgs/include/px4_msgs/px4_msgs/msg/raptor_input.h\n'}
[4.992131] (px4_msgs) StdoutLine: {'line': b'-- Up-to-date symlink: /home/ubuntu/px4_ros2_ws/install/px4_msgs/include/px4_msgs/px4_msgs/msg/raptor_status.h\n'}
[4.992158] (px4_msgs) StdoutLine: {'line': b'-- Up-to-date symlink: /home/ubuntu/px4_ros2_ws/install/px4_msgs/include/px4_msgs/px4_msgs/msg/rate_ctrl_status.h\n'}
[4.992191] (px4_msgs) StdoutLine: {'line': b'-- Up-to-date symlink: /home/ubuntu/px4_ros2_ws/install/px4_msgs/include/px4_msgs/px4_msgs/msg/rc_channels.h\n'}
[4.992217] (px4_msgs) StdoutLine: {'line': b'-- Up-to-date symlink: /home/ubuntu/px4_ros2_ws/install/px4_msgs/include/px4_msgs/px4_msgs/msg/rc_parameter_map.h\n'}
[4.992245] (px4_msgs) StdoutLine: {'line': b'-- Up-to-date symlink: /home/ubuntu/px4_ros2_ws/install/px4_msgs/include/px4_msgs/px4_msgs/msg/register_ext_component_reply.h\n'}
[4.992277] (px4_msgs) StdoutLine: {'line': b'-- Up-to-date symlink: /home/ubuntu/px4_ros2_ws/install/px4_msgs/include/px4_msgs/px4_msgs/msg/register_ext_component_request.h\n'}
[4.992308] (px4_msgs) StdoutLine: {'line': b'-- Up-to-date symlink: /home/ubuntu/px4_ros2_ws/install/px4_msgs/include/px4_msgs/px4_msgs/msg/rosidl_generator_c__visibility_control.h\n'}
[4.992339] (px4_msgs) StdoutLine: {'line': b'-- Up-to-date symlink: /home/ubuntu/px4_ros2_ws/install/px4_msgs/include/px4_msgs/px4_msgs/msg/rover_attitude_setpoint.h\n'}
[4.992370] (px4_msgs) StdoutLine: {'line': b'-- Up-to-date symlink: /home/ubuntu/px4_ros2_ws/install/px4_msgs/include/px4_msgs/px4_msgs/msg/rover_attitude_status.h\n'}
[4.992398] (px4_msgs) StdoutLine: {'line': b'-- Up-to-date symlink: /home/ubuntu/px4_ros2_ws/install/px4_msgs/include/px4_msgs/px4_msgs/msg/rover_position_setpoint.h\n'}
[4.992425] (px4_msgs) StdoutLine: {'line': b'-- Up-to-date symlink: /home/ubuntu/px4_ros2_ws/install/px4_msgs/include/px4_msgs/px4_msgs/msg/rover_rate_setpoint.h\n'}
[4.992455] (px4_msgs) StdoutLine: {'line': b'-- Up-to-date symlink: /home/ubuntu/px4_ros2_ws/install/px4_msgs/include/px4_msgs/px4_msgs/msg/rover_rate_status.h\n'}
[4.992486] (px4_msgs) StdoutLine: {'line': b'-- Up-to-date symlink: /home/ubuntu/px4_ros2_ws/install/px4_msgs/include/px4_msgs/px4_msgs/msg/rover_speed_setpoint.h\n'}
[4.992512] (px4_msgs) StdoutLine: {'line': b'-- Up-to-date symlink: /home/ubuntu/px4_ros2_ws/install/px4_msgs/include/px4_msgs/px4_msgs/msg/rover_speed_status.h\n'}
[4.992538] (px4_msgs) StdoutLine: {'line': b'-- Up-to-date symlink: /home/ubuntu/px4_ros2_ws/install/px4_msgs/include/px4_msgs/px4_msgs/msg/rover_steering_setpoint.h\n'}
[4.992567] (px4_msgs) StdoutLine: {'line': b'-- Up-to-date symlink: /home/ubuntu/px4_ros2_ws/install/px4_msgs/include/px4_msgs/px4_msgs/msg/rover_throttle_setpoint.h\n'}
[4.992596] (px4_msgs) StdoutLine: {'line': b'-- Up-to-date symlink: /home/ubuntu/px4_ros2_ws/install/px4_msgs/include/px4_msgs/px4_msgs/msg/rpm.h\n'}
[4.992623] (px4_msgs) StdoutLine: {'line': b'-- Up-to-date symlink: /home/ubuntu/px4_ros2_ws/install/px4_msgs/include/px4_msgs/px4_msgs/msg/rtcm_data.h\n'}
[4.992653] (px4_msgs) StdoutLine: {'line': b'-- Up-to-date symlink: /home/ubuntu/px4_ros2_ws/install/px4_msgs/include/px4_msgs/px4_msgs/msg/rtl_status.h\n'}
[4.992682] (px4_msgs) StdoutLine: {'line': b'-- Up-to-date symlink: /home/ubuntu/px4_ros2_ws/install/px4_msgs/include/px4_msgs/px4_msgs/msg/rtl_time_estimate.h\n'}
[4.992719] (px4_msgs) StdoutLine: {'line': b'-- Up-to-date symlink: /home/ubuntu/px4_ros2_ws/install/px4_msgs/include/px4_msgs/px4_msgs/msg/satellite_info.h\n'}
[4.992747] (px4_msgs) StdoutLine: {'line': b'-- Up-to-date symlink: /home/ubuntu/px4_ros2_ws/install/px4_msgs/include/px4_msgs/px4_msgs/msg/sensor_accel.h\n'}
[4.992776] (px4_msgs) StdoutLine: {'line': b'-- Up-to-date symlink: /home/ubuntu/px4_ros2_ws/install/px4_msgs/include/px4_msgs/px4_msgs/msg/sensor_accel_fifo.h\n'}
[4.992804] (px4_msgs) StdoutLine: {'line': b'-- Up-to-date symlink: /home/ubuntu/px4_ros2_ws/install/px4_msgs/include/px4_msgs/px4_msgs/msg/sensor_airflow.h\n'}
[4.992830] (px4_msgs) StdoutLine: {'line': b'-- Up-to-date symlink: /home/ubuntu/px4_ros2_ws/install/px4_msgs/include/px4_msgs/px4_msgs/msg/sensor_baro.h\n'}
[4.992856] (px4_msgs) StdoutLine: {'line': b'-- Up-to-date symlink: /home/ubuntu/px4_ros2_ws/install/px4_msgs/include/px4_msgs/px4_msgs/msg/sensor_combined.h\n'}
[4.992882] (px4_msgs) StdoutLine: {'line': b'-- Up-to-date symlink: /home/ubuntu/px4_ros2_ws/install/px4_msgs/include/px4_msgs/px4_msgs/msg/sensor_correction.h\n'}
[4.992907] (px4_msgs) StdoutLine: {'line': b'-- Up-to-date symlink: /home/ubuntu/px4_ros2_ws/install/px4_msgs/include/px4_msgs/px4_msgs/msg/sensor_gnss_relative.h\n'}
[4.992933] (px4_msgs) StdoutLine: {'line': b'-- Up-to-date symlink: /home/ubuntu/px4_ros2_ws/install/px4_msgs/include/px4_msgs/px4_msgs/msg/sensor_gnss_status.h\n'}
[4.992957] (px4_msgs) StdoutLine: {'line': b'-- Up-to-date symlink: /home/ubuntu/px4_ros2_ws/install/px4_msgs/include/px4_msgs/px4_msgs/msg/sensor_gps.h\n'}
[4.992983] (px4_msgs) StdoutLine: {'line': b'-- Up-to-date symlink: /home/ubuntu/px4_ros2_ws/install/px4_msgs/include/px4_msgs/px4_msgs/msg/sensor_gyro.h\n'}
[4.993009] (px4_msgs) StdoutLine: {'line': b'-- Up-to-date symlink: /home/ubuntu/px4_ros2_ws/install/px4_msgs/include/px4_msgs/px4_msgs/msg/sensor_gyro_fft.h\n'}
[4.993034] (px4_msgs) StdoutLine: {'line': b'-- Up-to-date symlink: /home/ubuntu/px4_ros2_ws/install/px4_msgs/include/px4_msgs/px4_msgs/msg/sensor_gyro_fifo.h\n'}
[4.993060] (px4_msgs) StdoutLine: {'line': b'-- Up-to-date symlink: /home/ubuntu/px4_ros2_ws/install/px4_msgs/include/px4_msgs/px4_msgs/msg/sensor_hygrometer.h\n'}
[4.993086] (px4_msgs) StdoutLine: {'line': b'-- Up-to-date symlink: /home/ubuntu/px4_ros2_ws/install/px4_msgs/include/px4_msgs/px4_msgs/msg/sensor_mag.h\n'}
[4.993110] (px4_msgs) StdoutLine: {'line': b'-- Up-to-date symlink: /home/ubuntu/px4_ros2_ws/install/px4_msgs/include/px4_msgs/px4_msgs/msg/sensor_optical_flow.h\n'}
[4.993135] (px4_msgs) StdoutLine: {'line': b'-- Up-to-date symlink: /home/ubuntu/px4_ros2_ws/install/px4_msgs/include/px4_msgs/px4_msgs/msg/sensor_preflight_mag.h\n'}
[4.993160] (px4_msgs) StdoutLine: {'line': b'-- Up-to-date symlink: /home/ubuntu/px4_ros2_ws/install/px4_msgs/include/px4_msgs/px4_msgs/msg/sensor_selection.h\n'}
[4.993190] (px4_msgs) StdoutLine: {'line': b'-- Up-to-date symlink: /home/ubuntu/px4_ros2_ws/install/px4_msgs/include/px4_msgs/px4_msgs/msg/sensor_temp.h\n'}
[4.993216] (px4_msgs) StdoutLine: {'line': b'-- Up-to-date symlink: /home/ubuntu/px4_ros2_ws/install/px4_msgs/include/px4_msgs/px4_msgs/msg/sensor_uwb.h\n'}
[4.993241] (px4_msgs) StdoutLine: {'line': b'-- Up-to-date symlink: /home/ubuntu/px4_ros2_ws/install/px4_msgs/include/px4_msgs/px4_msgs/msg/sensors_status.h\n'}
[4.993266] (px4_msgs) StdoutLine: {'line': b'-- Up-to-date symlink: /home/ubuntu/px4_ros2_ws/install/px4_msgs/include/px4_msgs/px4_msgs/msg/sensors_status_imu.h\n'}
[4.993291] (px4_msgs) StdoutLine: {'line': b'-- Up-to-date symlink: /home/ubuntu/px4_ros2_ws/install/px4_msgs/include/px4_msgs/px4_msgs/msg/setpoint_config.h\n'}
[4.993316] (px4_msgs) StdoutLine: {'line': b'-- Up-to-date symlink: /home/ubuntu/px4_ros2_ws/install/px4_msgs/include/px4_msgs/px4_msgs/msg/setpoint_config_reply.h\n'}
[4.993341] (px4_msgs) StdoutLine: {'line': b'-- Up-to-date symlink: /home/ubuntu/px4_ros2_ws/install/px4_msgs/include/px4_msgs/px4_msgs/msg/system_power.h\n'}
[4.993366] (px4_msgs) StdoutLine: {'line': b'-- Up-to-date symlink: /home/ubuntu/px4_ros2_ws/install/px4_msgs/include/px4_msgs/px4_msgs/msg/takeoff_status.h\n'}
[4.993391] (px4_msgs) StdoutLine: {'line': b'-- Up-to-date symlink: /home/ubuntu/px4_ros2_ws/install/px4_msgs/include/px4_msgs/px4_msgs/msg/target_gnss.h\n'}
[4.993417] (px4_msgs) StdoutLine: {'line': b'-- Up-to-date symlink: /home/ubuntu/px4_ros2_ws/install/px4_msgs/include/px4_msgs/px4_msgs/msg/task_stack_info.h\n'}
[4.993444] (px4_msgs) StdoutLine: {'line': b'-- Up-to-date symlink: /home/ubuntu/px4_ros2_ws/install/px4_msgs/include/px4_msgs/px4_msgs/msg/tecs_status.h\n'}
[4.993491] (px4_msgs) StdoutLine: {'line': b'-- Up-to-date symlink: /home/ubuntu/px4_ros2_ws/install/px4_msgs/include/px4_msgs/px4_msgs/msg/telemetry_status.h\n'}
[4.993518] (px4_msgs) StdoutLine: {'line': b'-- Up-to-date symlink: /home/ubuntu/px4_ros2_ws/install/px4_msgs/include/px4_msgs/px4_msgs/msg/tiltrotor_extra_controls.h\n'}
[4.993545] (px4_msgs) StdoutLine: {'line': b'-- Up-to-date symlink: /home/ubuntu/px4_ros2_ws/install/px4_msgs/include/px4_msgs/px4_msgs/msg/timesync_status.h\n'}
[4.993571] (px4_msgs) StdoutLine: {'line': b'-- Up-to-date symlink: /home/ubuntu/px4_ros2_ws/install/px4_msgs/include/px4_msgs/px4_msgs/msg/trajectory_setpoint.h\n'}
[4.993598] (px4_msgs) StdoutLine: {'line': b'-- Up-to-date symlink: /home/ubuntu/px4_ros2_ws/install/px4_msgs/include/px4_msgs/px4_msgs/msg/trajectory_setpoint6dof.h\n'}
[4.993628] (px4_msgs) StdoutLine: {'line': b'-- Up-to-date symlink: /home/ubuntu/px4_ros2_ws/install/px4_msgs/include/px4_msgs/px4_msgs/msg/transponder_report.h\n'}
[4.993654] (px4_msgs) StdoutLine: {'line': b'-- Up-to-date symlink: /home/ubuntu/px4_ros2_ws/install/px4_msgs/include/px4_msgs/px4_msgs/msg/tune_control.h\n'}
[4.993680] (px4_msgs) StdoutLine: {'line': b'-- Up-to-date symlink: /home/ubuntu/px4_ros2_ws/install/px4_msgs/include/px4_msgs/px4_msgs/msg/uavcan_parameter_request.h\n'}
[4.993706] (px4_msgs) StdoutLine: {'line': b'-- Up-to-date symlink: /home/ubuntu/px4_ros2_ws/install/px4_msgs/include/px4_msgs/px4_msgs/msg/uavcan_parameter_value.h\n'}
[4.993732] (px4_msgs) StdoutLine: {'line': b'-- Up-to-date symlink: /home/ubuntu/px4_ros2_ws/install/px4_msgs/include/px4_msgs/px4_msgs/msg/ulog_stream.h\n'}
[4.993758] (px4_msgs) StdoutLine: {'line': b'-- Up-to-date symlink: /home/ubuntu/px4_ros2_ws/install/px4_msgs/include/px4_msgs/px4_msgs/msg/ulog_stream_ack.h\n'}
[4.993783] (px4_msgs) StdoutLine: {'line': b'-- Up-to-date symlink: /home/ubuntu/px4_ros2_ws/install/px4_msgs/include/px4_msgs/px4_msgs/msg/unregister_ext_component.h\n'}
[4.993808] (px4_msgs) StdoutLine: {'line': b'-- Up-to-date symlink: /home/ubuntu/px4_ros2_ws/install/px4_msgs/include/px4_msgs/px4_msgs/msg/vehicle_acceleration.h\n'}
[4.993833] (px4_msgs) StdoutLine: {'line': b'-- Up-to-date symlink: /home/ubuntu/px4_ros2_ws/install/px4_msgs/include/px4_msgs/px4_msgs/msg/vehicle_air_data.h\n'}
[4.993858] (px4_msgs) StdoutLine: {'line': b'-- Up-to-date symlink: /home/ubuntu/px4_ros2_ws/install/px4_msgs/include/px4_msgs/px4_msgs/msg/vehicle_angular_velocity.h\n'}
[4.993884] (px4_msgs) StdoutLine: {'line': b'-- Up-to-date symlink: /home/ubuntu/px4_ros2_ws/install/px4_msgs/include/px4_msgs/px4_msgs/msg/vehicle_attitude.h\n'}
[4.993911] (px4_msgs) StdoutLine: {'line': b'-- Up-to-date symlink: /home/ubuntu/px4_ros2_ws/install/px4_msgs/include/px4_msgs/px4_msgs/msg/vehicle_attitude_setpoint.h\n'}
[4.993939] (px4_msgs) StdoutLine: {'line': b'-- Up-to-date symlink: /home/ubuntu/px4_ros2_ws/install/px4_msgs/include/px4_msgs/px4_msgs/msg/vehicle_command.h\n'}
[4.993967] (px4_msgs) StdoutLine: {'line': b'-- Up-to-date symlink: /home/ubuntu/px4_ros2_ws/install/px4_msgs/include/px4_msgs/px4_msgs/msg/vehicle_command_ack.h\n'}
[4.993996] (px4_msgs) StdoutLine: {'line': b'-- Up-to-date symlink: /home/ubuntu/px4_ros2_ws/install/px4_msgs/include/px4_msgs/px4_msgs/msg/vehicle_constraints.h\n'}
[4.994022] (px4_msgs) StdoutLine: {'line': b'-- Up-to-date symlink: /home/ubuntu/px4_ros2_ws/install/px4_msgs/include/px4_msgs/px4_msgs/msg/vehicle_control_mode.h\n'}
[4.994049] (px4_msgs) StdoutLine: {'line': b'-- Up-to-date symlink: /home/ubuntu/px4_ros2_ws/install/px4_msgs/include/px4_msgs/px4_msgs/msg/vehicle_global_position.h\n'}
[4.994075] (px4_msgs) StdoutLine: {'line': b'-- Up-to-date symlink: /home/ubuntu/px4_ros2_ws/install/px4_msgs/include/px4_msgs/px4_msgs/msg/vehicle_imu.h\n'}
[4.994100] (px4_msgs) StdoutLine: {'line': b'-- Up-to-date symlink: /home/ubuntu/px4_ros2_ws/install/px4_msgs/include/px4_msgs/px4_msgs/msg/vehicle_imu_status.h\n'}
[4.994129] (px4_msgs) StdoutLine: {'line': b'-- Up-to-date symlink: /home/ubuntu/px4_ros2_ws/install/px4_msgs/include/px4_msgs/px4_msgs/msg/vehicle_land_detected.h\n'}
[4.994154] (px4_msgs) StdoutLine: {'line': b'-- Up-to-date symlink: /home/ubuntu/px4_ros2_ws/install/px4_msgs/include/px4_msgs/px4_msgs/msg/vehicle_local_position.h\n'}
[4.994181] (px4_msgs) StdoutLine: {'line': b'-- Up-to-date symlink: /home/ubuntu/px4_ros2_ws/install/px4_msgs/include/px4_msgs/px4_msgs/msg/vehicle_local_position_setpoint.h\n'}
[4.994208] (px4_msgs) StdoutLine: {'line': b'-- Up-to-date symlink: /home/ubuntu/px4_ros2_ws/install/px4_msgs/include/px4_msgs/px4_msgs/msg/vehicle_magnetometer.h\n'}
[4.994232] (px4_msgs) StdoutLine: {'line': b'-- Up-to-date symlink: /home/ubuntu/px4_ros2_ws/install/px4_msgs/include/px4_msgs/px4_msgs/msg/vehicle_odometry.h\n'}
[4.994257] (px4_msgs) StdoutLine: {'line': b'-- Up-to-date symlink: /home/ubuntu/px4_ros2_ws/install/px4_msgs/include/px4_msgs/px4_msgs/msg/vehicle_optical_flow.h\n'}
[4.994281] (px4_msgs) StdoutLine: {'line': b'-- Up-to-date symlink: /home/ubuntu/px4_ros2_ws/install/px4_msgs/include/px4_msgs/px4_msgs/msg/vehicle_optical_flow_vel.h\n'}
[4.994306] (px4_msgs) StdoutLine: {'line': b'-- Up-to-date symlink: /home/ubuntu/px4_ros2_ws/install/px4_msgs/include/px4_msgs/px4_msgs/msg/vehicle_rates_setpoint.h\n'}
[4.994331] (px4_msgs) StdoutLine: {'line': b'-- Up-to-date symlink: /home/ubuntu/px4_ros2_ws/install/px4_msgs/include/px4_msgs/px4_msgs/msg/vehicle_roi.h\n'}
[4.994358] (px4_msgs) StdoutLine: {'line': b'-- Up-to-date symlink: /home/ubuntu/px4_ros2_ws/install/px4_msgs/include/px4_msgs/px4_msgs/msg/vehicle_status.h\n'}
[4.994383] (px4_msgs) StdoutLine: {'line': b'-- Up-to-date symlink: /home/ubuntu/px4_ros2_ws/install/px4_msgs/include/px4_msgs/px4_msgs/msg/vehicle_thrust_setpoint.h\n'}
[4.994409] (px4_msgs) StdoutLine: {'line': b'-- Up-to-date symlink: /home/ubuntu/px4_ros2_ws/install/px4_msgs/include/px4_msgs/px4_msgs/msg/vehicle_torque_setpoint.h\n'}
[4.994435] (px4_msgs) StdoutLine: {'line': b'-- Up-to-date symlink: /home/ubuntu/px4_ros2_ws/install/px4_msgs/include/px4_msgs/px4_msgs/msg/velocity_limits.h\n'}
[4.994468] (px4_msgs) StdoutLine: {'line': b'-- Up-to-date symlink: /home/ubuntu/px4_ros2_ws/install/px4_msgs/include/px4_msgs/px4_msgs/msg/vte_aid_source1d.h\n'}
[4.994495] (px4_msgs) StdoutLine: {'line': b'-- Up-to-date symlink: /home/ubuntu/px4_ros2_ws/install/px4_msgs/include/px4_msgs/px4_msgs/msg/vte_aid_source3d.h\n'}
[4.994521] (px4_msgs) StdoutLine: {'line': b'-- Up-to-date symlink: /home/ubuntu/px4_ros2_ws/install/px4_msgs/include/px4_msgs/px4_msgs/msg/vte_bias_init_status.h\n'}
[4.994546] (px4_msgs) StdoutLine: {'line': b'-- Up-to-date symlink: /home/ubuntu/px4_ros2_ws/install/px4_msgs/include/px4_msgs/px4_msgs/msg/vte_input.h\n'}
[4.994571] (px4_msgs) StdoutLine: {'line': b'-- Up-to-date symlink: /home/ubuntu/px4_ros2_ws/install/px4_msgs/include/px4_msgs/px4_msgs/msg/vte_orientation.h\n'}
[4.994596] (px4_msgs) StdoutLine: {'line': b'-- Up-to-date symlink: /home/ubuntu/px4_ros2_ws/install/px4_msgs/include/px4_msgs/px4_msgs/msg/vte_position.h\n'}
[4.994621] (px4_msgs) StdoutLine: {'line': b'-- Up-to-date symlink: /home/ubuntu/px4_ros2_ws/install/px4_msgs/include/px4_msgs/px4_msgs/msg/vtol_vehicle_status.h\n'}
[4.994647] (px4_msgs) StdoutLine: {'line': b'-- Up-to-date symlink: /home/ubuntu/px4_ros2_ws/install/px4_msgs/include/px4_msgs/px4_msgs/msg/vtx.h\n'}
[4.994671] (px4_msgs) StdoutLine: {'line': b'-- Up-to-date symlink: /home/ubuntu/px4_ros2_ws/install/px4_msgs/include/px4_msgs/px4_msgs/msg/wheel_encoders.h\n'}
[4.994698] (px4_msgs) StdoutLine: {'line': b'-- Up-to-date symlink: /home/ubuntu/px4_ros2_ws/install/px4_msgs/include/px4_msgs/px4_msgs/msg/wind.h\n'}
[4.994723] (px4_msgs) StdoutLine: {'line': b'-- Up-to-date symlink: /home/ubuntu/px4_ros2_ws/install/px4_msgs/include/px4_msgs/px4_msgs/msg/yaw_estimator_status.h\n'}
[4.994748] (px4_msgs) StdoutLine: {'line': b'-- Up-to-date symlink: /home/ubuntu/px4_ros2_ws/install/px4_msgs/include/px4_msgs/px4_msgs/srv/detail/vehicle_command__functions.h\n'}
[4.994773] (px4_msgs) StdoutLine: {'line': b'-- Up-to-date symlink: /home/ubuntu/px4_ros2_ws/install/px4_msgs/include/px4_msgs/px4_msgs/srv/detail/vehicle_command__struct.h\n'}
[4.994798] (px4_msgs) StdoutLine: {'line': b'-- Up-to-date symlink: /home/ubuntu/px4_ros2_ws/install/px4_msgs/include/px4_msgs/px4_msgs/srv/detail/vehicle_command__type_support.h\n'}
[4.994823] (px4_msgs) StdoutLine: {'line': b'-- Up-to-date symlink: /home/ubuntu/px4_ros2_ws/install/px4_msgs/include/px4_msgs/px4_msgs/srv/vehicle_command.h\n'}
[4.994848] (px4_msgs) StdoutLine: {'line': b'-- Up-to-date symlink: /home/ubuntu/px4_ros2_ws/install/px4_msgs/share/px4_msgs/environment/library_path.sh\n'}
[4.994873] (px4_msgs) StdoutLine: {'line': b'-- Up-to-date symlink: /home/ubuntu/px4_ros2_ws/install/px4_msgs/share/px4_msgs/environment/library_path.dsv\n'}
[4.994990] (px4_msgs) StdoutLine: {'line': b'-- Up-to-date symlink: /home/ubuntu/px4_ros2_ws/install/px4_msgs/include/px4_msgs/px4_msgs/msg/detail/action_request__rosidl_typesupport_fastrtps_c.h\n'}
[4.995031] (px4_msgs) StdoutLine: {'line': b'-- Up-to-date symlink: /home/ubuntu/px4_ros2_ws/install/px4_msgs/include/px4_msgs/px4_msgs/msg/detail/actuator_armed__rosidl_typesupport_fastrtps_c.h\n'}
[4.995071] (px4_msgs) StdoutLine: {'line': b'-- Up-to-date symlink: /home/ubuntu/px4_ros2_ws/install/px4_msgs/include/px4_msgs/px4_msgs/msg/detail/actuator_controls_status__rosidl_typesupport_fastrtps_c.h\n'}
[4.995114] (px4_msgs) StdoutLine: {'line': b'-- Up-to-date symlink: /home/ubuntu/px4_ros2_ws/install/px4_msgs/include/px4_msgs/px4_msgs/msg/detail/actuator_motors__rosidl_typesupport_fastrtps_c.h\n'}
[4.995159] (px4_msgs) StdoutLine: {'line': b'-- Up-to-date symlink: /home/ubuntu/px4_ros2_ws/install/px4_msgs/include/px4_msgs/px4_msgs/msg/detail/actuator_outputs__rosidl_typesupport_fastrtps_c.h\n'}
[4.995216] (px4_msgs) StdoutLine: {'line': b'-- Up-to-date symlink: /home/ubuntu/px4_ros2_ws/install/px4_msgs/include/px4_msgs/px4_msgs/msg/detail/actuator_servos__rosidl_typesupport_fastrtps_c.h\n'}
[4.995261] (px4_msgs) StdoutLine: {'line': b'-- Up-to-date symlink: /home/ubuntu/px4_ros2_ws/install/px4_msgs/include/px4_msgs/px4_msgs/msg/detail/actuator_servos_trim__rosidl_typesupport_fastrtps_c.h\n'}
[4.995306] (px4_msgs) StdoutLine: {'line': b'-- Up-to-date symlink: /home/ubuntu/px4_ros2_ws/install/px4_msgs/include/px4_msgs/px4_msgs/msg/detail/actuator_test__rosidl_typesupport_fastrtps_c.h\n'}
[4.995359] (px4_msgs) StdoutLine: {'line': b'-- Up-to-date symlink: /home/ubuntu/px4_ros2_ws/install/px4_msgs/include/px4_msgs/px4_msgs/msg/detail/adc_report__rosidl_typesupport_fastrtps_c.h\n'}
[4.995414] (px4_msgs) StdoutLine: {'line': b'-- Up-to-date symlink: /home/ubuntu/px4_ros2_ws/install/px4_msgs/include/px4_msgs/px4_msgs/msg/detail/airspeed__rosidl_typesupport_fastrtps_c.h\n'}
[4.995476] (px4_msgs) StdoutLine: {'line': b'-- Up-to-date symlink: /home/ubuntu/px4_ros2_ws/install/px4_msgs/include/px4_msgs/px4_msgs/msg/detail/airspeed_validated__rosidl_typesupport_fastrtps_c.h\n'}
[4.995521] (px4_msgs) StdoutLine: {'line': b'-- Up-to-date symlink: /home/ubuntu/px4_ros2_ws/install/px4_msgs/include/px4_msgs/px4_msgs/msg/detail/airspeed_wind__rosidl_typesupport_fastrtps_c.h\n'}
[4.995569] (px4_msgs) StdoutLine: {'line': b'-- Up-to-date symlink: /home/ubuntu/px4_ros2_ws/install/px4_msgs/include/px4_msgs/px4_msgs/msg/detail/arming_check_reply__rosidl_typesupport_fastrtps_c.h\n'}
[4.995616] (px4_msgs) StdoutLine: {'line': b'-- Up-to-date symlink: /home/ubuntu/px4_ros2_ws/install/px4_msgs/include/px4_msgs/px4_msgs/msg/detail/arming_check_request__rosidl_typesupport_fastrtps_c.h\n'}
[4.995668] (px4_msgs) StdoutLine: {'line': b'-- Up-to-date symlink: /home/ubuntu/px4_ros2_ws/install/px4_msgs/include/px4_msgs/px4_msgs/msg/detail/autotune_attitude_control_status__rosidl_typesupport_fastrtps_c.h\n'}
[4.995717] (px4_msgs) StdoutLine: {'line': b'-- Up-to-date symlink: /home/ubuntu/px4_ros2_ws/install/px4_msgs/include/px4_msgs/px4_msgs/msg/detail/aux_global_position__rosidl_typesupport_fastrtps_c.h\n'}
[4.995767] (px4_msgs) StdoutLine: {'line': b'-- Up-to-date symlink: /home/ubuntu/px4_ros2_ws/install/px4_msgs/include/px4_msgs/px4_msgs/msg/detail/battery_info__rosidl_typesupport_fastrtps_c.h\n'}
[4.995815] (px4_msgs) StdoutLine: {'line': b'-- Up-to-date symlink: /home/ubuntu/px4_ros2_ws/install/px4_msgs/include/px4_msgs/px4_msgs/msg/detail/battery_status__rosidl_typesupport_fastrtps_c.h\n'}
[4.995870] (px4_msgs) StdoutLine: {'line': b'-- Up-to-date symlink: /home/ubuntu/px4_ros2_ws/install/px4_msgs/include/px4_msgs/px4_msgs/msg/detail/button_event__rosidl_typesupport_fastrtps_c.h\n'}
[4.995921] (px4_msgs) StdoutLine: {'line': b'-- Up-to-date symlink: /home/ubuntu/px4_ros2_ws/install/px4_msgs/include/px4_msgs/px4_msgs/msg/detail/camera_capture__rosidl_typesupport_fastrtps_c.h\n'}
[4.995970] (px4_msgs) StdoutLine: {'line': b'-- Up-to-date symlink: /home/ubuntu/px4_ros2_ws/install/px4_msgs/include/px4_msgs/px4_msgs/msg/detail/camera_status__rosidl_typesupport_fastrtps_c.h\n'}
[4.996022] (px4_msgs) StdoutLine: {'line': b'-- Up-to-date symlink: /home/ubuntu/px4_ros2_ws/install/px4_msgs/include/px4_msgs/px4_msgs/msg/detail/camera_trigger__rosidl_typesupport_fastrtps_c.h\n'}
[4.996070] (px4_msgs) StdoutLine: {'line': b'-- Up-to-date symlink: /home/ubuntu/px4_ros2_ws/install/px4_msgs/include/px4_msgs/px4_msgs/msg/detail/can_interface_status__rosidl_typesupport_fastrtps_c.h\n'}
[4.996114] (px4_msgs) StdoutLine: {'line': b'-- Up-to-date symlink: /home/ubuntu/px4_ros2_ws/install/px4_msgs/include/px4_msgs/px4_msgs/msg/detail/cellular_status__rosidl_typesupport_fastrtps_c.h\n'}
[4.996160] (px4_msgs) StdoutLine: {'line': b'-- Up-to-date symlink: /home/ubuntu/px4_ros2_ws/install/px4_msgs/include/px4_msgs/px4_msgs/msg/detail/collision_constraints__rosidl_typesupport_fastrtps_c.h\n'}
[4.996206] (px4_msgs) StdoutLine: {'line': b'-- Up-to-date symlink: /home/ubuntu/px4_ros2_ws/install/px4_msgs/include/px4_msgs/px4_msgs/msg/detail/config_overrides__rosidl_typesupport_fastrtps_c.h\n'}
[4.996254] (px4_msgs) StdoutLine: {'line': b'-- Up-to-date symlink: /home/ubuntu/px4_ros2_ws/install/px4_msgs/include/px4_msgs/px4_msgs/msg/detail/control_allocator_status__rosidl_typesupport_fastrtps_c.h\n'}
[4.996308] (px4_msgs) StdoutLine: {'line': b'-- Up-to-date symlink: /home/ubuntu/px4_ros2_ws/install/px4_msgs/include/px4_msgs/px4_msgs/msg/detail/cpuload__rosidl_typesupport_fastrtps_c.h\n'}
[4.996358] (px4_msgs) StdoutLine: {'line': b'-- Up-to-date symlink: /home/ubuntu/px4_ros2_ws/install/px4_msgs/include/px4_msgs/px4_msgs/msg/detail/dataman_request__rosidl_typesupport_fastrtps_c.h\n'}
[4.996409] (px4_msgs) StdoutLine: {'line': b'-- Up-to-date symlink: /home/ubuntu/px4_ros2_ws/install/px4_msgs/include/px4_msgs/px4_msgs/msg/detail/dataman_response__rosidl_typesupport_fastrtps_c.h\n'}
[4.996495] (px4_msgs) StdoutLine: {'line': b'-- Up-to-date symlink: /home/ubuntu/px4_ros2_ws/install/px4_msgs/include/px4_msgs/px4_msgs/msg/detail/debug_array__rosidl_typesupport_fastrtps_c.h\n'}
[4.996556] (px4_msgs) StdoutLine: {'line': b'-- Up-to-date symlink: /home/ubuntu/px4_ros2_ws/install/px4_msgs/include/px4_msgs/px4_msgs/msg/detail/debug_key_value__rosidl_typesupport_fastrtps_c.h\n'}
[4.996627] (px4_msgs) StdoutLine: {'line': b'-- Up-to-date symlink: /home/ubuntu/px4_ros2_ws/install/px4_msgs/include/px4_msgs/px4_msgs/msg/detail/debug_value__rosidl_typesupport_fastrtps_c.h\n'}
[4.996705] (px4_msgs) StdoutLine: {'line': b'-- Up-to-date symlink: /home/ubuntu/px4_ros2_ws/install/px4_msgs/include/px4_msgs/px4_msgs/msg/detail/debug_vect__rosidl_typesupport_fastrtps_c.h\n'}
[4.996789] (px4_msgs) StdoutLine: {'line': b'-- Up-to-date symlink: /home/ubuntu/px4_ros2_ws/install/px4_msgs/include/px4_msgs/px4_msgs/msg/detail/device_information__rosidl_typesupport_fastrtps_c.h\n'}
[4.996871] (px4_msgs) StdoutLine: {'line': b'-- Up-to-date symlink: /home/ubuntu/px4_ros2_ws/install/px4_msgs/include/px4_msgs/px4_msgs/msg/detail/differential_pressure__rosidl_typesupport_fastrtps_c.h\n'}
[4.996934] (px4_msgs) StdoutLine: {'line': b'-- Up-to-date symlink: /home/ubuntu/px4_ros2_ws/install/px4_msgs/include/px4_msgs/px4_msgs/msg/detail/distance_sensor__rosidl_typesupport_fastrtps_c.h\n'}
[4.996992] (px4_msgs) StdoutLine: {'line': b'-- Up-to-date symlink: /home/ubuntu/px4_ros2_ws/install/px4_msgs/include/px4_msgs/px4_msgs/msg/detail/distance_sensor_mode_change_request__rosidl_typesupport_fastrtps_c.h\n'}
[4.997056] (px4_msgs) StdoutLine: {'line': b'-- Up-to-date symlink: /home/ubuntu/px4_ros2_ws/install/px4_msgs/include/px4_msgs/px4_msgs/msg/detail/dronecan_node_status__rosidl_typesupport_fastrtps_c.h\n'}
[4.997114] (px4_msgs) StdoutLine: {'line': b'-- Up-to-date symlink: /home/ubuntu/px4_ros2_ws/install/px4_msgs/include/px4_msgs/px4_msgs/msg/detail/ekf2_timestamps__rosidl_typesupport_fastrtps_c.h\n'}
[4.997174] (px4_msgs) StdoutLine: {'line': b'-- Up-to-date symlink: /home/ubuntu/px4_ros2_ws/install/px4_msgs/include/px4_msgs/px4_msgs/msg/detail/esc_eeprom_read__rosidl_typesupport_fastrtps_c.h\n'}
[4.997224] (px4_msgs) StdoutLine: {'line': b'-- Up-to-date symlink: /home/ubuntu/px4_ros2_ws/install/px4_msgs/include/px4_msgs/px4_msgs/msg/detail/esc_eeprom_write__rosidl_typesupport_fastrtps_c.h\n'}
[4.997332] (px4_msgs) StdoutLine: {'line': b'-- Up-to-date symlink: /home/ubuntu/px4_ros2_ws/install/px4_msgs/include/px4_msgs/px4_msgs/msg/detail/esc_report__rosidl_typesupport_fastrtps_c.h\n'}
[4.997460] (px4_msgs) StdoutLine: {'line': b'-- Up-to-date symlink: /home/ubuntu/px4_ros2_ws/install/px4_msgs/include/px4_msgs/px4_msgs/msg/detail/esc_status__rosidl_typesupport_fastrtps_c.h\n'}
[4.997516] (px4_msgs) StdoutLine: {'line': b'-- Up-to-date symlink: /home/ubuntu/px4_ros2_ws/install/px4_msgs/include/px4_msgs/px4_msgs/msg/detail/estimator_aid_source1d__rosidl_typesupport_fastrtps_c.h\n'}
[4.997559] (px4_msgs) StdoutLine: {'line': b'-- Up-to-date symlink: /home/ubuntu/px4_ros2_ws/install/px4_msgs/include/px4_msgs/px4_msgs/msg/detail/estimator_aid_source2d__rosidl_typesupport_fastrtps_c.h\n'}
[4.997596] (px4_msgs) StdoutLine: {'line': b'-- Up-to-date symlink: /home/ubuntu/px4_ros2_ws/install/px4_msgs/include/px4_msgs/px4_msgs/msg/detail/estimator_aid_source3d__rosidl_typesupport_fastrtps_c.h\n'}
[4.997633] (px4_msgs) StdoutLine: {'line': b'-- Up-to-date symlink: /home/ubuntu/px4_ros2_ws/install/px4_msgs/include/px4_msgs/px4_msgs/msg/detail/estimator_bias3d__rosidl_typesupport_fastrtps_c.h\n'}
[4.997669] (px4_msgs) StdoutLine: {'line': b'-- Up-to-date symlink: /home/ubuntu/px4_ros2_ws/install/px4_msgs/include/px4_msgs/px4_msgs/msg/detail/estimator_bias__rosidl_typesupport_fastrtps_c.h\n'}
[4.997704] (px4_msgs) StdoutLine: {'line': b'-- Up-to-date symlink: /home/ubuntu/px4_ros2_ws/install/px4_msgs/include/px4_msgs/px4_msgs/msg/detail/estimator_event_flags__rosidl_typesupport_fastrtps_c.h\n'}
[4.997762] (px4_msgs) StdoutLine: {'line': b'-- Up-to-date symlink: /home/ubuntu/px4_ros2_ws/install/px4_msgs/include/px4_msgs/px4_msgs/msg/detail/estimator_fusion_control__rosidl_typesupport_fastrtps_c.h\n'}
[4.997831] (px4_msgs) StdoutLine: {'line': b'-- Up-to-date symlink: /home/ubuntu/px4_ros2_ws/install/px4_msgs/include/px4_msgs/px4_msgs/msg/detail/estimator_gps_status__rosidl_typesupport_fastrtps_c.h\n'}
[4.997871] (px4_msgs) StdoutLine: {'line': b'-- Up-to-date symlink: /home/ubuntu/px4_ros2_ws/install/px4_msgs/include/px4_msgs/px4_msgs/msg/detail/estimator_innovations__rosidl_typesupport_fastrtps_c.h\n'}
[4.997927] (px4_msgs) StdoutLine: {'line': b'-- Up-to-date symlink: /home/ubuntu/px4_ros2_ws/install/px4_msgs/include/px4_msgs/px4_msgs/msg/detail/estimator_selector_status__rosidl_typesupport_fastrtps_c.h\n'}
[4.997965] (px4_msgs) StdoutLine: {'line': b'-- Up-to-date symlink: /home/ubuntu/px4_ros2_ws/install/px4_msgs/include/px4_msgs/px4_msgs/msg/detail/estimator_sensor_bias__rosidl_typesupport_fastrtps_c.h\n'}
[4.998004] (px4_msgs) StdoutLine: {'line': b'-- Up-to-date symlink: /home/ubuntu/px4_ros2_ws/install/px4_msgs/include/px4_msgs/px4_msgs/msg/detail/estimator_states__rosidl_typesupport_fastrtps_c.h\n'}
[4.998040] (px4_msgs) StdoutLine: {'line': b'-- Up-to-date symlink: /home/ubuntu/px4_ros2_ws/install/px4_msgs/include/px4_msgs/px4_msgs/msg/detail/estimator_status__rosidl_typesupport_fastrtps_c.h\n'}
[4.998076] (px4_msgs) StdoutLine: {'line': b'-- Up-to-date symlink: /home/ubuntu/px4_ros2_ws/install/px4_msgs/include/px4_msgs/px4_msgs/msg/detail/estimator_status_flags__rosidl_typesupport_fastrtps_c.h\n'}
[4.998132] (px4_msgs) StdoutLine: {'line': b'-- Up-to-date symlink: /home/ubuntu/px4_ros2_ws/install/px4_msgs/include/px4_msgs/px4_msgs/msg/detail/event__rosidl_typesupport_fastrtps_c.h\n'}
[4.998175] (px4_msgs) StdoutLine: {'line': b'-- Up-to-date symlink: /home/ubuntu/px4_ros2_ws/install/px4_msgs/include/px4_msgs/px4_msgs/msg/detail/failsafe_flags__rosidl_typesupport_fastrtps_c.h\n'}
[4.998227] (px4_msgs) StdoutLine: {'line': b'-- Up-to-date symlink: /home/ubuntu/px4_ros2_ws/install/px4_msgs/include/px4_msgs/px4_msgs/msg/detail/failure_detector_status__rosidl_typesupport_fastrtps_c.h\n'}
[4.998265] (px4_msgs) StdoutLine: {'line': b'-- Up-to-date symlink: /home/ubuntu/px4_ros2_ws/install/px4_msgs/include/px4_msgs/px4_msgs/msg/detail/failure_injection__rosidl_typesupport_fastrtps_c.h\n'}
[4.998303] (px4_msgs) StdoutLine: {'line': b'-- Up-to-date symlink: /home/ubuntu/px4_ros2_ws/install/px4_msgs/include/px4_msgs/px4_msgs/msg/detail/fiducial_marker_pos_report__rosidl_typesupport_fastrtps_c.h\n'}
[4.998348] (px4_msgs) StdoutLine: {'line': b'-- Up-to-date symlink: /home/ubuntu/px4_ros2_ws/install/px4_msgs/include/px4_msgs/px4_msgs/msg/detail/fiducial_marker_yaw_report__rosidl_typesupport_fastrtps_c.h\n'}
[4.998386] (px4_msgs) StdoutLine: {'line': b'-- Up-to-date symlink: /home/ubuntu/px4_ros2_ws/install/px4_msgs/include/px4_msgs/px4_msgs/msg/detail/figure_eight_status__rosidl_typesupport_fastrtps_c.h\n'}
[4.998425] (px4_msgs) StdoutLine: {'line': b'-- Up-to-date symlink: /home/ubuntu/px4_ros2_ws/install/px4_msgs/include/px4_msgs/px4_msgs/msg/detail/fixed_wing_lateral_guidance_status__rosidl_typesupport_fastrtps_c.h\n'}
[4.998492] (px4_msgs) StdoutLine: {'line': b'-- Up-to-date symlink: /home/ubuntu/px4_ros2_ws/install/px4_msgs/include/px4_msgs/px4_msgs/msg/detail/fixed_wing_lateral_setpoint__rosidl_typesupport_fastrtps_c.h\n'}
[4.998538] (px4_msgs) StdoutLine: {'line': b'-- Up-to-date symlink: /home/ubuntu/px4_ros2_ws/install/px4_msgs/include/px4_msgs/px4_msgs/msg/detail/fixed_wing_lateral_status__rosidl_typesupport_fastrtps_c.h\n'}
[4.998577] (px4_msgs) StdoutLine: {'line': b'-- Up-to-date symlink: /home/ubuntu/px4_ros2_ws/install/px4_msgs/include/px4_msgs/px4_msgs/msg/detail/fixed_wing_longitudinal_setpoint__rosidl_typesupport_fastrtps_c.h\n'}
[4.998607] (px4_msgs) StdoutLine: {'line': b'-- Up-to-date symlink: /home/ubuntu/px4_ros2_ws/install/px4_msgs/include/px4_msgs/px4_msgs/msg/detail/fixed_wing_runway_control__rosidl_typesupport_fastrtps_c.h\n'}
[4.998634] (px4_msgs) StdoutLine: {'line': b'-- Up-to-date symlink: /home/ubuntu/px4_ros2_ws/install/px4_msgs/include/px4_msgs/px4_msgs/msg/detail/flight_phase_estimation__rosidl_typesupport_fastrtps_c.h\n'}
[4.998674] (px4_msgs) StdoutLine: {'line': b'-- Up-to-date symlink: /home/ubuntu/px4_ros2_ws/install/px4_msgs/include/px4_msgs/px4_msgs/msg/detail/follow_target__rosidl_typesupport_fastrtps_c.h\n'}
[4.998736] (px4_msgs) StdoutLine: {'line': b'-- Up-to-date symlink: /home/ubuntu/px4_ros2_ws/install/px4_msgs/include/px4_msgs/px4_msgs/msg/detail/follow_target_estimator__rosidl_typesupport_fastrtps_c.h\n'}
[4.998772] (px4_msgs) StdoutLine: {'line': b'-- Up-to-date symlink: /home/ubuntu/px4_ros2_ws/install/px4_msgs/include/px4_msgs/px4_msgs/msg/detail/follow_target_status__rosidl_typesupport_fastrtps_c.h\n'}
[4.998810] (px4_msgs) StdoutLine: {'line': b'-- Up-to-date symlink: /home/ubuntu/px4_ros2_ws/install/px4_msgs/include/px4_msgs/px4_msgs/msg/detail/fuel_tank_status__rosidl_typesupport_fastrtps_c.h\n'}
[4.998858] (px4_msgs) StdoutLine: {'line': b'-- Up-to-date symlink: /home/ubuntu/px4_ros2_ws/install/px4_msgs/include/px4_msgs/px4_msgs/msg/detail/gain_compression__rosidl_typesupport_fastrtps_c.h\n'}
[4.998907] (px4_msgs) StdoutLine: {'line': b'-- Up-to-date symlink: /home/ubuntu/px4_ros2_ws/install/px4_msgs/include/px4_msgs/px4_msgs/msg/detail/generator_status__rosidl_typesupport_fastrtps_c.h\n'}
[4.998958] (px4_msgs) StdoutLine: {'line': b'-- Up-to-date symlink: /home/ubuntu/px4_ros2_ws/install/px4_msgs/include/px4_msgs/px4_msgs/msg/detail/geofence_result__rosidl_typesupport_fastrtps_c.h\n'}
[4.999009] (px4_msgs) StdoutLine: {'line': b'-- Up-to-date symlink: /home/ubuntu/px4_ros2_ws/install/px4_msgs/include/px4_msgs/px4_msgs/msg/detail/geofence_status__rosidl_typesupport_fastrtps_c.h\n'}
[4.999060] (px4_msgs) StdoutLine: {'line': b'-- Up-to-date symlink: /home/ubuntu/px4_ros2_ws/install/px4_msgs/include/px4_msgs/px4_msgs/msg/detail/gimbal_controls__rosidl_typesupport_fastrtps_c.h\n'}
[4.999115] (px4_msgs) StdoutLine: {'line': b'-- Up-to-date symlink: /home/ubuntu/px4_ros2_ws/install/px4_msgs/include/px4_msgs/px4_msgs/msg/detail/gimbal_device_attitude_status__rosidl_typesupport_fastrtps_c.h\n'}
[4.999150] (px4_msgs) StdoutLine: {'line': b'-- Up-to-date symlink: /home/ubuntu/px4_ros2_ws/install/px4_msgs/include/px4_msgs/px4_msgs/msg/detail/gimbal_device_information__rosidl_typesupport_fastrtps_c.h\n'}
[4.999198] (px4_msgs) StdoutLine: {'line': b'-- Up-to-date symlink: /home/ubuntu/px4_ros2_ws/install/px4_msgs/include/px4_msgs/px4_msgs/msg/detail/gimbal_device_set_attitude__rosidl_typesupport_fastrtps_c.h\n'}
[4.999244] (px4_msgs) StdoutLine: {'line': b'-- Up-to-date symlink: /home/ubuntu/px4_ros2_ws/install/px4_msgs/include/px4_msgs/px4_msgs/msg/detail/gimbal_manager_information__rosidl_typesupport_fastrtps_c.h\n'}
[4.999308] (px4_msgs) StdoutLine: {'line': b'-- Up-to-date symlink: /home/ubuntu/px4_ros2_ws/install/px4_msgs/include/px4_msgs/px4_msgs/msg/detail/gimbal_manager_set_attitude__rosidl_typesupport_fastrtps_c.h\n'}
[4.999349] (px4_msgs) StdoutLine: {'line': b'-- Up-to-date symlink: /home/ubuntu/px4_ros2_ws/install/px4_msgs/include/px4_msgs/px4_msgs/msg/detail/gimbal_manager_set_manual_control__rosidl_typesupport_fastrtps_c.h\n'}
[4.999400] (px4_msgs) StdoutLine: {'line': b'-- Up-to-date symlink: /home/ubuntu/px4_ros2_ws/install/px4_msgs/include/px4_msgs/px4_msgs/msg/detail/gimbal_manager_status__rosidl_typesupport_fastrtps_c.h\n'}
[4.999463] (px4_msgs) StdoutLine: {'line': b'-- Up-to-date symlink: /home/ubuntu/px4_ros2_ws/install/px4_msgs/include/px4_msgs/px4_msgs/msg/detail/goto_setpoint__rosidl_typesupport_fastrtps_c.h\n'}
[4.999523] (px4_msgs) StdoutLine: {'line': b'-- Up-to-date symlink: /home/ubuntu/px4_ros2_ws/install/px4_msgs/include/px4_msgs/px4_msgs/msg/detail/gpio_config__rosidl_typesupport_fastrtps_c.h\n'}
[4.999578] (px4_msgs) StdoutLine: {'line': b'-- Up-to-date symlink: /home/ubuntu/px4_ros2_ws/install/px4_msgs/include/px4_msgs/px4_msgs/msg/detail/gpio_in__rosidl_typesupport_fastrtps_c.h\n'}
[4.999612] (px4_msgs) StdoutLine: {'line': b'-- Up-to-date symlink: /home/ubuntu/px4_ros2_ws/install/px4_msgs/include/px4_msgs/px4_msgs/msg/detail/gpio_out__rosidl_typesupport_fastrtps_c.h\n'}
[4.999647] (px4_msgs) StdoutLine: {'line': b'-- Up-to-date symlink: /home/ubuntu/px4_ros2_ws/install/px4_msgs/include/px4_msgs/px4_msgs/msg/detail/gpio_request__rosidl_typesupport_fastrtps_c.h\n'}
[4.999695] (px4_msgs) StdoutLine: {'line': b'-- Up-to-date symlink: /home/ubuntu/px4_ros2_ws/install/px4_msgs/include/px4_msgs/px4_msgs/msg/detail/gps_dump__rosidl_typesupport_fastrtps_c.h\n'}
[4.999755] (px4_msgs) StdoutLine: {'line': b'-- Up-to-date symlink: /home/ubuntu/px4_ros2_ws/install/px4_msgs/include/px4_msgs/px4_msgs/msg/detail/gripper__rosidl_typesupport_fastrtps_c.h\n'}
[4.999808] (px4_msgs) StdoutLine: {'line': b'-- Up-to-date symlink: /home/ubuntu/px4_ros2_ws/install/px4_msgs/include/px4_msgs/px4_msgs/msg/detail/health_report__rosidl_typesupport_fastrtps_c.h\n'}
[4.999878] (px4_msgs) StdoutLine: {'line': b'-- Up-to-date symlink: /home/ubuntu/px4_ros2_ws/install/px4_msgs/include/px4_msgs/px4_msgs/msg/detail/heater_status__rosidl_typesupport_fastrtps_c.h\n'}
[4.999927] (px4_msgs) StdoutLine: {'line': b'-- Up-to-date symlink: /home/ubuntu/px4_ros2_ws/install/px4_msgs/include/px4_msgs/px4_msgs/msg/detail/home_position__rosidl_typesupport_fastrtps_c.h\n'}
[4.999960] (px4_msgs) StdoutLine: {'line': b'-- Up-to-date symlink: /home/ubuntu/px4_ros2_ws/install/px4_msgs/include/px4_msgs/px4_msgs/msg/detail/hover_thrust_estimate__rosidl_typesupport_fastrtps_c.h\n'}
[4.999995] (px4_msgs) StdoutLine: {'line': b'-- Up-to-date symlink: /home/ubuntu/px4_ros2_ws/install/px4_msgs/include/px4_msgs/px4_msgs/msg/detail/input_rc__rosidl_typesupport_fastrtps_c.h\n'}
[5.000042] (px4_msgs) StdoutLine: {'line': b'-- Up-to-date symlink: /home/ubuntu/px4_ros2_ws/install/px4_msgs/include/px4_msgs/px4_msgs/msg/detail/internal_combustion_engine_control__rosidl_typesupport_fastrtps_c.h\n'}
[5.000102] (px4_msgs) StdoutLine: {'line': b'-- Up-to-date symlink: /home/ubuntu/px4_ros2_ws/install/px4_msgs/include/px4_msgs/px4_msgs/msg/detail/internal_combustion_engine_status__rosidl_typesupport_fastrtps_c.h\n'}
[5.000133] (px4_msgs) StdoutLine: {'line': b'-- Up-to-date symlink: /home/ubuntu/px4_ros2_ws/install/px4_msgs/include/px4_msgs/px4_msgs/msg/detail/iridiumsbd_status__rosidl_typesupport_fastrtps_c.h\n'}
[5.000171] (px4_msgs) StdoutLine: {'line': b'-- Up-to-date symlink: /home/ubuntu/px4_ros2_ws/install/px4_msgs/include/px4_msgs/px4_msgs/msg/detail/irlock_report__rosidl_typesupport_fastrtps_c.h\n'}
[5.000220] (px4_msgs) StdoutLine: {'line': b'-- Up-to-date symlink: /home/ubuntu/px4_ros2_ws/install/px4_msgs/include/px4_msgs/px4_msgs/msg/detail/landing_gear__rosidl_typesupport_fastrtps_c.h\n'}
[5.000271] (px4_msgs) StdoutLine: {'line': b'-- Up-to-date symlink: /home/ubuntu/px4_ros2_ws/install/px4_msgs/include/px4_msgs/px4_msgs/msg/detail/landing_gear_wheel__rosidl_typesupport_fastrtps_c.h\n'}
[5.000334] (px4_msgs) StdoutLine: {'line': b'-- Up-to-date symlink: /home/ubuntu/px4_ros2_ws/install/px4_msgs/include/px4_msgs/px4_msgs/msg/detail/landing_target_innovations__rosidl_typesupport_fastrtps_c.h\n'}
[5.000380] (px4_msgs) StdoutLine: {'line': b'-- Up-to-date symlink: /home/ubuntu/px4_ros2_ws/install/px4_msgs/include/px4_msgs/px4_msgs/msg/detail/landing_target_pose__rosidl_typesupport_fastrtps_c.h\n'}
[5.000426] (px4_msgs) StdoutLine: {'line': b'-- Up-to-date symlink: /home/ubuntu/px4_ros2_ws/install/px4_msgs/include/px4_msgs/px4_msgs/msg/detail/lateral_control_configuration__rosidl_typesupport_fastrtps_c.h\n'}
[5.000538] (px4_msgs) StdoutLine: {'line': b'-- Up-to-date symlink: /home/ubuntu/px4_ros2_ws/install/px4_msgs/include/px4_msgs/px4_msgs/msg/detail/launch_detection_status__rosidl_typesupport_fastrtps_c.h\n'}
[5.000614] (px4_msgs) StdoutLine: {'line': b'-- Up-to-date symlink: /home/ubuntu/px4_ros2_ws/install/px4_msgs/include/px4_msgs/px4_msgs/msg/detail/led_control__rosidl_typesupport_fastrtps_c.h\n'}
[5.000647] (px4_msgs) StdoutLine: {'line': b'-- Up-to-date symlink: /home/ubuntu/px4_ros2_ws/install/px4_msgs/include/px4_msgs/px4_msgs/msg/detail/log_message__rosidl_typesupport_fastrtps_c.h\n'}
[5.000693] (px4_msgs) StdoutLine: {'line': b'-- Up-to-date symlink: /home/ubuntu/px4_ros2_ws/install/px4_msgs/include/px4_msgs/px4_msgs/msg/detail/logger_status__rosidl_typesupport_fastrtps_c.h\n'}
[5.000730] (px4_msgs) StdoutLine: {'line': b'-- Up-to-date symlink: /home/ubuntu/px4_ros2_ws/install/px4_msgs/include/px4_msgs/px4_msgs/msg/detail/longitudinal_control_configuration__rosidl_typesupport_fastrtps_c.h\n'}
[5.000763] (px4_msgs) StdoutLine: {'line': b'-- Up-to-date symlink: /home/ubuntu/px4_ros2_ws/install/px4_msgs/include/px4_msgs/px4_msgs/msg/detail/mag_worker_data__rosidl_typesupport_fastrtps_c.h\n'}
[5.000793] (px4_msgs) StdoutLine: {'line': b'-- Up-to-date symlink: /home/ubuntu/px4_ros2_ws/install/px4_msgs/include/px4_msgs/px4_msgs/msg/detail/magnetometer_bias_estimate__rosidl_typesupport_fastrtps_c.h\n'}
[5.000823] (px4_msgs) StdoutLine: {'line': b'-- Up-to-date symlink: /home/ubuntu/px4_ros2_ws/install/px4_msgs/include/px4_msgs/px4_msgs/msg/detail/manual_control_setpoint__rosidl_typesupport_fastrtps_c.h\n'}
[5.000867] (px4_msgs) StdoutLine: {'line': b'-- Up-to-date symlink: /home/ubuntu/px4_ros2_ws/install/px4_msgs/include/px4_msgs/px4_msgs/msg/detail/manual_control_switches__rosidl_typesupport_fastrtps_c.h\n'}
[5.000918] (px4_msgs) StdoutLine: {'line': b'-- Up-to-date symlink: /home/ubuntu/px4_ros2_ws/install/px4_msgs/include/px4_msgs/px4_msgs/msg/detail/mavlink_log__rosidl_typesupport_fastrtps_c.h\n'}
[5.000950] (px4_msgs) StdoutLine: {'line': b'-- Up-to-date symlink: /home/ubuntu/px4_ros2_ws/install/px4_msgs/include/px4_msgs/px4_msgs/msg/detail/mavlink_tunnel__rosidl_typesupport_fastrtps_c.h\n'}
[5.000982] (px4_msgs) StdoutLine: {'line': b'-- Up-to-date symlink: /home/ubuntu/px4_ros2_ws/install/px4_msgs/include/px4_msgs/px4_msgs/msg/detail/message_format_request__rosidl_typesupport_fastrtps_c.h\n'}
[5.001025] (px4_msgs) StdoutLine: {'line': b'-- Up-to-date symlink: /home/ubuntu/px4_ros2_ws/install/px4_msgs/include/px4_msgs/px4_msgs/msg/detail/message_format_response__rosidl_typesupport_fastrtps_c.h\n'}
[5.001074] (px4_msgs) StdoutLine: {'line': b'-- Up-to-date symlink: /home/ubuntu/px4_ros2_ws/install/px4_msgs/include/px4_msgs/px4_msgs/msg/detail/mission__rosidl_typesupport_fastrtps_c.h\n'}
[5.001107] (px4_msgs) StdoutLine: {'line': b'-- Up-to-date symlink: /home/ubuntu/px4_ros2_ws/install/px4_msgs/include/px4_msgs/px4_msgs/msg/detail/mission_result__rosidl_typesupport_fastrtps_c.h\n'}
[5.001153] (px4_msgs) StdoutLine: {'line': b'-- Up-to-date symlink: /home/ubuntu/px4_ros2_ws/install/px4_msgs/include/px4_msgs/px4_msgs/msg/detail/mode_completed__rosidl_typesupport_fastrtps_c.h\n'}
[5.001182] (px4_msgs) StdoutLine: {'line': b'-- Up-to-date symlink: /home/ubuntu/px4_ros2_ws/install/px4_msgs/include/px4_msgs/px4_msgs/msg/detail/mount_orientation__rosidl_typesupport_fastrtps_c.h\n'}
[5.001223] (px4_msgs) StdoutLine: {'line': b'-- Up-to-date symlink: /home/ubuntu/px4_ros2_ws/install/px4_msgs/include/px4_msgs/px4_msgs/msg/detail/navigator_mission_item__rosidl_typesupport_fastrtps_c.h\n'}
[5.001265] (px4_msgs) StdoutLine: {'line': b'-- Up-to-date symlink: /home/ubuntu/px4_ros2_ws/install/px4_msgs/include/px4_msgs/px4_msgs/msg/detail/navigator_status__rosidl_typesupport_fastrtps_c.h\n'}
[5.001308] (px4_msgs) StdoutLine: {'line': b'-- Up-to-date symlink: /home/ubuntu/px4_ros2_ws/install/px4_msgs/include/px4_msgs/px4_msgs/msg/detail/neural_control__rosidl_typesupport_fastrtps_c.h\n'}
[5.001349] (px4_msgs) StdoutLine: {'line': b'-- Up-to-date symlink: /home/ubuntu/px4_ros2_ws/install/px4_msgs/include/px4_msgs/px4_msgs/msg/detail/normalized_unsigned_setpoint__rosidl_typesupport_fastrtps_c.h\n'}
[5.001392] (px4_msgs) StdoutLine: {'line': b'-- Up-to-date symlink: /home/ubuntu/px4_ros2_ws/install/px4_msgs/include/px4_msgs/px4_msgs/msg/detail/obstacle_distance__rosidl_typesupport_fastrtps_c.h\n'}
[5.001436] (px4_msgs) StdoutLine: {'line': b'-- Up-to-date symlink: /home/ubuntu/px4_ros2_ws/install/px4_msgs/include/px4_msgs/px4_msgs/msg/detail/offboard_control_mode__rosidl_typesupport_fastrtps_c.h\n'}
[5.001481] (px4_msgs) StdoutLine: {'line': b'-- Up-to-date symlink: /home/ubuntu/px4_ros2_ws/install/px4_msgs/include/px4_msgs/px4_msgs/msg/detail/onboard_computer_status__rosidl_typesupport_fastrtps_c.h\n'}
[5.001523] (px4_msgs) StdoutLine: {'line': b'-- Up-to-date symlink: /home/ubuntu/px4_ros2_ws/install/px4_msgs/include/px4_msgs/px4_msgs/msg/detail/open_drone_id_arm_status__rosidl_typesupport_fastrtps_c.h\n'}
[5.001566] (px4_msgs) StdoutLine: {'line': b'-- Up-to-date symlink: /home/ubuntu/px4_ros2_ws/install/px4_msgs/include/px4_msgs/px4_msgs/msg/detail/open_drone_id_basic_id__rosidl_typesupport_fastrtps_c.h\n'}
[5.001606] (px4_msgs) StdoutLine: {'line': b'-- Up-to-date symlink: /home/ubuntu/px4_ros2_ws/install/px4_msgs/include/px4_msgs/px4_msgs/msg/detail/open_drone_id_operator_id__rosidl_typesupport_fastrtps_c.h\n'}
[5.001647] (px4_msgs) StdoutLine: {'line': b'-- Up-to-date symlink: /home/ubuntu/px4_ros2_ws/install/px4_msgs/include/px4_msgs/px4_msgs/msg/detail/open_drone_id_self_id__rosidl_typesupport_fastrtps_c.h\n'}
[5.001692] (px4_msgs) StdoutLine: {'line': b'-- Up-to-date symlink: /home/ubuntu/px4_ros2_ws/install/px4_msgs/include/px4_msgs/px4_msgs/msg/detail/open_drone_id_system__rosidl_typesupport_fastrtps_c.h\n'}
[5.001738] (px4_msgs) StdoutLine: {'line': b'-- Up-to-date symlink: /home/ubuntu/px4_ros2_ws/install/px4_msgs/include/px4_msgs/px4_msgs/msg/detail/orb_test__rosidl_typesupport_fastrtps_c.h\n'}
[5.001784] (px4_msgs) StdoutLine: {'line': b'-- Up-to-date symlink: /home/ubuntu/px4_ros2_ws/install/px4_msgs/include/px4_msgs/px4_msgs/msg/detail/orb_test_large__rosidl_typesupport_fastrtps_c.h\n'}
[5.001829] (px4_msgs) StdoutLine: {'line': b'-- Up-to-date symlink: /home/ubuntu/px4_ros2_ws/install/px4_msgs/include/px4_msgs/px4_msgs/msg/detail/orb_test_medium__rosidl_typesupport_fastrtps_c.h\n'}
[5.001876] (px4_msgs) StdoutLine: {'line': b'-- Up-to-date symlink: /home/ubuntu/px4_ros2_ws/install/px4_msgs/include/px4_msgs/px4_msgs/msg/detail/orbit_status__rosidl_typesupport_fastrtps_c.h\n'}
[5.001923] (px4_msgs) StdoutLine: {'line': b'-- Up-to-date symlink: /home/ubuntu/px4_ros2_ws/install/px4_msgs/include/px4_msgs/px4_msgs/msg/detail/parameter_reset_request__rosidl_typesupport_fastrtps_c.h\n'}
[5.001969] (px4_msgs) StdoutLine: {'line': b'-- Up-to-date symlink: /home/ubuntu/px4_ros2_ws/install/px4_msgs/include/px4_msgs/px4_msgs/msg/detail/parameter_set_used_request__rosidl_typesupport_fastrtps_c.h\n'}
[5.002014] (px4_msgs) StdoutLine: {'line': b'-- Up-to-date symlink: /home/ubuntu/px4_ros2_ws/install/px4_msgs/include/px4_msgs/px4_msgs/msg/detail/parameter_set_value_request__rosidl_typesupport_fastrtps_c.h\n'}
[5.002060] (px4_msgs) StdoutLine: {'line': b'-- Up-to-date symlink: /home/ubuntu/px4_ros2_ws/install/px4_msgs/include/px4_msgs/px4_msgs/msg/detail/parameter_set_value_response__rosidl_typesupport_fastrtps_c.h\n'}
[5.002106] (px4_msgs) StdoutLine: {'line': b'-- Up-to-date symlink: /home/ubuntu/px4_ros2_ws/install/px4_msgs/include/px4_msgs/px4_msgs/msg/detail/parameter_update__rosidl_typesupport_fastrtps_c.h\n'}
[5.002155] (px4_msgs) StdoutLine: {'line': b'-- Up-to-date symlink: /home/ubuntu/px4_ros2_ws/install/px4_msgs/include/px4_msgs/px4_msgs/msg/detail/ping__rosidl_typesupport_fastrtps_c.h\n'}
[5.002208] (px4_msgs) StdoutLine: {'line': b'-- Up-to-date symlink: /home/ubuntu/px4_ros2_ws/install/px4_msgs/include/px4_msgs/px4_msgs/msg/detail/position_controller_landing_status__rosidl_typesupport_fastrtps_c.h\n'}
[5.002250] (px4_msgs) StdoutLine: {'line': b'-- Up-to-date symlink: /home/ubuntu/px4_ros2_ws/install/px4_msgs/include/px4_msgs/px4_msgs/msg/detail/position_controller_status__rosidl_typesupport_fastrtps_c.h\n'}
[5.002301] (px4_msgs) StdoutLine: {'line': b'-- Up-to-date symlink: /home/ubuntu/px4_ros2_ws/install/px4_msgs/include/px4_msgs/px4_msgs/msg/detail/position_setpoint__rosidl_typesupport_fastrtps_c.h\n'}
[5.002344] (px4_msgs) StdoutLine: {'line': b'-- Up-to-date symlink: /home/ubuntu/px4_ros2_ws/install/px4_msgs/include/px4_msgs/px4_msgs/msg/detail/position_setpoint_triplet__rosidl_typesupport_fastrtps_c.h\n'}
[5.002391] (px4_msgs) StdoutLine: {'line': b'-- Up-to-date symlink: /home/ubuntu/px4_ros2_ws/install/px4_msgs/include/px4_msgs/px4_msgs/msg/detail/power_button_state__rosidl_typesupport_fastrtps_c.h\n'}
[5.002437] (px4_msgs) StdoutLine: {'line': b'-- Up-to-date symlink: /home/ubuntu/px4_ros2_ws/install/px4_msgs/include/px4_msgs/px4_msgs/msg/detail/power_monitor__rosidl_typesupport_fastrtps_c.h\n'}
[5.002496] (px4_msgs) StdoutLine: {'line': b'-- Up-to-date symlink: /home/ubuntu/px4_ros2_ws/install/px4_msgs/include/px4_msgs/px4_msgs/msg/detail/pps_capture__rosidl_typesupport_fastrtps_c.h\n'}
[5.002556] (px4_msgs) StdoutLine: {'line': b'-- Up-to-date symlink: /home/ubuntu/px4_ros2_ws/install/px4_msgs/include/px4_msgs/px4_msgs/msg/detail/prec_land_status__rosidl_typesupport_fastrtps_c.h\n'}
[5.002609] (px4_msgs) StdoutLine: {'line': b'-- Up-to-date symlink: /home/ubuntu/px4_ros2_ws/install/px4_msgs/include/px4_msgs/px4_msgs/msg/detail/pure_pursuit_status__rosidl_typesupport_fastrtps_c.h\n'}
[5.002660] (px4_msgs) StdoutLine: {'line': b'-- Up-to-date symlink: /home/ubuntu/px4_ros2_ws/install/px4_msgs/include/px4_msgs/px4_msgs/msg/detail/pwm_input__rosidl_typesupport_fastrtps_c.h\n'}
[5.002706] (px4_msgs) StdoutLine: {'line': b'-- Up-to-date symlink: /home/ubuntu/px4_ros2_ws/install/px4_msgs/include/px4_msgs/px4_msgs/msg/detail/px4io_status__rosidl_typesupport_fastrtps_c.h\n'}
[5.002750] (px4_msgs) StdoutLine: {'line': b'-- Up-to-date symlink: /home/ubuntu/px4_ros2_ws/install/px4_msgs/include/px4_msgs/px4_msgs/msg/detail/qshell_req__rosidl_typesupport_fastrtps_c.h\n'}
[5.002796] (px4_msgs) StdoutLine: {'line': b'-- Up-to-date symlink: /home/ubuntu/px4_ros2_ws/install/px4_msgs/include/px4_msgs/px4_msgs/msg/detail/qshell_retval__rosidl_typesupport_fastrtps_c.h\n'}
[5.002850] (px4_msgs) StdoutLine: {'line': b'-- Up-to-date symlink: /home/ubuntu/px4_ros2_ws/install/px4_msgs/include/px4_msgs/px4_msgs/msg/detail/radio_status__rosidl_typesupport_fastrtps_c.h\n'}
[5.002906] (px4_msgs) StdoutLine: {'line': b'-- Up-to-date symlink: /home/ubuntu/px4_ros2_ws/install/px4_msgs/include/px4_msgs/px4_msgs/msg/detail/ranging_beacon__rosidl_typesupport_fastrtps_c.h\n'}
[5.002968] (px4_msgs) StdoutLine: {'line': b'-- Up-to-date symlink: /home/ubuntu/px4_ros2_ws/install/px4_msgs/include/px4_msgs/px4_msgs/msg/detail/raptor_input__rosidl_typesupport_fastrtps_c.h\n'}
[5.003027] (px4_msgs) StdoutLine: {'line': b'-- Up-to-date symlink: /home/ubuntu/px4_ros2_ws/install/px4_msgs/include/px4_msgs/px4_msgs/msg/detail/raptor_status__rosidl_typesupport_fastrtps_c.h\n'}
[5.003071] (px4_msgs) StdoutLine: {'line': b'-- Up-to-date symlink: /home/ubuntu/px4_ros2_ws/install/px4_msgs/include/px4_msgs/px4_msgs/msg/detail/rate_ctrl_status__rosidl_typesupport_fastrtps_c.h\n'}
[5.003116] (px4_msgs) StdoutLine: {'line': b'-- Up-to-date symlink: /home/ubuntu/px4_ros2_ws/install/px4_msgs/include/px4_msgs/px4_msgs/msg/detail/rc_channels__rosidl_typesupport_fastrtps_c.h\n'}
[5.003166] (px4_msgs) StdoutLine: {'line': b'-- Up-to-date symlink: /home/ubuntu/px4_ros2_ws/install/px4_msgs/include/px4_msgs/px4_msgs/msg/detail/rc_parameter_map__rosidl_typesupport_fastrtps_c.h\n'}
[5.003215] (px4_msgs) StdoutLine: {'line': b'-- Up-to-date symlink: /home/ubuntu/px4_ros2_ws/install/px4_msgs/include/px4_msgs/px4_msgs/msg/detail/register_ext_component_reply__rosidl_typesupport_fastrtps_c.h\n'}
[5.003265] (px4_msgs) StdoutLine: {'line': b'-- Up-to-date symlink: /home/ubuntu/px4_ros2_ws/install/px4_msgs/include/px4_msgs/px4_msgs/msg/detail/register_ext_component_request__rosidl_typesupport_fastrtps_c.h\n'}
[5.003309] (px4_msgs) StdoutLine: {'line': b'-- Up-to-date symlink: /home/ubuntu/px4_ros2_ws/install/px4_msgs/include/px4_msgs/px4_msgs/msg/detail/rover_attitude_setpoint__rosidl_typesupport_fastrtps_c.h\n'}
[5.003352] (px4_msgs) StdoutLine: {'line': b'-- Up-to-date symlink: /home/ubuntu/px4_ros2_ws/install/px4_msgs/include/px4_msgs/px4_msgs/msg/detail/rover_attitude_status__rosidl_typesupport_fastrtps_c.h\n'}
[5.003396] (px4_msgs) StdoutLine: {'line': b'-- Up-to-date symlink: /home/ubuntu/px4_ros2_ws/install/px4_msgs/include/px4_msgs/px4_msgs/msg/detail/rover_position_setpoint__rosidl_typesupport_fastrtps_c.h\n'}
[5.003443] (px4_msgs) StdoutLine: {'line': b'-- Up-to-date symlink: /home/ubuntu/px4_ros2_ws/install/px4_msgs/include/px4_msgs/px4_msgs/msg/detail/rover_rate_setpoint__rosidl_typesupport_fastrtps_c.h\n'}
[5.003510] (px4_msgs) StdoutLine: {'line': b'-- Up-to-date symlink: /home/ubuntu/px4_ros2_ws/install/px4_msgs/include/px4_msgs/px4_msgs/msg/detail/rover_rate_status__rosidl_typesupport_fastrtps_c.h\n'}
[5.003558] (px4_msgs) StdoutLine: {'line': b'-- Up-to-date symlink: /home/ubuntu/px4_ros2_ws/install/px4_msgs/include/px4_msgs/px4_msgs/msg/detail/rover_speed_setpoint__rosidl_typesupport_fastrtps_c.h\n'}
[5.003609] (px4_msgs) StdoutLine: {'line': b'-- Up-to-date symlink: /home/ubuntu/px4_ros2_ws/install/px4_msgs/include/px4_msgs/px4_msgs/msg/detail/rover_speed_status__rosidl_typesupport_fastrtps_c.h\n'}
[5.003666] (px4_msgs) StdoutLine: {'line': b'-- Up-to-date symlink: /home/ubuntu/px4_ros2_ws/install/px4_msgs/include/px4_msgs/px4_msgs/msg/detail/rover_steering_setpoint__rosidl_typesupport_fastrtps_c.h\n'}
[5.003717] (px4_msgs) StdoutLine: {'line': b'-- Up-to-date symlink: /home/ubuntu/px4_ros2_ws/install/px4_msgs/include/px4_msgs/px4_msgs/msg/detail/rover_throttle_setpoint__rosidl_typesupport_fastrtps_c.h\n'}
[5.003806] (px4_msgs) StdoutLine: {'line': b'-- Up-to-date symlink: /home/ubuntu/px4_ros2_ws/install/px4_msgs/include/px4_msgs/px4_msgs/msg/detail/rpm__rosidl_typesupport_fastrtps_c.h\n'}
[5.003862] (px4_msgs) StdoutLine: {'line': b'-- Up-to-date symlink: /home/ubuntu/px4_ros2_ws/install/px4_msgs/include/px4_msgs/px4_msgs/msg/detail/rtcm_data__rosidl_typesupport_fastrtps_c.h\n'}
[5.003915] (px4_msgs) StdoutLine: {'line': b'-- Up-to-date symlink: /home/ubuntu/px4_ros2_ws/install/px4_msgs/include/px4_msgs/px4_msgs/msg/detail/rtl_status__rosidl_typesupport_fastrtps_c.h\n'}
[5.003963] (px4_msgs) StdoutLine: {'line': b'-- Up-to-date symlink: /home/ubuntu/px4_ros2_ws/install/px4_msgs/include/px4_msgs/px4_msgs/msg/detail/rtl_time_estimate__rosidl_typesupport_fastrtps_c.h\n'}
[5.004021] (px4_msgs) StdoutLine: {'line': b'-- Up-to-date symlink: /home/ubuntu/px4_ros2_ws/install/px4_msgs/include/px4_msgs/px4_msgs/msg/detail/satellite_info__rosidl_typesupport_fastrtps_c.h\n'}
[5.004080] (px4_msgs) StdoutLine: {'line': b'-- Up-to-date symlink: /home/ubuntu/px4_ros2_ws/install/px4_msgs/include/px4_msgs/px4_msgs/msg/detail/sensor_accel__rosidl_typesupport_fastrtps_c.h\n'}
[5.004129] (px4_msgs) StdoutLine: {'line': b'-- Up-to-date symlink: /home/ubuntu/px4_ros2_ws/install/px4_msgs/include/px4_msgs/px4_msgs/msg/detail/sensor_accel_fifo__rosidl_typesupport_fastrtps_c.h\n'}
[5.004175] (px4_msgs) StdoutLine: {'line': b'-- Up-to-date symlink: /home/ubuntu/px4_ros2_ws/install/px4_msgs/include/px4_msgs/px4_msgs/msg/detail/sensor_airflow__rosidl_typesupport_fastrtps_c.h\n'}
[5.004229] (px4_msgs) StdoutLine: {'line': b'-- Up-to-date symlink: /home/ubuntu/px4_ros2_ws/install/px4_msgs/include/px4_msgs/px4_msgs/msg/detail/sensor_baro__rosidl_typesupport_fastrtps_c.h\n'}
[5.004276] (px4_msgs) StdoutLine: {'line': b'-- Up-to-date symlink: /home/ubuntu/px4_ros2_ws/install/px4_msgs/include/px4_msgs/px4_msgs/msg/detail/sensor_combined__rosidl_typesupport_fastrtps_c.h\n'}
[5.004329] (px4_msgs) StdoutLine: {'line': b'-- Up-to-date symlink: /home/ubuntu/px4_ros2_ws/install/px4_msgs/include/px4_msgs/px4_msgs/msg/detail/sensor_correction__rosidl_typesupport_fastrtps_c.h\n'}
[5.004372] (px4_msgs) StdoutLine: {'line': b'-- Up-to-date symlink: /home/ubuntu/px4_ros2_ws/install/px4_msgs/include/px4_msgs/px4_msgs/msg/detail/sensor_gnss_relative__rosidl_typesupport_fastrtps_c.h\n'}
[5.004403] (px4_msgs) StdoutLine: {'line': b'-- Up-to-date symlink: /home/ubuntu/px4_ros2_ws/install/px4_msgs/include/px4_msgs/px4_msgs/msg/detail/sensor_gnss_status__rosidl_typesupport_fastrtps_c.h\n'}
[5.004445] (px4_msgs) StdoutLine: {'line': b'-- Up-to-date symlink: /home/ubuntu/px4_ros2_ws/install/px4_msgs/include/px4_msgs/px4_msgs/msg/detail/sensor_gps__rosidl_typesupport_fastrtps_c.h\n'}
[5.004494] (px4_msgs) StdoutLine: {'line': b'-- Up-to-date symlink: /home/ubuntu/px4_ros2_ws/install/px4_msgs/include/px4_msgs/px4_msgs/msg/detail/sensor_gyro__rosidl_typesupport_fastrtps_c.h\n'}
[5.004550] (px4_msgs) StdoutLine: {'line': b'-- Up-to-date symlink: /home/ubuntu/px4_ros2_ws/install/px4_msgs/include/px4_msgs/px4_msgs/msg/detail/sensor_gyro_fft__rosidl_typesupport_fastrtps_c.h\n'}
[5.004593] (px4_msgs) StdoutLine: {'line': b'-- Up-to-date symlink: /home/ubuntu/px4_ros2_ws/install/px4_msgs/include/px4_msgs/px4_msgs/msg/detail/sensor_gyro_fifo__rosidl_typesupport_fastrtps_c.h\n'}
[5.004636] (px4_msgs) StdoutLine: {'line': b'-- Up-to-date symlink: /home/ubuntu/px4_ros2_ws/install/px4_msgs/include/px4_msgs/px4_msgs/msg/detail/sensor_hygrometer__rosidl_typesupport_fastrtps_c.h\n'}
[5.004679] (px4_msgs) StdoutLine: {'line': b'-- Up-to-date symlink: /home/ubuntu/px4_ros2_ws/install/px4_msgs/include/px4_msgs/px4_msgs/msg/detail/sensor_mag__rosidl_typesupport_fastrtps_c.h\n'}
[5.004722] (px4_msgs) StdoutLine: {'line': b'-- Up-to-date symlink: /home/ubuntu/px4_ros2_ws/install/px4_msgs/include/px4_msgs/px4_msgs/msg/detail/sensor_optical_flow__rosidl_typesupport_fastrtps_c.h\n'}
[5.004765] (px4_msgs) StdoutLine: {'line': b'-- Up-to-date symlink: /home/ubuntu/px4_ros2_ws/install/px4_msgs/include/px4_msgs/px4_msgs/msg/detail/sensor_preflight_mag__rosidl_typesupport_fastrtps_c.h\n'}
[5.004811] (px4_msgs) StdoutLine: {'line': b'-- Up-to-date symlink: /home/ubuntu/px4_ros2_ws/install/px4_msgs/include/px4_msgs/px4_msgs/msg/detail/sensor_selection__rosidl_typesupport_fastrtps_c.h\n'}
[5.004852] (px4_msgs) StdoutLine: {'line': b'-- Up-to-date symlink: /home/ubuntu/px4_ros2_ws/install/px4_msgs/include/px4_msgs/px4_msgs/msg/detail/sensor_temp__rosidl_typesupport_fastrtps_c.h\n'}
[5.004900] (px4_msgs) StdoutLine: {'line': b'-- Up-to-date symlink: /home/ubuntu/px4_ros2_ws/install/px4_msgs/include/px4_msgs/px4_msgs/msg/detail/sensor_uwb__rosidl_typesupport_fastrtps_c.h\n'}
[5.004951] (px4_msgs) StdoutLine: {'line': b'-- Up-to-date symlink: /home/ubuntu/px4_ros2_ws/install/px4_msgs/include/px4_msgs/px4_msgs/msg/detail/sensors_status__rosidl_typesupport_fastrtps_c.h\n'}
[5.005007] (px4_msgs) StdoutLine: {'line': b'-- Up-to-date symlink: /home/ubuntu/px4_ros2_ws/install/px4_msgs/include/px4_msgs/px4_msgs/msg/detail/sensors_status_imu__rosidl_typesupport_fastrtps_c.h\n'}
[5.005050] (px4_msgs) StdoutLine: {'line': b'-- Up-to-date symlink: /home/ubuntu/px4_ros2_ws/install/px4_msgs/include/px4_msgs/px4_msgs/msg/detail/setpoint_config__rosidl_typesupport_fastrtps_c.h\n'}
[5.005097] (px4_msgs) StdoutLine: {'line': b'-- Up-to-date symlink: /home/ubuntu/px4_ros2_ws/install/px4_msgs/include/px4_msgs/px4_msgs/msg/detail/setpoint_config_reply__rosidl_typesupport_fastrtps_c.h\n'}
[5.005146] (px4_msgs) StdoutLine: {'line': b'-- Up-to-date symlink: /home/ubuntu/px4_ros2_ws/install/px4_msgs/include/px4_msgs/px4_msgs/msg/detail/system_power__rosidl_typesupport_fastrtps_c.h\n'}
[5.005194] (px4_msgs) StdoutLine: {'line': b'-- Up-to-date symlink: /home/ubuntu/px4_ros2_ws/install/px4_msgs/include/px4_msgs/px4_msgs/msg/detail/takeoff_status__rosidl_typesupport_fastrtps_c.h\n'}
[5.005242] (px4_msgs) StdoutLine: {'line': b'-- Up-to-date symlink: /home/ubuntu/px4_ros2_ws/install/px4_msgs/include/px4_msgs/px4_msgs/msg/detail/target_gnss__rosidl_typesupport_fastrtps_c.h\n'}
[5.005293] (px4_msgs) StdoutLine: {'line': b'-- Up-to-date symlink: /home/ubuntu/px4_ros2_ws/install/px4_msgs/include/px4_msgs/px4_msgs/msg/detail/task_stack_info__rosidl_typesupport_fastrtps_c.h\n'}
[5.005341] (px4_msgs) StdoutLine: {'line': b'-- Up-to-date symlink: /home/ubuntu/px4_ros2_ws/install/px4_msgs/include/px4_msgs/px4_msgs/msg/detail/tecs_status__rosidl_typesupport_fastrtps_c.h\n'}
[5.005391] (px4_msgs) StdoutLine: {'line': b'-- Up-to-date symlink: /home/ubuntu/px4_ros2_ws/install/px4_msgs/include/px4_msgs/px4_msgs/msg/detail/telemetry_status__rosidl_typesupport_fastrtps_c.h\n'}
[5.005449] (px4_msgs) StdoutLine: {'line': b'-- Up-to-date symlink: /home/ubuntu/px4_ros2_ws/install/px4_msgs/include/px4_msgs/px4_msgs/msg/detail/tiltrotor_extra_controls__rosidl_typesupport_fastrtps_c.h\n'}
[5.005508] (px4_msgs) StdoutLine: {'line': b'-- Up-to-date symlink: /home/ubuntu/px4_ros2_ws/install/px4_msgs/include/px4_msgs/px4_msgs/msg/detail/timesync_status__rosidl_typesupport_fastrtps_c.h\n'}
[5.005550] (px4_msgs) StdoutLine: {'line': b'-- Up-to-date symlink: /home/ubuntu/px4_ros2_ws/install/px4_msgs/include/px4_msgs/px4_msgs/msg/detail/trajectory_setpoint6dof__rosidl_typesupport_fastrtps_c.h\n'}
[5.005592] (px4_msgs) StdoutLine: {'line': b'-- Up-to-date symlink: /home/ubuntu/px4_ros2_ws/install/px4_msgs/include/px4_msgs/px4_msgs/msg/detail/trajectory_setpoint__rosidl_typesupport_fastrtps_c.h\n'}
[5.005639] (px4_msgs) StdoutLine: {'line': b'-- Up-to-date symlink: /home/ubuntu/px4_ros2_ws/install/px4_msgs/include/px4_msgs/px4_msgs/msg/detail/transponder_report__rosidl_typesupport_fastrtps_c.h\n'}
[5.005685] (px4_msgs) StdoutLine: {'line': b'-- Up-to-date symlink: /home/ubuntu/px4_ros2_ws/install/px4_msgs/include/px4_msgs/px4_msgs/msg/detail/tune_control__rosidl_typesupport_fastrtps_c.h\n'}
[5.005737] (px4_msgs) StdoutLine: {'line': b'-- Up-to-date symlink: /home/ubuntu/px4_ros2_ws/install/px4_msgs/include/px4_msgs/px4_msgs/msg/detail/uavcan_parameter_request__rosidl_typesupport_fastrtps_c.h\n'}
[5.005787] (px4_msgs) StdoutLine: {'line': b'-- Up-to-date symlink: /home/ubuntu/px4_ros2_ws/install/px4_msgs/include/px4_msgs/px4_msgs/msg/detail/uavcan_parameter_value__rosidl_typesupport_fastrtps_c.h\n'}
[5.005836] (px4_msgs) StdoutLine: {'line': b'-- Up-to-date symlink: /home/ubuntu/px4_ros2_ws/install/px4_msgs/include/px4_msgs/px4_msgs/msg/detail/ulog_stream__rosidl_typesupport_fastrtps_c.h\n'}
[5.005883] (px4_msgs) StdoutLine: {'line': b'-- Up-to-date symlink: /home/ubuntu/px4_ros2_ws/install/px4_msgs/include/px4_msgs/px4_msgs/msg/detail/ulog_stream_ack__rosidl_typesupport_fastrtps_c.h\n'}
[5.005933] (px4_msgs) StdoutLine: {'line': b'-- Up-to-date symlink: /home/ubuntu/px4_ros2_ws/install/px4_msgs/include/px4_msgs/px4_msgs/msg/detail/unregister_ext_component__rosidl_typesupport_fastrtps_c.h\n'}
[5.005985] (px4_msgs) StdoutLine: {'line': b'-- Up-to-date symlink: /home/ubuntu/px4_ros2_ws/install/px4_msgs/include/px4_msgs/px4_msgs/msg/detail/vehicle_acceleration__rosidl_typesupport_fastrtps_c.h\n'}
[5.006039] (px4_msgs) StdoutLine: {'line': b'-- Up-to-date symlink: /home/ubuntu/px4_ros2_ws/install/px4_msgs/include/px4_msgs/px4_msgs/msg/detail/vehicle_air_data__rosidl_typesupport_fastrtps_c.h\n'}
[5.006095] (px4_msgs) StdoutLine: {'line': b'-- Up-to-date symlink: /home/ubuntu/px4_ros2_ws/install/px4_msgs/include/px4_msgs/px4_msgs/msg/detail/vehicle_angular_velocity__rosidl_typesupport_fastrtps_c.h\n'}
[5.006140] (px4_msgs) StdoutLine: {'line': b'-- Up-to-date symlink: /home/ubuntu/px4_ros2_ws/install/px4_msgs/include/px4_msgs/px4_msgs/msg/detail/vehicle_attitude__rosidl_typesupport_fastrtps_c.h\n'}
[5.006190] (px4_msgs) StdoutLine: {'line': b'-- Up-to-date symlink: /home/ubuntu/px4_ros2_ws/install/px4_msgs/include/px4_msgs/px4_msgs/msg/detail/vehicle_attitude_setpoint__rosidl_typesupport_fastrtps_c.h\n'}
[5.006241] (px4_msgs) StdoutLine: {'line': b'-- Up-to-date symlink: /home/ubuntu/px4_ros2_ws/install/px4_msgs/include/px4_msgs/px4_msgs/msg/detail/vehicle_command__rosidl_typesupport_fastrtps_c.h\n'}
[5.006288] (px4_msgs) StdoutLine: {'line': b'-- Up-to-date symlink: /home/ubuntu/px4_ros2_ws/install/px4_msgs/include/px4_msgs/px4_msgs/msg/detail/vehicle_command_ack__rosidl_typesupport_fastrtps_c.h\n'}
[5.006333] (px4_msgs) StdoutLine: {'line': b'-- Up-to-date symlink: /home/ubuntu/px4_ros2_ws/install/px4_msgs/include/px4_msgs/px4_msgs/msg/detail/vehicle_constraints__rosidl_typesupport_fastrtps_c.h\n'}
[5.006380] (px4_msgs) StdoutLine: {'line': b'-- Up-to-date symlink: /home/ubuntu/px4_ros2_ws/install/px4_msgs/include/px4_msgs/px4_msgs/msg/detail/vehicle_control_mode__rosidl_typesupport_fastrtps_c.h\n'}
[5.006431] (px4_msgs) StdoutLine: {'line': b'-- Up-to-date symlink: /home/ubuntu/px4_ros2_ws/install/px4_msgs/include/px4_msgs/px4_msgs/msg/detail/vehicle_global_position__rosidl_typesupport_fastrtps_c.h\n'}
[5.006498] (px4_msgs) StdoutLine: {'line': b'-- Up-to-date symlink: /home/ubuntu/px4_ros2_ws/install/px4_msgs/include/px4_msgs/px4_msgs/msg/detail/vehicle_imu__rosidl_typesupport_fastrtps_c.h\n'}
[5.006560] (px4_msgs) StdoutLine: {'line': b'-- Up-to-date symlink: /home/ubuntu/px4_ros2_ws/install/px4_msgs/include/px4_msgs/px4_msgs/msg/detail/vehicle_imu_status__rosidl_typesupport_fastrtps_c.h\n'}
[5.006607] (px4_msgs) StdoutLine: {'line': b'-- Up-to-date symlink: /home/ubuntu/px4_ros2_ws/install/px4_msgs/include/px4_msgs/px4_msgs/msg/detail/vehicle_land_detected__rosidl_typesupport_fastrtps_c.h\n'}
[5.006649] (px4_msgs) StdoutLine: {'line': b'-- Up-to-date symlink: /home/ubuntu/px4_ros2_ws/install/px4_msgs/include/px4_msgs/px4_msgs/msg/detail/vehicle_local_position__rosidl_typesupport_fastrtps_c.h\n'}
[5.006687] (px4_msgs) StdoutLine: {'line': b'-- Up-to-date symlink: /home/ubuntu/px4_ros2_ws/install/px4_msgs/include/px4_msgs/px4_msgs/msg/detail/vehicle_local_position_setpoint__rosidl_typesupport_fastrtps_c.h\n'}
[5.006733] (px4_msgs) StdoutLine: {'line': b'-- Up-to-date symlink: /home/ubuntu/px4_ros2_ws/install/px4_msgs/include/px4_msgs/px4_msgs/msg/detail/vehicle_magnetometer__rosidl_typesupport_fastrtps_c.h\n'}
[5.006780] (px4_msgs) StdoutLine: {'line': b'-- Up-to-date symlink: /home/ubuntu/px4_ros2_ws/install/px4_msgs/include/px4_msgs/px4_msgs/msg/detail/vehicle_odometry__rosidl_typesupport_fastrtps_c.h\n'}
[5.006825] (px4_msgs) StdoutLine: {'line': b'-- Up-to-date symlink: /home/ubuntu/px4_ros2_ws/install/px4_msgs/include/px4_msgs/px4_msgs/msg/detail/vehicle_optical_flow__rosidl_typesupport_fastrtps_c.h\n'}
[5.006872] (px4_msgs) StdoutLine: {'line': b'-- Up-to-date symlink: /home/ubuntu/px4_ros2_ws/install/px4_msgs/include/px4_msgs/px4_msgs/msg/detail/vehicle_optical_flow_vel__rosidl_typesupport_fastrtps_c.h\n'}
[5.006918] (px4_msgs) StdoutLine: {'line': b'-- Up-to-date symlink: /home/ubuntu/px4_ros2_ws/install/px4_msgs/include/px4_msgs/px4_msgs/msg/detail/vehicle_rates_setpoint__rosidl_typesupport_fastrtps_c.h\n'}
[5.006997] (px4_msgs) StdoutLine: {'line': b'-- Up-to-date symlink: /home/ubuntu/px4_ros2_ws/install/px4_msgs/include/px4_msgs/px4_msgs/msg/detail/vehicle_roi__rosidl_typesupport_fastrtps_c.h\n'}
[5.007036] (px4_msgs) StdoutLine: {'line': b'-- Up-to-date symlink: /home/ubuntu/px4_ros2_ws/install/px4_msgs/include/px4_msgs/px4_msgs/msg/detail/vehicle_status__rosidl_typesupport_fastrtps_c.h\n'}
[5.007071] (px4_msgs) StdoutLine: {'line': b'-- Up-to-date symlink: /home/ubuntu/px4_ros2_ws/install/px4_msgs/include/px4_msgs/px4_msgs/msg/detail/vehicle_thrust_setpoint__rosidl_typesupport_fastrtps_c.h\n'}
[5.007111] (px4_msgs) StdoutLine: {'line': b'-- Up-to-date symlink: /home/ubuntu/px4_ros2_ws/install/px4_msgs/include/px4_msgs/px4_msgs/msg/detail/vehicle_torque_setpoint__rosidl_typesupport_fastrtps_c.h\n'}
[5.007157] (px4_msgs) StdoutLine: {'line': b'-- Up-to-date symlink: /home/ubuntu/px4_ros2_ws/install/px4_msgs/include/px4_msgs/px4_msgs/msg/detail/velocity_limits__rosidl_typesupport_fastrtps_c.h\n'}
[5.007203] (px4_msgs) StdoutLine: {'line': b'-- Up-to-date symlink: /home/ubuntu/px4_ros2_ws/install/px4_msgs/include/px4_msgs/px4_msgs/msg/detail/vte_aid_source1d__rosidl_typesupport_fastrtps_c.h\n'}
[5.007250] (px4_msgs) StdoutLine: {'line': b'-- Up-to-date symlink: /home/ubuntu/px4_ros2_ws/install/px4_msgs/include/px4_msgs/px4_msgs/msg/detail/vte_aid_source3d__rosidl_typesupport_fastrtps_c.h\n'}
[5.007295] (px4_msgs) StdoutLine: {'line': b'-- Up-to-date symlink: /home/ubuntu/px4_ros2_ws/install/px4_msgs/include/px4_msgs/px4_msgs/msg/detail/vte_bias_init_status__rosidl_typesupport_fastrtps_c.h\n'}
[5.007341] (px4_msgs) StdoutLine: {'line': b'-- Up-to-date symlink: /home/ubuntu/px4_ros2_ws/install/px4_msgs/include/px4_msgs/px4_msgs/msg/detail/vte_input__rosidl_typesupport_fastrtps_c.h\n'}
[5.007386] (px4_msgs) StdoutLine: {'line': b'-- Up-to-date symlink: /home/ubuntu/px4_ros2_ws/install/px4_msgs/include/px4_msgs/px4_msgs/msg/detail/vte_orientation__rosidl_typesupport_fastrtps_c.h\n'}
[5.007434] (px4_msgs) StdoutLine: {'line': b'-- Up-to-date symlink: /home/ubuntu/px4_ros2_ws/install/px4_msgs/include/px4_msgs/px4_msgs/msg/detail/vte_position__rosidl_typesupport_fastrtps_c.h\n'}
[5.007483] (px4_msgs) StdoutLine: {'line': b'-- Up-to-date symlink: /home/ubuntu/px4_ros2_ws/install/px4_msgs/include/px4_msgs/px4_msgs/msg/detail/vtol_vehicle_status__rosidl_typesupport_fastrtps_c.h\n'}
[5.007530] (px4_msgs) StdoutLine: {'line': b'-- Up-to-date symlink: /home/ubuntu/px4_ros2_ws/install/px4_msgs/include/px4_msgs/px4_msgs/msg/detail/vtx__rosidl_typesupport_fastrtps_c.h\n'}
[5.007576] (px4_msgs) StdoutLine: {'line': b'-- Up-to-date symlink: /home/ubuntu/px4_ros2_ws/install/px4_msgs/include/px4_msgs/px4_msgs/msg/detail/wheel_encoders__rosidl_typesupport_fastrtps_c.h\n'}
[5.007622] (px4_msgs) StdoutLine: {'line': b'-- Up-to-date symlink: /home/ubuntu/px4_ros2_ws/install/px4_msgs/include/px4_msgs/px4_msgs/msg/detail/wind__rosidl_typesupport_fastrtps_c.h\n'}
[5.007669] (px4_msgs) StdoutLine: {'line': b'-- Up-to-date symlink: /home/ubuntu/px4_ros2_ws/install/px4_msgs/include/px4_msgs/px4_msgs/msg/detail/yaw_estimator_status__rosidl_typesupport_fastrtps_c.h\n'}
[5.007715] (px4_msgs) StdoutLine: {'line': b'-- Up-to-date symlink: /home/ubuntu/px4_ros2_ws/install/px4_msgs/include/px4_msgs/px4_msgs/msg/rosidl_typesupport_fastrtps_c__visibility_control.h\n'}
[5.007763] (px4_msgs) StdoutLine: {'line': b'-- Up-to-date symlink: /home/ubuntu/px4_ros2_ws/install/px4_msgs/include/px4_msgs/px4_msgs/srv/detail/vehicle_command__rosidl_typesupport_fastrtps_c.h\n'}
[5.009749] (px4_msgs) StdoutLine: {'line': b'-- Up-to-date symlink: /home/ubuntu/px4_ros2_ws/install/px4_msgs/include/px4_msgs/px4_msgs/msg/detail/action_request__rosidl_typesupport_introspection_c.h\n'}
[5.009819] (px4_msgs) StdoutLine: {'line': b'-- Up-to-date symlink: /home/ubuntu/px4_ros2_ws/install/px4_msgs/include/px4_msgs/px4_msgs/msg/detail/actuator_armed__rosidl_typesupport_introspection_c.h\n'}
[5.009863] (px4_msgs) StdoutLine: {'line': b'-- Up-to-date symlink: /home/ubuntu/px4_ros2_ws/install/px4_msgs/include/px4_msgs/px4_msgs/msg/detail/actuator_controls_status__rosidl_typesupport_introspection_c.h\n'}
[5.009904] (px4_msgs) StdoutLine: {'line': b'-- Up-to-date symlink: /home/ubuntu/px4_ros2_ws/install/px4_msgs/include/px4_msgs/px4_msgs/msg/detail/actuator_motors__rosidl_typesupport_introspection_c.h\n'}
[5.009942] (px4_msgs) StdoutLine: {'line': b'-- Up-to-date symlink: /home/ubuntu/px4_ros2_ws/install/px4_msgs/include/px4_msgs/px4_msgs/msg/detail/actuator_outputs__rosidl_typesupport_introspection_c.h\n'}
[5.009992] (px4_msgs) StdoutLine: {'line': b'-- Up-to-date symlink: /home/ubuntu/px4_ros2_ws/install/px4_msgs/include/px4_msgs/px4_msgs/msg/detail/actuator_servos__rosidl_typesupport_introspection_c.h\n'}
[5.010038] (px4_msgs) StdoutLine: {'line': b'-- Up-to-date symlink: /home/ubuntu/px4_ros2_ws/install/px4_msgs/include/px4_msgs/px4_msgs/msg/detail/actuator_servos_trim__rosidl_typesupport_introspection_c.h\n'}
[5.010086] (px4_msgs) StdoutLine: {'line': b'-- Up-to-date symlink: /home/ubuntu/px4_ros2_ws/install/px4_msgs/include/px4_msgs/px4_msgs/msg/detail/actuator_test__rosidl_typesupport_introspection_c.h\n'}
[5.010136] (px4_msgs) StdoutLine: {'line': b'-- Up-to-date symlink: /home/ubuntu/px4_ros2_ws/install/px4_msgs/include/px4_msgs/px4_msgs/msg/detail/adc_report__rosidl_typesupport_introspection_c.h\n'}
[5.010190] (px4_msgs) StdoutLine: {'line': b'-- Up-to-date symlink: /home/ubuntu/px4_ros2_ws/install/px4_msgs/include/px4_msgs/px4_msgs/msg/detail/airspeed__rosidl_typesupport_introspection_c.h\n'}
[5.010240] (px4_msgs) StdoutLine: {'line': b'-- Up-to-date symlink: /home/ubuntu/px4_ros2_ws/install/px4_msgs/include/px4_msgs/px4_msgs/msg/detail/airspeed_validated__rosidl_typesupport_introspection_c.h\n'}
[5.010289] (px4_msgs) StdoutLine: {'line': b'-- Up-to-date symlink: /home/ubuntu/px4_ros2_ws/install/px4_msgs/include/px4_msgs/px4_msgs/msg/detail/airspeed_wind__rosidl_typesupport_introspection_c.h\n'}
[5.010384] (px4_msgs) StdoutLine: {'line': b'-- Up-to-date symlink: /home/ubuntu/px4_ros2_ws/install/px4_msgs/include/px4_msgs/px4_msgs/msg/detail/arming_check_reply__rosidl_typesupport_introspection_c.h\n'}
[5.010564] (px4_msgs) StdoutLine: {'line': b'-- Up-to-date symlink: /home/ubuntu/px4_ros2_ws/install/px4_msgs/include/px4_msgs/px4_msgs/msg/detail/arming_check_request__rosidl_typesupport_introspection_c.h\n'}
[5.010629] (px4_msgs) StdoutLine: {'line': b'-- Up-to-date symlink: /home/ubuntu/px4_ros2_ws/install/px4_msgs/include/px4_msgs/px4_msgs/msg/detail/autotune_attitude_control_status__rosidl_typesupport_introspection_c.h\n'}
[5.010681] (px4_msgs) StdoutLine: {'line': b'-- Up-to-date symlink: /home/ubuntu/px4_ros2_ws/install/px4_msgs/include/px4_msgs/px4_msgs/msg/detail/aux_global_position__rosidl_typesupport_introspection_c.h\n'}
[5.010730] (px4_msgs) StdoutLine: {'line': b'-- Up-to-date symlink: /home/ubuntu/px4_ros2_ws/install/px4_msgs/include/px4_msgs/px4_msgs/msg/detail/battery_info__rosidl_typesupport_introspection_c.h\n'}
[5.010801] (px4_msgs) StdoutLine: {'line': b'-- Up-to-date symlink: /home/ubuntu/px4_ros2_ws/install/px4_msgs/include/px4_msgs/px4_msgs/msg/detail/battery_status__rosidl_typesupport_introspection_c.h\n'}
[5.010841] (px4_msgs) StdoutLine: {'line': b'-- Up-to-date symlink: /home/ubuntu/px4_ros2_ws/install/px4_msgs/include/px4_msgs/px4_msgs/msg/detail/button_event__rosidl_typesupport_introspection_c.h\n'}
[5.010879] (px4_msgs) StdoutLine: {'line': b'-- Up-to-date symlink: /home/ubuntu/px4_ros2_ws/install/px4_msgs/include/px4_msgs/px4_msgs/msg/detail/camera_capture__rosidl_typesupport_introspection_c.h\n'}
[5.010932] (px4_msgs) StdoutLine: {'line': b'-- Up-to-date symlink: /home/ubuntu/px4_ros2_ws/install/px4_msgs/include/px4_msgs/px4_msgs/msg/detail/camera_status__rosidl_typesupport_introspection_c.h\n'}
[5.010992] (px4_msgs) StdoutLine: {'line': b'-- Up-to-date symlink: /home/ubuntu/px4_ros2_ws/install/px4_msgs/include/px4_msgs/px4_msgs/msg/detail/camera_trigger__rosidl_typesupport_introspection_c.h\n'}
[5.011035] (px4_msgs) StdoutLine: {'line': b'-- Up-to-date symlink: /home/ubuntu/px4_ros2_ws/install/px4_msgs/include/px4_msgs/px4_msgs/msg/detail/can_interface_status__rosidl_typesupport_introspection_c.h\n'}
[5.011095] (px4_msgs) StdoutLine: {'line': b'-- Up-to-date symlink: /home/ubuntu/px4_ros2_ws/install/px4_msgs/include/px4_msgs/px4_msgs/msg/detail/cellular_status__rosidl_typesupport_introspection_c.h\n'}
[5.011141] (px4_msgs) StdoutLine: {'line': b'-- Up-to-date symlink: /home/ubuntu/px4_ros2_ws/install/px4_msgs/include/px4_msgs/px4_msgs/msg/detail/collision_constraints__rosidl_typesupport_introspection_c.h\n'}
[5.011179] (px4_msgs) StdoutLine: {'line': b'-- Up-to-date symlink: /home/ubuntu/px4_ros2_ws/install/px4_msgs/include/px4_msgs/px4_msgs/msg/detail/config_overrides__rosidl_typesupport_introspection_c.h\n'}
[5.011230] (px4_msgs) StdoutLine: {'line': b'-- Up-to-date symlink: /home/ubuntu/px4_ros2_ws/install/px4_msgs/include/px4_msgs/px4_msgs/msg/detail/control_allocator_status__rosidl_typesupport_introspection_c.h\n'}
[5.011263] (px4_msgs) StdoutLine: {'line': b'-- Up-to-date symlink: /home/ubuntu/px4_ros2_ws/install/px4_msgs/include/px4_msgs/px4_msgs/msg/detail/cpuload__rosidl_typesupport_introspection_c.h\n'}
[5.011310] (px4_msgs) StdoutLine: {'line': b'-- Up-to-date symlink: /home/ubuntu/px4_ros2_ws/install/px4_msgs/include/px4_msgs/px4_msgs/msg/detail/dataman_request__rosidl_typesupport_introspection_c.h\n'}
[5.011349] (px4_msgs) StdoutLine: {'line': b'-- Up-to-date symlink: /home/ubuntu/px4_ros2_ws/install/px4_msgs/include/px4_msgs/px4_msgs/msg/detail/dataman_response__rosidl_typesupport_introspection_c.h\n'}
[5.011397] (px4_msgs) StdoutLine: {'line': b'-- Up-to-date symlink: /home/ubuntu/px4_ros2_ws/install/px4_msgs/include/px4_msgs/px4_msgs/msg/detail/debug_array__rosidl_typesupport_introspection_c.h\n'}
[5.011445] (px4_msgs) StdoutLine: {'line': b'-- Up-to-date symlink: /home/ubuntu/px4_ros2_ws/install/px4_msgs/include/px4_msgs/px4_msgs/msg/detail/debug_key_value__rosidl_typesupport_introspection_c.h\n'}
[5.011499] (px4_msgs) StdoutLine: {'line': b'-- Up-to-date symlink: /home/ubuntu/px4_ros2_ws/install/px4_msgs/include/px4_msgs/px4_msgs/msg/detail/debug_value__rosidl_typesupport_introspection_c.h\n'}
[5.011541] (px4_msgs) StdoutLine: {'line': b'-- Up-to-date symlink: /home/ubuntu/px4_ros2_ws/install/px4_msgs/include/px4_msgs/px4_msgs/msg/detail/debug_vect__rosidl_typesupport_introspection_c.h\n'}
[5.011588] (px4_msgs) StdoutLine: {'line': b'-- Up-to-date symlink: /home/ubuntu/px4_ros2_ws/install/px4_msgs/include/px4_msgs/px4_msgs/msg/detail/device_information__rosidl_typesupport_introspection_c.h\n'}
[5.011638] (px4_msgs) StdoutLine: {'line': b'-- Up-to-date symlink: /home/ubuntu/px4_ros2_ws/install/px4_msgs/include/px4_msgs/px4_msgs/msg/detail/differential_pressure__rosidl_typesupport_introspection_c.h\n'}
[5.011686] (px4_msgs) StdoutLine: {'line': b'-- Up-to-date symlink: /home/ubuntu/px4_ros2_ws/install/px4_msgs/include/px4_msgs/px4_msgs/msg/detail/distance_sensor__rosidl_typesupport_introspection_c.h\n'}
[5.011720] (px4_msgs) StdoutLine: {'line': b'-- Up-to-date symlink: /home/ubuntu/px4_ros2_ws/install/px4_msgs/include/px4_msgs/px4_msgs/msg/detail/distance_sensor_mode_change_request__rosidl_typesupport_introspection_c.h\n'}
[5.011771] (px4_msgs) StdoutLine: {'line': b'-- Up-to-date symlink: /home/ubuntu/px4_ros2_ws/install/px4_msgs/include/px4_msgs/px4_msgs/msg/detail/dronecan_node_status__rosidl_typesupport_introspection_c.h\n'}
[5.011821] (px4_msgs) StdoutLine: {'line': b'-- Up-to-date symlink: /home/ubuntu/px4_ros2_ws/install/px4_msgs/include/px4_msgs/px4_msgs/msg/detail/ekf2_timestamps__rosidl_typesupport_introspection_c.h\n'}
[5.011850] (px4_msgs) StdoutLine: {'line': b'-- Up-to-date symlink: /home/ubuntu/px4_ros2_ws/install/px4_msgs/include/px4_msgs/px4_msgs/msg/detail/esc_eeprom_read__rosidl_typesupport_introspection_c.h\n'}
[5.011900] (px4_msgs) StdoutLine: {'line': b'-- Up-to-date symlink: /home/ubuntu/px4_ros2_ws/install/px4_msgs/include/px4_msgs/px4_msgs/msg/detail/esc_eeprom_write__rosidl_typesupport_introspection_c.h\n'}
[5.011949] (px4_msgs) StdoutLine: {'line': b'-- Up-to-date symlink: /home/ubuntu/px4_ros2_ws/install/px4_msgs/include/px4_msgs/px4_msgs/msg/detail/esc_report__rosidl_typesupport_introspection_c.h\n'}
[5.011998] (px4_msgs) StdoutLine: {'line': b'-- Up-to-date symlink: /home/ubuntu/px4_ros2_ws/install/px4_msgs/include/px4_msgs/px4_msgs/msg/detail/esc_status__rosidl_typesupport_introspection_c.h\n'}
[5.012047] (px4_msgs) StdoutLine: {'line': b'-- Up-to-date symlink: /home/ubuntu/px4_ros2_ws/install/px4_msgs/include/px4_msgs/px4_msgs/msg/detail/estimator_aid_source1d__rosidl_typesupport_introspection_c.h\n'}
[5.012089] (px4_msgs) StdoutLine: {'line': b'-- Up-to-date symlink: /home/ubuntu/px4_ros2_ws/install/px4_msgs/include/px4_msgs/px4_msgs/msg/detail/estimator_aid_source2d__rosidl_typesupport_introspection_c.h\n'}
[5.012135] (px4_msgs) StdoutLine: {'line': b'-- Up-to-date symlink: /home/ubuntu/px4_ros2_ws/install/px4_msgs/include/px4_msgs/px4_msgs/msg/detail/estimator_aid_source3d__rosidl_typesupport_introspection_c.h\n'}
[5.012175] (px4_msgs) StdoutLine: {'line': b'-- Up-to-date symlink: /home/ubuntu/px4_ros2_ws/install/px4_msgs/include/px4_msgs/px4_msgs/msg/detail/estimator_bias3d__rosidl_typesupport_introspection_c.h\n'}
[5.012218] (px4_msgs) StdoutLine: {'line': b'-- Up-to-date symlink: /home/ubuntu/px4_ros2_ws/install/px4_msgs/include/px4_msgs/px4_msgs/msg/detail/estimator_bias__rosidl_typesupport_introspection_c.h\n'}
[5.012268] (px4_msgs) StdoutLine: {'line': b'-- Up-to-date symlink: /home/ubuntu/px4_ros2_ws/install/px4_msgs/include/px4_msgs/px4_msgs/msg/detail/estimator_event_flags__rosidl_typesupport_introspection_c.h\n'}
[5.012335] (px4_msgs) StdoutLine: {'line': b'-- Up-to-date symlink: /home/ubuntu/px4_ros2_ws/install/px4_msgs/include/px4_msgs/px4_msgs/msg/detail/estimator_fusion_control__rosidl_typesupport_introspection_c.h\n'}
[5.012386] (px4_msgs) StdoutLine: {'line': b'-- Up-to-date symlink: /home/ubuntu/px4_ros2_ws/install/px4_msgs/include/px4_msgs/px4_msgs/msg/detail/estimator_gps_status__rosidl_typesupport_introspection_c.h\n'}
[5.012433] (px4_msgs) StdoutLine: {'line': b'-- Up-to-date symlink: /home/ubuntu/px4_ros2_ws/install/px4_msgs/include/px4_msgs/px4_msgs/msg/detail/estimator_innovations__rosidl_typesupport_introspection_c.h\n'}
[5.012507] (px4_msgs) StdoutLine: {'line': b'-- Up-to-date symlink: /home/ubuntu/px4_ros2_ws/install/px4_msgs/include/px4_msgs/px4_msgs/msg/detail/estimator_selector_status__rosidl_typesupport_introspection_c.h\n'}
[5.012569] (px4_msgs) StdoutLine: {'line': b'-- Up-to-date symlink: /home/ubuntu/px4_ros2_ws/install/px4_msgs/include/px4_msgs/px4_msgs/msg/detail/estimator_sensor_bias__rosidl_typesupport_introspection_c.h\n'}
[5.012618] (px4_msgs) StdoutLine: {'line': b'-- Up-to-date symlink: /home/ubuntu/px4_ros2_ws/install/px4_msgs/include/px4_msgs/px4_msgs/msg/detail/estimator_states__rosidl_typesupport_introspection_c.h\n'}
[5.012666] (px4_msgs) StdoutLine: {'line': b'-- Up-to-date symlink: /home/ubuntu/px4_ros2_ws/install/px4_msgs/include/px4_msgs/px4_msgs/msg/detail/estimator_status__rosidl_typesupport_introspection_c.h\n'}
[5.012712] (px4_msgs) StdoutLine: {'line': b'-- Up-to-date symlink: /home/ubuntu/px4_ros2_ws/install/px4_msgs/include/px4_msgs/px4_msgs/msg/detail/estimator_status_flags__rosidl_typesupport_introspection_c.h\n'}
[5.012759] (px4_msgs) StdoutLine: {'line': b'-- Up-to-date symlink: /home/ubuntu/px4_ros2_ws/install/px4_msgs/include/px4_msgs/px4_msgs/msg/detail/event__rosidl_typesupport_introspection_c.h\n'}
[5.012809] (px4_msgs) StdoutLine: {'line': b'-- Up-to-date symlink: /home/ubuntu/px4_ros2_ws/install/px4_msgs/include/px4_msgs/px4_msgs/msg/detail/failsafe_flags__rosidl_typesupport_introspection_c.h\n'}
[5.012860] (px4_msgs) StdoutLine: {'line': b'-- Up-to-date symlink: /home/ubuntu/px4_ros2_ws/install/px4_msgs/include/px4_msgs/px4_msgs/msg/detail/failure_detector_status__rosidl_typesupport_introspection_c.h\n'}
[5.012908] (px4_msgs) StdoutLine: {'line': b'-- Up-to-date symlink: /home/ubuntu/px4_ros2_ws/install/px4_msgs/include/px4_msgs/px4_msgs/msg/detail/failure_injection__rosidl_typesupport_introspection_c.h\n'}
[5.012959] (px4_msgs) StdoutLine: {'line': b'-- Up-to-date symlink: /home/ubuntu/px4_ros2_ws/install/px4_msgs/include/px4_msgs/px4_msgs/msg/detail/fiducial_marker_pos_report__rosidl_typesupport_introspection_c.h\n'}
[5.013009] (px4_msgs) StdoutLine: {'line': b'-- Up-to-date symlink: /home/ubuntu/px4_ros2_ws/install/px4_msgs/include/px4_msgs/px4_msgs/msg/detail/fiducial_marker_yaw_report__rosidl_typesupport_introspection_c.h\n'}
[5.013055] (px4_msgs) StdoutLine: {'line': b'-- Up-to-date symlink: /home/ubuntu/px4_ros2_ws/install/px4_msgs/include/px4_msgs/px4_msgs/msg/detail/figure_eight_status__rosidl_typesupport_introspection_c.h\n'}
[5.013109] (px4_msgs) StdoutLine: {'line': b'-- Up-to-date symlink: /home/ubuntu/px4_ros2_ws/install/px4_msgs/include/px4_msgs/px4_msgs/msg/detail/fixed_wing_lateral_guidance_status__rosidl_typesupport_introspection_c.h\n'}
[5.013160] (px4_msgs) StdoutLine: {'line': b'-- Up-to-date symlink: /home/ubuntu/px4_ros2_ws/install/px4_msgs/include/px4_msgs/px4_msgs/msg/detail/fixed_wing_lateral_setpoint__rosidl_typesupport_introspection_c.h\n'}
[5.013211] (px4_msgs) StdoutLine: {'line': b'-- Up-to-date symlink: /home/ubuntu/px4_ros2_ws/install/px4_msgs/include/px4_msgs/px4_msgs/msg/detail/fixed_wing_lateral_status__rosidl_typesupport_introspection_c.h\n'}
[5.013264] (px4_msgs) StdoutLine: {'line': b'-- Up-to-date symlink: /home/ubuntu/px4_ros2_ws/install/px4_msgs/include/px4_msgs/px4_msgs/msg/detail/fixed_wing_longitudinal_setpoint__rosidl_typesupport_introspection_c.h\n'}
[5.013318] (px4_msgs) StdoutLine: {'line': b'-- Up-to-date symlink: /home/ubuntu/px4_ros2_ws/install/px4_msgs/include/px4_msgs/px4_msgs/msg/detail/fixed_wing_runway_control__rosidl_typesupport_introspection_c.h\n'}
[5.013372] (px4_msgs) StdoutLine: {'line': b'-- Up-to-date symlink: /home/ubuntu/px4_ros2_ws/install/px4_msgs/include/px4_msgs/px4_msgs/msg/detail/flight_phase_estimation__rosidl_typesupport_introspection_c.h\n'}
[5.013419] (px4_msgs) StdoutLine: {'line': b'-- Up-to-date symlink: /home/ubuntu/px4_ros2_ws/install/px4_msgs/include/px4_msgs/px4_msgs/msg/detail/follow_target__rosidl_typesupport_introspection_c.h\n'}
[5.013481] (px4_msgs) StdoutLine: {'line': b'-- Up-to-date symlink: /home/ubuntu/px4_ros2_ws/install/px4_msgs/include/px4_msgs/px4_msgs/msg/detail/follow_target_estimator__rosidl_typesupport_introspection_c.h\n'}
[5.013562] (px4_msgs) StdoutLine: {'line': b'-- Up-to-date symlink: /home/ubuntu/px4_ros2_ws/install/px4_msgs/include/px4_msgs/px4_msgs/msg/detail/follow_target_status__rosidl_typesupport_introspection_c.h\n'}
[5.013619] (px4_msgs) StdoutLine: {'line': b'-- Up-to-date symlink: /home/ubuntu/px4_ros2_ws/install/px4_msgs/include/px4_msgs/px4_msgs/msg/detail/fuel_tank_status__rosidl_typesupport_introspection_c.h\n'}
[5.013679] (px4_msgs) StdoutLine: {'line': b'-- Up-to-date symlink: /home/ubuntu/px4_ros2_ws/install/px4_msgs/include/px4_msgs/px4_msgs/msg/detail/gain_compression__rosidl_typesupport_introspection_c.h\n'}
[5.013730] (px4_msgs) StdoutLine: {'line': b'-- Up-to-date symlink: /home/ubuntu/px4_ros2_ws/install/px4_msgs/include/px4_msgs/px4_msgs/msg/detail/generator_status__rosidl_typesupport_introspection_c.h\n'}
[5.013766] (px4_msgs) StdoutLine: {'line': b'-- Up-to-date symlink: /home/ubuntu/px4_ros2_ws/install/px4_msgs/include/px4_msgs/px4_msgs/msg/detail/geofence_result__rosidl_typesupport_introspection_c.h\n'}
[5.013811] (px4_msgs) StdoutLine: {'line': b'-- Up-to-date symlink: /home/ubuntu/px4_ros2_ws/install/px4_msgs/include/px4_msgs/px4_msgs/msg/detail/geofence_status__rosidl_typesupport_introspection_c.h\n'}
[5.013860] (px4_msgs) StdoutLine: {'line': b'-- Up-to-date symlink: /home/ubuntu/px4_ros2_ws/install/px4_msgs/include/px4_msgs/px4_msgs/msg/detail/gimbal_controls__rosidl_typesupport_introspection_c.h\n'}
[5.013907] (px4_msgs) StdoutLine: {'line': b'-- Up-to-date symlink: /home/ubuntu/px4_ros2_ws/install/px4_msgs/include/px4_msgs/px4_msgs/msg/detail/gimbal_device_attitude_status__rosidl_typesupport_introspection_c.h\n'}
[5.013944] (px4_msgs) StdoutLine: {'line': b'-- Up-to-date symlink: /home/ubuntu/px4_ros2_ws/install/px4_msgs/include/px4_msgs/px4_msgs/msg/detail/gimbal_device_information__rosidl_typesupport_introspection_c.h\n'}
[5.013988] (px4_msgs) StdoutLine: {'line': b'-- Up-to-date symlink: /home/ubuntu/px4_ros2_ws/install/px4_msgs/include/px4_msgs/px4_msgs/msg/detail/gimbal_device_set_attitude__rosidl_typesupport_introspection_c.h\n'}
[5.014041] (px4_msgs) StdoutLine: {'line': b'-- Up-to-date symlink: /home/ubuntu/px4_ros2_ws/install/px4_msgs/include/px4_msgs/px4_msgs/msg/detail/gimbal_manager_information__rosidl_typesupport_introspection_c.h\n'}
[5.014100] (px4_msgs) StdoutLine: {'line': b'-- Up-to-date symlink: /home/ubuntu/px4_ros2_ws/install/px4_msgs/include/px4_msgs/px4_msgs/msg/detail/gimbal_manager_set_attitude__rosidl_typesupport_introspection_c.h\n'}
[5.014144] (px4_msgs) StdoutLine: {'line': b'-- Up-to-date symlink: /home/ubuntu/px4_ros2_ws/install/px4_msgs/include/px4_msgs/px4_msgs/msg/detail/gimbal_manager_set_manual_control__rosidl_typesupport_introspection_c.h\n'}
[5.014193] (px4_msgs) StdoutLine: {'line': b'-- Up-to-date symlink: /home/ubuntu/px4_ros2_ws/install/px4_msgs/include/px4_msgs/px4_msgs/msg/detail/gimbal_manager_status__rosidl_typesupport_introspection_c.h\n'}
[5.014240] (px4_msgs) StdoutLine: {'line': b'-- Up-to-date symlink: /home/ubuntu/px4_ros2_ws/install/px4_msgs/include/px4_msgs/px4_msgs/msg/detail/goto_setpoint__rosidl_typesupport_introspection_c.h\n'}
[5.014291] (px4_msgs) StdoutLine: {'line': b'-- Up-to-date symlink: /home/ubuntu/px4_ros2_ws/install/px4_msgs/include/px4_msgs/px4_msgs/msg/detail/gpio_config__rosidl_typesupport_introspection_c.h\n'}
[5.014340] (px4_msgs) StdoutLine: {'line': b'-- Up-to-date symlink: /home/ubuntu/px4_ros2_ws/install/px4_msgs/include/px4_msgs/px4_msgs/msg/detail/gpio_in__rosidl_typesupport_introspection_c.h\n'}
[5.014387] (px4_msgs) StdoutLine: {'line': b'-- Up-to-date symlink: /home/ubuntu/px4_ros2_ws/install/px4_msgs/include/px4_msgs/px4_msgs/msg/detail/gpio_out__rosidl_typesupport_introspection_c.h\n'}
[5.014434] (px4_msgs) StdoutLine: {'line': b'-- Up-to-date symlink: /home/ubuntu/px4_ros2_ws/install/px4_msgs/include/px4_msgs/px4_msgs/msg/detail/gpio_request__rosidl_typesupport_introspection_c.h\n'}
[5.014488] (px4_msgs) StdoutLine: {'line': b'-- Up-to-date symlink: /home/ubuntu/px4_ros2_ws/install/px4_msgs/include/px4_msgs/px4_msgs/msg/detail/gps_dump__rosidl_typesupport_introspection_c.h\n'}
[5.014537] (px4_msgs) StdoutLine: {'line': b'-- Up-to-date symlink: /home/ubuntu/px4_ros2_ws/install/px4_msgs/include/px4_msgs/px4_msgs/msg/detail/gripper__rosidl_typesupport_introspection_c.h\n'}
[5.014585] (px4_msgs) StdoutLine: {'line': b'-- Up-to-date symlink: /home/ubuntu/px4_ros2_ws/install/px4_msgs/include/px4_msgs/px4_msgs/msg/detail/health_report__rosidl_typesupport_introspection_c.h\n'}
[5.014633] (px4_msgs) StdoutLine: {'line': b'-- Up-to-date symlink: /home/ubuntu/px4_ros2_ws/install/px4_msgs/include/px4_msgs/px4_msgs/msg/detail/heater_status__rosidl_typesupport_introspection_c.h\n'}
[5.014679] (px4_msgs) StdoutLine: {'line': b'-- Up-to-date symlink: /home/ubuntu/px4_ros2_ws/install/px4_msgs/include/px4_msgs/px4_msgs/msg/detail/home_position__rosidl_typesupport_introspection_c.h\n'}
[5.014727] (px4_msgs) StdoutLine: {'line': b'-- Up-to-date symlink: /home/ubuntu/px4_ros2_ws/install/px4_msgs/include/px4_msgs/px4_msgs/msg/detail/hover_thrust_estimate__rosidl_typesupport_introspection_c.h\n'}
[5.014777] (px4_msgs) StdoutLine: {'line': b'-- Up-to-date symlink: /home/ubuntu/px4_ros2_ws/install/px4_msgs/include/px4_msgs/px4_msgs/msg/detail/input_rc__rosidl_typesupport_introspection_c.h\n'}
[5.014825] (px4_msgs) StdoutLine: {'line': b'-- Up-to-date symlink: /home/ubuntu/px4_ros2_ws/install/px4_msgs/include/px4_msgs/px4_msgs/msg/detail/internal_combustion_engine_control__rosidl_typesupport_introspection_c.h\n'}
[5.014873] (px4_msgs) StdoutLine: {'line': b'-- Up-to-date symlink: /home/ubuntu/px4_ros2_ws/install/px4_msgs/include/px4_msgs/px4_msgs/msg/detail/internal_combustion_engine_status__rosidl_typesupport_introspection_c.h\n'}
[5.014920] (px4_msgs) StdoutLine: {'line': b'-- Up-to-date symlink: /home/ubuntu/px4_ros2_ws/install/px4_msgs/include/px4_msgs/px4_msgs/msg/detail/iridiumsbd_status__rosidl_typesupport_introspection_c.h\n'}
[5.014967] (px4_msgs) StdoutLine: {'line': b'-- Up-to-date symlink: /home/ubuntu/px4_ros2_ws/install/px4_msgs/include/px4_msgs/px4_msgs/msg/detail/irlock_report__rosidl_typesupport_introspection_c.h\n'}
[5.015015] (px4_msgs) StdoutLine: {'line': b'-- Up-to-date symlink: /home/ubuntu/px4_ros2_ws/install/px4_msgs/include/px4_msgs/px4_msgs/msg/detail/landing_gear__rosidl_typesupport_introspection_c.h\n'}
[5.015062] (px4_msgs) StdoutLine: {'line': b'-- Up-to-date symlink: /home/ubuntu/px4_ros2_ws/install/px4_msgs/include/px4_msgs/px4_msgs/msg/detail/landing_gear_wheel__rosidl_typesupport_introspection_c.h\n'}
[5.015110] (px4_msgs) StdoutLine: {'line': b'-- Up-to-date symlink: /home/ubuntu/px4_ros2_ws/install/px4_msgs/include/px4_msgs/px4_msgs/msg/detail/landing_target_innovations__rosidl_typesupport_introspection_c.h\n'}
[5.015157] (px4_msgs) StdoutLine: {'line': b'-- Up-to-date symlink: /home/ubuntu/px4_ros2_ws/install/px4_msgs/include/px4_msgs/px4_msgs/msg/detail/landing_target_pose__rosidl_typesupport_introspection_c.h\n'}
[5.015205] (px4_msgs) StdoutLine: {'line': b'-- Up-to-date symlink: /home/ubuntu/px4_ros2_ws/install/px4_msgs/include/px4_msgs/px4_msgs/msg/detail/lateral_control_configuration__rosidl_typesupport_introspection_c.h\n'}
[5.015252] (px4_msgs) StdoutLine: {'line': b'-- Up-to-date symlink: /home/ubuntu/px4_ros2_ws/install/px4_msgs/include/px4_msgs/px4_msgs/msg/detail/launch_detection_status__rosidl_typesupport_introspection_c.h\n'}
[5.015302] (px4_msgs) StdoutLine: {'line': b'-- Up-to-date symlink: /home/ubuntu/px4_ros2_ws/install/px4_msgs/include/px4_msgs/px4_msgs/msg/detail/led_control__rosidl_typesupport_introspection_c.h\n'}
[5.015349] (px4_msgs) StdoutLine: {'line': b'-- Up-to-date symlink: /home/ubuntu/px4_ros2_ws/install/px4_msgs/include/px4_msgs/px4_msgs/msg/detail/log_message__rosidl_typesupport_introspection_c.h\n'}
[5.015396] (px4_msgs) StdoutLine: {'line': b'-- Up-to-date symlink: /home/ubuntu/px4_ros2_ws/install/px4_msgs/include/px4_msgs/px4_msgs/msg/detail/logger_status__rosidl_typesupport_introspection_c.h\n'}
[5.015444] (px4_msgs) StdoutLine: {'line': b'-- Up-to-date symlink: /home/ubuntu/px4_ros2_ws/install/px4_msgs/include/px4_msgs/px4_msgs/msg/detail/longitudinal_control_configuration__rosidl_typesupport_introspection_c.h\n'}
[5.015496] (px4_msgs) StdoutLine: {'line': b'-- Up-to-date symlink: /home/ubuntu/px4_ros2_ws/install/px4_msgs/include/px4_msgs/px4_msgs/msg/detail/mag_worker_data__rosidl_typesupport_introspection_c.h\n'}
[5.015543] (px4_msgs) StdoutLine: {'line': b'-- Up-to-date symlink: /home/ubuntu/px4_ros2_ws/install/px4_msgs/include/px4_msgs/px4_msgs/msg/detail/magnetometer_bias_estimate__rosidl_typesupport_introspection_c.h\n'}
[5.015590] (px4_msgs) StdoutLine: {'line': b'-- Up-to-date symlink: /home/ubuntu/px4_ros2_ws/install/px4_msgs/include/px4_msgs/px4_msgs/msg/detail/manual_control_setpoint__rosidl_typesupport_introspection_c.h\n'}
[5.015637] (px4_msgs) StdoutLine: {'line': b'-- Up-to-date symlink: /home/ubuntu/px4_ros2_ws/install/px4_msgs/include/px4_msgs/px4_msgs/msg/detail/manual_control_switches__rosidl_typesupport_introspection_c.h\n'}
[5.015685] (px4_msgs) StdoutLine: {'line': b'-- Up-to-date symlink: /home/ubuntu/px4_ros2_ws/install/px4_msgs/include/px4_msgs/px4_msgs/msg/detail/mavlink_log__rosidl_typesupport_introspection_c.h\n'}
[5.015733] (px4_msgs) StdoutLine: {'line': b'-- Up-to-date symlink: /home/ubuntu/px4_ros2_ws/install/px4_msgs/include/px4_msgs/px4_msgs/msg/detail/mavlink_tunnel__rosidl_typesupport_introspection_c.h\n'}
[5.015781] (px4_msgs) StdoutLine: {'line': b'-- Up-to-date symlink: /home/ubuntu/px4_ros2_ws/install/px4_msgs/include/px4_msgs/px4_msgs/msg/detail/message_format_request__rosidl_typesupport_introspection_c.h\n'}
[5.015827] (px4_msgs) StdoutLine: {'line': b'-- Up-to-date symlink: /home/ubuntu/px4_ros2_ws/install/px4_msgs/include/px4_msgs/px4_msgs/msg/detail/message_format_response__rosidl_typesupport_introspection_c.h\n'}
[5.015876] (px4_msgs) StdoutLine: {'line': b'-- Up-to-date symlink: /home/ubuntu/px4_ros2_ws/install/px4_msgs/include/px4_msgs/px4_msgs/msg/detail/mission__rosidl_typesupport_introspection_c.h\n'}
[5.015922] (px4_msgs) StdoutLine: {'line': b'-- Up-to-date symlink: /home/ubuntu/px4_ros2_ws/install/px4_msgs/include/px4_msgs/px4_msgs/msg/detail/mission_result__rosidl_typesupport_introspection_c.h\n'}
[5.015969] (px4_msgs) StdoutLine: {'line': b'-- Up-to-date symlink: /home/ubuntu/px4_ros2_ws/install/px4_msgs/include/px4_msgs/px4_msgs/msg/detail/mode_completed__rosidl_typesupport_introspection_c.h\n'}
[5.016018] (px4_msgs) StdoutLine: {'line': b'-- Up-to-date symlink: /home/ubuntu/px4_ros2_ws/install/px4_msgs/include/px4_msgs/px4_msgs/msg/detail/mount_orientation__rosidl_typesupport_introspection_c.h\n'}
[5.016065] (px4_msgs) StdoutLine: {'line': b'-- Up-to-date symlink: /home/ubuntu/px4_ros2_ws/install/px4_msgs/include/px4_msgs/px4_msgs/msg/detail/navigator_mission_item__rosidl_typesupport_introspection_c.h\n'}
[5.016114] (px4_msgs) StdoutLine: {'line': b'-- Up-to-date symlink: /home/ubuntu/px4_ros2_ws/install/px4_msgs/include/px4_msgs/px4_msgs/msg/detail/navigator_status__rosidl_typesupport_introspection_c.h\n'}
[5.016162] (px4_msgs) StdoutLine: {'line': b'-- Up-to-date symlink: /home/ubuntu/px4_ros2_ws/install/px4_msgs/include/px4_msgs/px4_msgs/msg/detail/neural_control__rosidl_typesupport_introspection_c.h\n'}
[5.016210] (px4_msgs) StdoutLine: {'line': b'-- Up-to-date symlink: /home/ubuntu/px4_ros2_ws/install/px4_msgs/include/px4_msgs/px4_msgs/msg/detail/normalized_unsigned_setpoint__rosidl_typesupport_introspection_c.h\n'}
[5.016276] (px4_msgs) StdoutLine: {'line': b'-- Up-to-date symlink: /home/ubuntu/px4_ros2_ws/install/px4_msgs/include/px4_msgs/px4_msgs/msg/detail/obstacle_distance__rosidl_typesupport_introspection_c.h\n'}
[5.016338] (px4_msgs) StdoutLine: {'line': b'-- Up-to-date symlink: /home/ubuntu/px4_ros2_ws/install/px4_msgs/include/px4_msgs/px4_msgs/msg/detail/offboard_control_mode__rosidl_typesupport_introspection_c.h\n'}
[5.016388] (px4_msgs) StdoutLine: {'line': b'-- Up-to-date symlink: /home/ubuntu/px4_ros2_ws/install/px4_msgs/include/px4_msgs/px4_msgs/msg/detail/onboard_computer_status__rosidl_typesupport_introspection_c.h\n'}
[5.016466] (px4_msgs) StdoutLine: {'line': b'-- Up-to-date symlink: /home/ubuntu/px4_ros2_ws/install/px4_msgs/include/px4_msgs/px4_msgs/msg/detail/open_drone_id_arm_status__rosidl_typesupport_introspection_c.h\n'}
[5.016587] (px4_msgs) StdoutLine: {'line': b'-- Up-to-date symlink: /home/ubuntu/px4_ros2_ws/install/px4_msgs/include/px4_msgs/px4_msgs/msg/detail/open_drone_id_basic_id__rosidl_typesupport_introspection_c.h\n'}
[5.016622] (px4_msgs) StdoutLine: {'line': b'-- Up-to-date symlink: /home/ubuntu/px4_ros2_ws/install/px4_msgs/include/px4_msgs/px4_msgs/msg/detail/open_drone_id_operator_id__rosidl_typesupport_introspection_c.h\n'}
[5.016669] (px4_msgs) StdoutLine: {'line': b'-- Up-to-date symlink: /home/ubuntu/px4_ros2_ws/install/px4_msgs/include/px4_msgs/px4_msgs/msg/detail/open_drone_id_self_id__rosidl_typesupport_introspection_c.h\n'}
[5.016723] (px4_msgs) StdoutLine: {'line': b'-- Up-to-date symlink: /home/ubuntu/px4_ros2_ws/install/px4_msgs/include/px4_msgs/px4_msgs/msg/detail/open_drone_id_system__rosidl_typesupport_introspection_c.h\n'}
[5.016769] (px4_msgs) StdoutLine: {'line': b'-- Up-to-date symlink: /home/ubuntu/px4_ros2_ws/install/px4_msgs/include/px4_msgs/px4_msgs/msg/detail/orb_test__rosidl_typesupport_introspection_c.h\n'}
[5.016817] (px4_msgs) StdoutLine: {'line': b'-- Up-to-date symlink: /home/ubuntu/px4_ros2_ws/install/px4_msgs/include/px4_msgs/px4_msgs/msg/detail/orb_test_large__rosidl_typesupport_introspection_c.h\n'}
[5.016866] (px4_msgs) StdoutLine: {'line': b'-- Up-to-date symlink: /home/ubuntu/px4_ros2_ws/install/px4_msgs/include/px4_msgs/px4_msgs/msg/detail/orb_test_medium__rosidl_typesupport_introspection_c.h\n'}
[5.016918] (px4_msgs) StdoutLine: {'line': b'-- Up-to-date symlink: /home/ubuntu/px4_ros2_ws/install/px4_msgs/include/px4_msgs/px4_msgs/msg/detail/orbit_status__rosidl_typesupport_introspection_c.h\n'}
[5.016957] (-) TimerEvent: {}
[5.017053] (px4_msgs) StdoutLine: {'line': b'-- Up-to-date symlink: /home/ubuntu/px4_ros2_ws/install/px4_msgs/include/px4_msgs/px4_msgs/msg/detail/parameter_reset_request__rosidl_typesupport_introspection_c.h\n'}
[5.017122] (px4_msgs) StdoutLine: {'line': b'-- Up-to-date symlink: /home/ubuntu/px4_ros2_ws/install/px4_msgs/include/px4_msgs/px4_msgs/msg/detail/parameter_set_used_request__rosidl_typesupport_introspection_c.h\n'}
[5.017159] (px4_msgs) StdoutLine: {'line': b'-- Up-to-date symlink: /home/ubuntu/px4_ros2_ws/install/px4_msgs/include/px4_msgs/px4_msgs/msg/detail/parameter_set_value_request__rosidl_typesupport_introspection_c.h\n'}
[5.017219] (px4_msgs) StdoutLine: {'line': b'-- Up-to-date symlink: /home/ubuntu/px4_ros2_ws/install/px4_msgs/include/px4_msgs/px4_msgs/msg/detail/parameter_set_value_response__rosidl_typesupport_introspection_c.h\n'}
[5.017282] (px4_msgs) StdoutLine: {'line': b'-- Up-to-date symlink: /home/ubuntu/px4_ros2_ws/install/px4_msgs/include/px4_msgs/px4_msgs/msg/detail/parameter_update__rosidl_typesupport_introspection_c.h\n'}
[5.017321] (px4_msgs) StdoutLine: {'line': b'-- Up-to-date symlink: /home/ubuntu/px4_ros2_ws/install/px4_msgs/include/px4_msgs/px4_msgs/msg/detail/ping__rosidl_typesupport_introspection_c.h\n'}
[5.017375] (px4_msgs) StdoutLine: {'line': b'-- Up-to-date symlink: /home/ubuntu/px4_ros2_ws/install/px4_msgs/include/px4_msgs/px4_msgs/msg/detail/position_controller_landing_status__rosidl_typesupport_introspection_c.h\n'}
[5.017424] (px4_msgs) StdoutLine: {'line': b'-- Up-to-date symlink: /home/ubuntu/px4_ros2_ws/install/px4_msgs/include/px4_msgs/px4_msgs/msg/detail/position_controller_status__rosidl_typesupport_introspection_c.h\n'}
[5.017498] (px4_msgs) StdoutLine: {'line': b'-- Up-to-date symlink: /home/ubuntu/px4_ros2_ws/install/px4_msgs/include/px4_msgs/px4_msgs/msg/detail/position_setpoint__rosidl_typesupport_introspection_c.h\n'}
[5.017555] (px4_msgs) StdoutLine: {'line': b'-- Up-to-date symlink: /home/ubuntu/px4_ros2_ws/install/px4_msgs/include/px4_msgs/px4_msgs/msg/detail/position_setpoint_triplet__rosidl_typesupport_introspection_c.h\n'}
[5.017608] (px4_msgs) StdoutLine: {'line': b'-- Up-to-date symlink: /home/ubuntu/px4_ros2_ws/install/px4_msgs/include/px4_msgs/px4_msgs/msg/detail/power_button_state__rosidl_typesupport_introspection_c.h\n'}
[5.017651] (px4_msgs) StdoutLine: {'line': b'-- Up-to-date symlink: /home/ubuntu/px4_ros2_ws/install/px4_msgs/include/px4_msgs/px4_msgs/msg/detail/power_monitor__rosidl_typesupport_introspection_c.h\n'}
[5.017763] (px4_msgs) StdoutLine: {'line': b'-- Up-to-date symlink: /home/ubuntu/px4_ros2_ws/install/px4_msgs/include/px4_msgs/px4_msgs/msg/detail/pps_capture__rosidl_typesupport_introspection_c.h\n'}
[5.017875] (px4_msgs) StdoutLine: {'line': b'-- Up-to-date symlink: /home/ubuntu/px4_ros2_ws/install/px4_msgs/include/px4_msgs/px4_msgs/msg/detail/prec_land_status__rosidl_typesupport_introspection_c.h\n'}
[5.017948] (px4_msgs) StdoutLine: {'line': b'-- Up-to-date symlink: /home/ubuntu/px4_ros2_ws/install/px4_msgs/include/px4_msgs/px4_msgs/msg/detail/pure_pursuit_status__rosidl_typesupport_introspection_c.h\n'}
[5.018001] (px4_msgs) StdoutLine: {'line': b'-- Up-to-date symlink: /home/ubuntu/px4_ros2_ws/install/px4_msgs/include/px4_msgs/px4_msgs/msg/detail/pwm_input__rosidl_typesupport_introspection_c.h\n'}
[5.018055] (px4_msgs) StdoutLine: {'line': b'-- Up-to-date symlink: /home/ubuntu/px4_ros2_ws/install/px4_msgs/include/px4_msgs/px4_msgs/msg/detail/px4io_status__rosidl_typesupport_introspection_c.h\n'}
[5.018105] (px4_msgs) StdoutLine: {'line': b'-- Up-to-date symlink: /home/ubuntu/px4_ros2_ws/install/px4_msgs/include/px4_msgs/px4_msgs/msg/detail/qshell_req__rosidl_typesupport_introspection_c.h\n'}
[5.018187] (px4_msgs) StdoutLine: {'line': b'-- Up-to-date symlink: /home/ubuntu/px4_ros2_ws/install/px4_msgs/include/px4_msgs/px4_msgs/msg/detail/qshell_retval__rosidl_typesupport_introspection_c.h\n'}
[5.018257] (px4_msgs) StdoutLine: {'line': b'-- Up-to-date symlink: /home/ubuntu/px4_ros2_ws/install/px4_msgs/include/px4_msgs/px4_msgs/msg/detail/radio_status__rosidl_typesupport_introspection_c.h\n'}
[5.018312] (px4_msgs) StdoutLine: {'line': b'-- Up-to-date symlink: /home/ubuntu/px4_ros2_ws/install/px4_msgs/include/px4_msgs/px4_msgs/msg/detail/ranging_beacon__rosidl_typesupport_introspection_c.h\n'}
[5.018373] (px4_msgs) StdoutLine: {'line': b'-- Up-to-date symlink: /home/ubuntu/px4_ros2_ws/install/px4_msgs/include/px4_msgs/px4_msgs/msg/detail/raptor_input__rosidl_typesupport_introspection_c.h\n'}
[5.018417] (px4_msgs) StdoutLine: {'line': b'-- Up-to-date symlink: /home/ubuntu/px4_ros2_ws/install/px4_msgs/include/px4_msgs/px4_msgs/msg/detail/raptor_status__rosidl_typesupport_introspection_c.h\n'}
[5.018530] (px4_msgs) StdoutLine: {'line': b'-- Up-to-date symlink: /home/ubuntu/px4_ros2_ws/install/px4_msgs/include/px4_msgs/px4_msgs/msg/detail/rate_ctrl_status__rosidl_typesupport_introspection_c.h\n'}
[5.018570] (px4_msgs) StdoutLine: {'line': b'-- Up-to-date symlink: /home/ubuntu/px4_ros2_ws/install/px4_msgs/include/px4_msgs/px4_msgs/msg/detail/rc_channels__rosidl_typesupport_introspection_c.h\n'}
[5.018606] (px4_msgs) StdoutLine: {'line': b'-- Up-to-date symlink: /home/ubuntu/px4_ros2_ws/install/px4_msgs/include/px4_msgs/px4_msgs/msg/detail/rc_parameter_map__rosidl_typesupport_introspection_c.h\n'}
[5.018639] (px4_msgs) StdoutLine: {'line': b'-- Up-to-date symlink: /home/ubuntu/px4_ros2_ws/install/px4_msgs/include/px4_msgs/px4_msgs/msg/detail/register_ext_component_reply__rosidl_typesupport_introspection_c.h\n'}
[5.018676] (px4_msgs) StdoutLine: {'line': b'-- Up-to-date symlink: /home/ubuntu/px4_ros2_ws/install/px4_msgs/include/px4_msgs/px4_msgs/msg/detail/register_ext_component_request__rosidl_typesupport_introspection_c.h\n'}
[5.018711] (px4_msgs) StdoutLine: {'line': b'-- Up-to-date symlink: /home/ubuntu/px4_ros2_ws/install/px4_msgs/include/px4_msgs/px4_msgs/msg/detail/rover_attitude_setpoint__rosidl_typesupport_introspection_c.h\n'}
[5.018748] (px4_msgs) StdoutLine: {'line': b'-- Up-to-date symlink: /home/ubuntu/px4_ros2_ws/install/px4_msgs/include/px4_msgs/px4_msgs/msg/detail/rover_attitude_status__rosidl_typesupport_introspection_c.h\n'}
[5.018801] (px4_msgs) StdoutLine: {'line': b'-- Up-to-date symlink: /home/ubuntu/px4_ros2_ws/install/px4_msgs/include/px4_msgs/px4_msgs/msg/detail/rover_position_setpoint__rosidl_typesupport_introspection_c.h\n'}
[5.018867] (px4_msgs) StdoutLine: {'line': b'-- Up-to-date symlink: /home/ubuntu/px4_ros2_ws/install/px4_msgs/include/px4_msgs/px4_msgs/msg/detail/rover_rate_setpoint__rosidl_typesupport_introspection_c.h\n'}
[5.018908] (px4_msgs) StdoutLine: {'line': b'-- Up-to-date symlink: /home/ubuntu/px4_ros2_ws/install/px4_msgs/include/px4_msgs/px4_msgs/msg/detail/rover_rate_status__rosidl_typesupport_introspection_c.h\n'}
[5.018959] (px4_msgs) StdoutLine: {'line': b'-- Up-to-date symlink: /home/ubuntu/px4_ros2_ws/install/px4_msgs/include/px4_msgs/px4_msgs/msg/detail/rover_speed_setpoint__rosidl_typesupport_introspection_c.h\n'}
[5.018997] (px4_msgs) StdoutLine: {'line': b'-- Up-to-date symlink: /home/ubuntu/px4_ros2_ws/install/px4_msgs/include/px4_msgs/px4_msgs/msg/detail/rover_speed_status__rosidl_typesupport_introspection_c.h\n'}
[5.019035] (px4_msgs) StdoutLine: {'line': b'-- Up-to-date symlink: /home/ubuntu/px4_ros2_ws/install/px4_msgs/include/px4_msgs/px4_msgs/msg/detail/rover_steering_setpoint__rosidl_typesupport_introspection_c.h\n'}
[5.019069] (px4_msgs) StdoutLine: {'line': b'-- Up-to-date symlink: /home/ubuntu/px4_ros2_ws/install/px4_msgs/include/px4_msgs/px4_msgs/msg/detail/rover_throttle_setpoint__rosidl_typesupport_introspection_c.h\n'}
[5.019100] (px4_msgs) StdoutLine: {'line': b'-- Up-to-date symlink: /home/ubuntu/px4_ros2_ws/install/px4_msgs/include/px4_msgs/px4_msgs/msg/detail/rpm__rosidl_typesupport_introspection_c.h\n'}
[5.019145] (px4_msgs) StdoutLine: {'line': b'-- Up-to-date symlink: /home/ubuntu/px4_ros2_ws/install/px4_msgs/include/px4_msgs/px4_msgs/msg/detail/rtcm_data__rosidl_typesupport_introspection_c.h\n'}
[5.019201] (px4_msgs) StdoutLine: {'line': b'-- Up-to-date symlink: /home/ubuntu/px4_ros2_ws/install/px4_msgs/include/px4_msgs/px4_msgs/msg/detail/rtl_status__rosidl_typesupport_introspection_c.h\n'}
[5.019231] (px4_msgs) StdoutLine: {'line': b'-- Up-to-date symlink: /home/ubuntu/px4_ros2_ws/install/px4_msgs/include/px4_msgs/px4_msgs/msg/detail/rtl_time_estimate__rosidl_typesupport_introspection_c.h\n'}
[5.019267] (px4_msgs) StdoutLine: {'line': b'-- Up-to-date symlink: /home/ubuntu/px4_ros2_ws/install/px4_msgs/include/px4_msgs/px4_msgs/msg/detail/satellite_info__rosidl_typesupport_introspection_c.h\n'}
[5.019304] (px4_msgs) StdoutLine: {'line': b'-- Up-to-date symlink: /home/ubuntu/px4_ros2_ws/install/px4_msgs/include/px4_msgs/px4_msgs/msg/detail/sensor_accel__rosidl_typesupport_introspection_c.h\n'}
[5.019349] (px4_msgs) StdoutLine: {'line': b'-- Up-to-date symlink: /home/ubuntu/px4_ros2_ws/install/px4_msgs/include/px4_msgs/px4_msgs/msg/detail/sensor_accel_fifo__rosidl_typesupport_introspection_c.h\n'}
[5.019397] (px4_msgs) StdoutLine: {'line': b'-- Up-to-date symlink: /home/ubuntu/px4_ros2_ws/install/px4_msgs/include/px4_msgs/px4_msgs/msg/detail/sensor_airflow__rosidl_typesupport_introspection_c.h\n'}
[5.019434] (px4_msgs) StdoutLine: {'line': b'-- Up-to-date symlink: /home/ubuntu/px4_ros2_ws/install/px4_msgs/include/px4_msgs/px4_msgs/msg/detail/sensor_baro__rosidl_typesupport_introspection_c.h\n'}
[5.019487] (px4_msgs) StdoutLine: {'line': b'-- Up-to-date symlink: /home/ubuntu/px4_ros2_ws/install/px4_msgs/include/px4_msgs/px4_msgs/msg/detail/sensor_combined__rosidl_typesupport_introspection_c.h\n'}
[5.019519] (px4_msgs) StdoutLine: {'line': b'-- Up-to-date symlink: /home/ubuntu/px4_ros2_ws/install/px4_msgs/include/px4_msgs/px4_msgs/msg/detail/sensor_correction__rosidl_typesupport_introspection_c.h\n'}
[5.019592] (px4_msgs) StdoutLine: {'line': b'-- Up-to-date symlink: /home/ubuntu/px4_ros2_ws/install/px4_msgs/include/px4_msgs/px4_msgs/msg/detail/sensor_gnss_relative__rosidl_typesupport_introspection_c.h\n'}
[5.019640] (px4_msgs) StdoutLine: {'line': b'-- Up-to-date symlink: /home/ubuntu/px4_ros2_ws/install/px4_msgs/include/px4_msgs/px4_msgs/msg/detail/sensor_gnss_status__rosidl_typesupport_introspection_c.h\n'}
[5.019681] (px4_msgs) StdoutLine: {'line': b'-- Up-to-date symlink: /home/ubuntu/px4_ros2_ws/install/px4_msgs/include/px4_msgs/px4_msgs/msg/detail/sensor_gps__rosidl_typesupport_introspection_c.h\n'}
[5.019711] (px4_msgs) StdoutLine: {'line': b'-- Up-to-date symlink: /home/ubuntu/px4_ros2_ws/install/px4_msgs/include/px4_msgs/px4_msgs/msg/detail/sensor_gyro__rosidl_typesupport_introspection_c.h\n'}
[5.019758] (px4_msgs) StdoutLine: {'line': b'-- Up-to-date symlink: /home/ubuntu/px4_ros2_ws/install/px4_msgs/include/px4_msgs/px4_msgs/msg/detail/sensor_gyro_fft__rosidl_typesupport_introspection_c.h\n'}
[5.019804] (px4_msgs) StdoutLine: {'line': b'-- Up-to-date symlink: /home/ubuntu/px4_ros2_ws/install/px4_msgs/include/px4_msgs/px4_msgs/msg/detail/sensor_gyro_fifo__rosidl_typesupport_introspection_c.h\n'}
[5.019854] (px4_msgs) StdoutLine: {'line': b'-- Up-to-date symlink: /home/ubuntu/px4_ros2_ws/install/px4_msgs/include/px4_msgs/px4_msgs/msg/detail/sensor_hygrometer__rosidl_typesupport_introspection_c.h\n'}
[5.019899] (px4_msgs) StdoutLine: {'line': b'-- Up-to-date symlink: /home/ubuntu/px4_ros2_ws/install/px4_msgs/include/px4_msgs/px4_msgs/msg/detail/sensor_mag__rosidl_typesupport_introspection_c.h\n'}
[5.019944] (px4_msgs) StdoutLine: {'line': b'-- Up-to-date symlink: /home/ubuntu/px4_ros2_ws/install/px4_msgs/include/px4_msgs/px4_msgs/msg/detail/sensor_optical_flow__rosidl_typesupport_introspection_c.h\n'}
[5.019989] (px4_msgs) StdoutLine: {'line': b'-- Up-to-date symlink: /home/ubuntu/px4_ros2_ws/install/px4_msgs/include/px4_msgs/px4_msgs/msg/detail/sensor_preflight_mag__rosidl_typesupport_introspection_c.h\n'}
[5.020037] (px4_msgs) StdoutLine: {'line': b'-- Up-to-date symlink: /home/ubuntu/px4_ros2_ws/install/px4_msgs/include/px4_msgs/px4_msgs/msg/detail/sensor_selection__rosidl_typesupport_introspection_c.h\n'}
[5.020093] (px4_msgs) StdoutLine: {'line': b'-- Up-to-date symlink: /home/ubuntu/px4_ros2_ws/install/px4_msgs/include/px4_msgs/px4_msgs/msg/detail/sensor_temp__rosidl_typesupport_introspection_c.h\n'}
[5.020150] (px4_msgs) StdoutLine: {'line': b'-- Up-to-date symlink: /home/ubuntu/px4_ros2_ws/install/px4_msgs/include/px4_msgs/px4_msgs/msg/detail/sensor_uwb__rosidl_typesupport_introspection_c.h\n'}
[5.020201] (px4_msgs) StdoutLine: {'line': b'-- Up-to-date symlink: /home/ubuntu/px4_ros2_ws/install/px4_msgs/include/px4_msgs/px4_msgs/msg/detail/sensors_status__rosidl_typesupport_introspection_c.h\n'}
[5.020256] (px4_msgs) StdoutLine: {'line': b'-- Up-to-date symlink: /home/ubuntu/px4_ros2_ws/install/px4_msgs/include/px4_msgs/px4_msgs/msg/detail/sensors_status_imu__rosidl_typesupport_introspection_c.h\n'}
[5.020311] (px4_msgs) StdoutLine: {'line': b'-- Up-to-date symlink: /home/ubuntu/px4_ros2_ws/install/px4_msgs/include/px4_msgs/px4_msgs/msg/detail/setpoint_config__rosidl_typesupport_introspection_c.h\n'}
[5.020365] (px4_msgs) StdoutLine: {'line': b'-- Up-to-date symlink: /home/ubuntu/px4_ros2_ws/install/px4_msgs/include/px4_msgs/px4_msgs/msg/detail/setpoint_config_reply__rosidl_typesupport_introspection_c.h\n'}
[5.020420] (px4_msgs) StdoutLine: {'line': b'-- Up-to-date symlink: /home/ubuntu/px4_ros2_ws/install/px4_msgs/include/px4_msgs/px4_msgs/msg/detail/system_power__rosidl_typesupport_introspection_c.h\n'}
[5.020470] (px4_msgs) StdoutLine: {'line': b'-- Up-to-date symlink: /home/ubuntu/px4_ros2_ws/install/px4_msgs/include/px4_msgs/px4_msgs/msg/detail/takeoff_status__rosidl_typesupport_introspection_c.h\n'}
[5.020521] (px4_msgs) StdoutLine: {'line': b'-- Up-to-date symlink: /home/ubuntu/px4_ros2_ws/install/px4_msgs/include/px4_msgs/px4_msgs/msg/detail/target_gnss__rosidl_typesupport_introspection_c.h\n'}
[5.020571] (px4_msgs) StdoutLine: {'line': b'-- Up-to-date symlink: /home/ubuntu/px4_ros2_ws/install/px4_msgs/include/px4_msgs/px4_msgs/msg/detail/task_stack_info__rosidl_typesupport_introspection_c.h\n'}
[5.020621] (px4_msgs) StdoutLine: {'line': b'-- Up-to-date symlink: /home/ubuntu/px4_ros2_ws/install/px4_msgs/include/px4_msgs/px4_msgs/msg/detail/tecs_status__rosidl_typesupport_introspection_c.h\n'}
[5.020685] (px4_msgs) StdoutLine: {'line': b'-- Up-to-date symlink: /home/ubuntu/px4_ros2_ws/install/px4_msgs/include/px4_msgs/px4_msgs/msg/detail/telemetry_status__rosidl_typesupport_introspection_c.h\n'}
[5.020736] (px4_msgs) StdoutLine: {'line': b'-- Up-to-date symlink: /home/ubuntu/px4_ros2_ws/install/px4_msgs/include/px4_msgs/px4_msgs/msg/detail/tiltrotor_extra_controls__rosidl_typesupport_introspection_c.h\n'}
[5.020786] (px4_msgs) StdoutLine: {'line': b'-- Up-to-date symlink: /home/ubuntu/px4_ros2_ws/install/px4_msgs/include/px4_msgs/px4_msgs/msg/detail/timesync_status__rosidl_typesupport_introspection_c.h\n'}
[5.020830] (px4_msgs) StdoutLine: {'line': b'-- Up-to-date symlink: /home/ubuntu/px4_ros2_ws/install/px4_msgs/include/px4_msgs/px4_msgs/msg/detail/trajectory_setpoint6dof__rosidl_typesupport_introspection_c.h\n'}
[5.020877] (px4_msgs) StdoutLine: {'line': b'-- Up-to-date symlink: /home/ubuntu/px4_ros2_ws/install/px4_msgs/include/px4_msgs/px4_msgs/msg/detail/trajectory_setpoint__rosidl_typesupport_introspection_c.h\n'}
[5.020941] (px4_msgs) StdoutLine: {'line': b'-- Up-to-date symlink: /home/ubuntu/px4_ros2_ws/install/px4_msgs/include/px4_msgs/px4_msgs/msg/detail/transponder_report__rosidl_typesupport_introspection_c.h\n'}
[5.020983] (px4_msgs) StdoutLine: {'line': b'-- Up-to-date symlink: /home/ubuntu/px4_ros2_ws/install/px4_msgs/include/px4_msgs/px4_msgs/msg/detail/tune_control__rosidl_typesupport_introspection_c.h\n'}
[5.021027] (px4_msgs) StdoutLine: {'line': b'-- Up-to-date symlink: /home/ubuntu/px4_ros2_ws/install/px4_msgs/include/px4_msgs/px4_msgs/msg/detail/uavcan_parameter_request__rosidl_typesupport_introspection_c.h\n'}
[5.021076] (px4_msgs) StdoutLine: {'line': b'-- Up-to-date symlink: /home/ubuntu/px4_ros2_ws/install/px4_msgs/include/px4_msgs/px4_msgs/msg/detail/uavcan_parameter_value__rosidl_typesupport_introspection_c.h\n'}
[5.021125] (px4_msgs) StdoutLine: {'line': b'-- Up-to-date symlink: /home/ubuntu/px4_ros2_ws/install/px4_msgs/include/px4_msgs/px4_msgs/msg/detail/ulog_stream__rosidl_typesupport_introspection_c.h\n'}
[5.021202] (px4_msgs) StdoutLine: {'line': b'-- Up-to-date symlink: /home/ubuntu/px4_ros2_ws/install/px4_msgs/include/px4_msgs/px4_msgs/msg/detail/ulog_stream_ack__rosidl_typesupport_introspection_c.h\n'}
[5.021245] (px4_msgs) StdoutLine: {'line': b'-- Up-to-date symlink: /home/ubuntu/px4_ros2_ws/install/px4_msgs/include/px4_msgs/px4_msgs/msg/detail/unregister_ext_component__rosidl_typesupport_introspection_c.h\n'}
[5.021289] (px4_msgs) StdoutLine: {'line': b'-- Up-to-date symlink: /home/ubuntu/px4_ros2_ws/install/px4_msgs/include/px4_msgs/px4_msgs/msg/detail/vehicle_acceleration__rosidl_typesupport_introspection_c.h\n'}
[5.021330] (px4_msgs) StdoutLine: {'line': b'-- Up-to-date symlink: /home/ubuntu/px4_ros2_ws/install/px4_msgs/include/px4_msgs/px4_msgs/msg/detail/vehicle_air_data__rosidl_typesupport_introspection_c.h\n'}
[5.021379] (px4_msgs) StdoutLine: {'line': b'-- Up-to-date symlink: /home/ubuntu/px4_ros2_ws/install/px4_msgs/include/px4_msgs/px4_msgs/msg/detail/vehicle_angular_velocity__rosidl_typesupport_introspection_c.h\n'}
[5.021427] (px4_msgs) StdoutLine: {'line': b'-- Up-to-date symlink: /home/ubuntu/px4_ros2_ws/install/px4_msgs/include/px4_msgs/px4_msgs/msg/detail/vehicle_attitude__rosidl_typesupport_introspection_c.h\n'}
[5.021481] (px4_msgs) StdoutLine: {'line': b'-- Up-to-date symlink: /home/ubuntu/px4_ros2_ws/install/px4_msgs/include/px4_msgs/px4_msgs/msg/detail/vehicle_attitude_setpoint__rosidl_typesupport_introspection_c.h\n'}
[5.021530] (px4_msgs) StdoutLine: {'line': b'-- Up-to-date symlink: /home/ubuntu/px4_ros2_ws/install/px4_msgs/include/px4_msgs/px4_msgs/msg/detail/vehicle_command__rosidl_typesupport_introspection_c.h\n'}
[5.021578] (px4_msgs) StdoutLine: {'line': b'-- Up-to-date symlink: /home/ubuntu/px4_ros2_ws/install/px4_msgs/include/px4_msgs/px4_msgs/msg/detail/vehicle_command_ack__rosidl_typesupport_introspection_c.h\n'}
[5.021629] (px4_msgs) StdoutLine: {'line': b'-- Up-to-date symlink: /home/ubuntu/px4_ros2_ws/install/px4_msgs/include/px4_msgs/px4_msgs/msg/detail/vehicle_constraints__rosidl_typesupport_introspection_c.h\n'}
[5.021677] (px4_msgs) StdoutLine: {'line': b'-- Up-to-date symlink: /home/ubuntu/px4_ros2_ws/install/px4_msgs/include/px4_msgs/px4_msgs/msg/detail/vehicle_control_mode__rosidl_typesupport_introspection_c.h\n'}
[5.021724] (px4_msgs) StdoutLine: {'line': b'-- Up-to-date symlink: /home/ubuntu/px4_ros2_ws/install/px4_msgs/include/px4_msgs/px4_msgs/msg/detail/vehicle_global_position__rosidl_typesupport_introspection_c.h\n'}
[5.021772] (px4_msgs) StdoutLine: {'line': b'-- Up-to-date symlink: /home/ubuntu/px4_ros2_ws/install/px4_msgs/include/px4_msgs/px4_msgs/msg/detail/vehicle_imu__rosidl_typesupport_introspection_c.h\n'}
[5.021819] (px4_msgs) StdoutLine: {'line': b'-- Up-to-date symlink: /home/ubuntu/px4_ros2_ws/install/px4_msgs/include/px4_msgs/px4_msgs/msg/detail/vehicle_imu_status__rosidl_typesupport_introspection_c.h\n'}
[5.021867] (px4_msgs) StdoutLine: {'line': b'-- Up-to-date symlink: /home/ubuntu/px4_ros2_ws/install/px4_msgs/include/px4_msgs/px4_msgs/msg/detail/vehicle_land_detected__rosidl_typesupport_introspection_c.h\n'}
[5.021915] (px4_msgs) StdoutLine: {'line': b'-- Up-to-date symlink: /home/ubuntu/px4_ros2_ws/install/px4_msgs/include/px4_msgs/px4_msgs/msg/detail/vehicle_local_position__rosidl_typesupport_introspection_c.h\n'}
[5.021964] (px4_msgs) StdoutLine: {'line': b'-- Up-to-date symlink: /home/ubuntu/px4_ros2_ws/install/px4_msgs/include/px4_msgs/px4_msgs/msg/detail/vehicle_local_position_setpoint__rosidl_typesupport_introspection_c.h\n'}
[5.022011] (px4_msgs) StdoutLine: {'line': b'-- Up-to-date symlink: /home/ubuntu/px4_ros2_ws/install/px4_msgs/include/px4_msgs/px4_msgs/msg/detail/vehicle_magnetometer__rosidl_typesupport_introspection_c.h\n'}
[5.022058] (px4_msgs) StdoutLine: {'line': b'-- Up-to-date symlink: /home/ubuntu/px4_ros2_ws/install/px4_msgs/include/px4_msgs/px4_msgs/msg/detail/vehicle_odometry__rosidl_typesupport_introspection_c.h\n'}
[5.022105] (px4_msgs) StdoutLine: {'line': b'-- Up-to-date symlink: /home/ubuntu/px4_ros2_ws/install/px4_msgs/include/px4_msgs/px4_msgs/msg/detail/vehicle_optical_flow__rosidl_typesupport_introspection_c.h\n'}
[5.022152] (px4_msgs) StdoutLine: {'line': b'-- Up-to-date symlink: /home/ubuntu/px4_ros2_ws/install/px4_msgs/include/px4_msgs/px4_msgs/msg/detail/vehicle_optical_flow_vel__rosidl_typesupport_introspection_c.h\n'}
[5.022200] (px4_msgs) StdoutLine: {'line': b'-- Up-to-date symlink: /home/ubuntu/px4_ros2_ws/install/px4_msgs/include/px4_msgs/px4_msgs/msg/detail/vehicle_rates_setpoint__rosidl_typesupport_introspection_c.h\n'}
[5.022248] (px4_msgs) StdoutLine: {'line': b'-- Up-to-date symlink: /home/ubuntu/px4_ros2_ws/install/px4_msgs/include/px4_msgs/px4_msgs/msg/detail/vehicle_roi__rosidl_typesupport_introspection_c.h\n'}
[5.022295] (px4_msgs) StdoutLine: {'line': b'-- Up-to-date symlink: /home/ubuntu/px4_ros2_ws/install/px4_msgs/include/px4_msgs/px4_msgs/msg/detail/vehicle_status__rosidl_typesupport_introspection_c.h\n'}
[5.022342] (px4_msgs) StdoutLine: {'line': b'-- Up-to-date symlink: /home/ubuntu/px4_ros2_ws/install/px4_msgs/include/px4_msgs/px4_msgs/msg/detail/vehicle_thrust_setpoint__rosidl_typesupport_introspection_c.h\n'}
[5.022394] (px4_msgs) StdoutLine: {'line': b'-- Up-to-date symlink: /home/ubuntu/px4_ros2_ws/install/px4_msgs/include/px4_msgs/px4_msgs/msg/detail/vehicle_torque_setpoint__rosidl_typesupport_introspection_c.h\n'}
[5.022462] (px4_msgs) StdoutLine: {'line': b'-- Up-to-date symlink: /home/ubuntu/px4_ros2_ws/install/px4_msgs/include/px4_msgs/px4_msgs/msg/detail/velocity_limits__rosidl_typesupport_introspection_c.h\n'}
[5.022567] (px4_msgs) StdoutLine: {'line': b'-- Up-to-date symlink: /home/ubuntu/px4_ros2_ws/install/px4_msgs/include/px4_msgs/px4_msgs/msg/detail/vte_aid_source1d__rosidl_typesupport_introspection_c.h\n'}
[5.022609] (px4_msgs) StdoutLine: {'line': b'-- Up-to-date symlink: /home/ubuntu/px4_ros2_ws/install/px4_msgs/include/px4_msgs/px4_msgs/msg/detail/vte_aid_source3d__rosidl_typesupport_introspection_c.h\n'}
[5.022658] (px4_msgs) StdoutLine: {'line': b'-- Up-to-date symlink: /home/ubuntu/px4_ros2_ws/install/px4_msgs/include/px4_msgs/px4_msgs/msg/detail/vte_bias_init_status__rosidl_typesupport_introspection_c.h\n'}
[5.022710] (px4_msgs) StdoutLine: {'line': b'-- Up-to-date symlink: /home/ubuntu/px4_ros2_ws/install/px4_msgs/include/px4_msgs/px4_msgs/msg/detail/vte_input__rosidl_typesupport_introspection_c.h\n'}
[5.022761] (px4_msgs) StdoutLine: {'line': b'-- Up-to-date symlink: /home/ubuntu/px4_ros2_ws/install/px4_msgs/include/px4_msgs/px4_msgs/msg/detail/vte_orientation__rosidl_typesupport_introspection_c.h\n'}
[5.022809] (px4_msgs) StdoutLine: {'line': b'-- Up-to-date symlink: /home/ubuntu/px4_ros2_ws/install/px4_msgs/include/px4_msgs/px4_msgs/msg/detail/vte_position__rosidl_typesupport_introspection_c.h\n'}
[5.022857] (px4_msgs) StdoutLine: {'line': b'-- Up-to-date symlink: /home/ubuntu/px4_ros2_ws/install/px4_msgs/include/px4_msgs/px4_msgs/msg/detail/vtol_vehicle_status__rosidl_typesupport_introspection_c.h\n'}
[5.022905] (px4_msgs) StdoutLine: {'line': b'-- Up-to-date symlink: /home/ubuntu/px4_ros2_ws/install/px4_msgs/include/px4_msgs/px4_msgs/msg/detail/vtx__rosidl_typesupport_introspection_c.h\n'}
[5.022952] (px4_msgs) StdoutLine: {'line': b'-- Up-to-date symlink: /home/ubuntu/px4_ros2_ws/install/px4_msgs/include/px4_msgs/px4_msgs/msg/detail/wheel_encoders__rosidl_typesupport_introspection_c.h\n'}
[5.023593] (px4_msgs) StdoutLine: {'line': b'-- Up-to-date symlink: /home/ubuntu/px4_ros2_ws/install/px4_msgs/include/px4_msgs/px4_msgs/msg/detail/wind__rosidl_typesupport_introspection_c.h\n'}
[5.023744] (px4_msgs) StdoutLine: {'line': b'-- Up-to-date symlink: /home/ubuntu/px4_ros2_ws/install/px4_msgs/include/px4_msgs/px4_msgs/msg/detail/yaw_estimator_status__rosidl_typesupport_introspection_c.h\n'}
[5.023778] (px4_msgs) StdoutLine: {'line': b'-- Up-to-date symlink: /home/ubuntu/px4_ros2_ws/install/px4_msgs/include/px4_msgs/px4_msgs/msg/rosidl_typesupport_introspection_c__visibility_control.h\n'}
[5.023816] (px4_msgs) StdoutLine: {'line': b'-- Up-to-date symlink: /home/ubuntu/px4_ros2_ws/install/px4_msgs/include/px4_msgs/px4_msgs/srv/detail/vehicle_command__rosidl_typesupport_introspection_c.h\n'}
[5.029619] (px4_msgs) StdoutLine: {'line': b'-- Up-to-date symlink: /home/ubuntu/px4_ros2_ws/install/px4_msgs/include/px4_msgs/px4_msgs/msg/action_request.hpp\n'}
[5.029786] (px4_msgs) StdoutLine: {'line': b'-- Up-to-date symlink: /home/ubuntu/px4_ros2_ws/install/px4_msgs/include/px4_msgs/px4_msgs/msg/actuator_armed.hpp\n'}
[5.029837] (px4_msgs) StdoutLine: {'line': b'-- Up-to-date symlink: /home/ubuntu/px4_ros2_ws/install/px4_msgs/include/px4_msgs/px4_msgs/msg/actuator_controls_status.hpp\n'}
[5.029877] (px4_msgs) StdoutLine: {'line': b'-- Up-to-date symlink: /home/ubuntu/px4_ros2_ws/install/px4_msgs/include/px4_msgs/px4_msgs/msg/actuator_motors.hpp\n'}
[5.029915] (px4_msgs) StdoutLine: {'line': b'-- Up-to-date symlink: /home/ubuntu/px4_ros2_ws/install/px4_msgs/include/px4_msgs/px4_msgs/msg/actuator_outputs.hpp\n'}
[5.029997] (px4_msgs) StdoutLine: {'line': b'-- Up-to-date symlink: /home/ubuntu/px4_ros2_ws/install/px4_msgs/include/px4_msgs/px4_msgs/msg/actuator_servos.hpp\n'}
[5.030038] (px4_msgs) StdoutLine: {'line': b'-- Up-to-date symlink: /home/ubuntu/px4_ros2_ws/install/px4_msgs/include/px4_msgs/px4_msgs/msg/actuator_servos_trim.hpp\n'}
[5.030076] (px4_msgs) StdoutLine: {'line': b'-- Up-to-date symlink: /home/ubuntu/px4_ros2_ws/install/px4_msgs/include/px4_msgs/px4_msgs/msg/actuator_test.hpp\n'}
[5.030115] (px4_msgs) StdoutLine: {'line': b'-- Up-to-date symlink: /home/ubuntu/px4_ros2_ws/install/px4_msgs/include/px4_msgs/px4_msgs/msg/adc_report.hpp\n'}
[5.030179] (px4_msgs) StdoutLine: {'line': b'-- Up-to-date symlink: /home/ubuntu/px4_ros2_ws/install/px4_msgs/include/px4_msgs/px4_msgs/msg/airspeed.hpp\n'}
[5.030230] (px4_msgs) StdoutLine: {'line': b'-- Up-to-date symlink: /home/ubuntu/px4_ros2_ws/install/px4_msgs/include/px4_msgs/px4_msgs/msg/airspeed_validated.hpp\n'}
[5.030272] (px4_msgs) StdoutLine: {'line': b'-- Up-to-date symlink: /home/ubuntu/px4_ros2_ws/install/px4_msgs/include/px4_msgs/px4_msgs/msg/airspeed_wind.hpp\n'}
[5.030309] (px4_msgs) StdoutLine: {'line': b'-- Up-to-date symlink: /home/ubuntu/px4_ros2_ws/install/px4_msgs/include/px4_msgs/px4_msgs/msg/arming_check_reply.hpp\n'}
[5.030359] (px4_msgs) StdoutLine: {'line': b'-- Up-to-date symlink: /home/ubuntu/px4_ros2_ws/install/px4_msgs/include/px4_msgs/px4_msgs/msg/arming_check_request.hpp\n'}
[5.030393] (px4_msgs) StdoutLine: {'line': b'-- Up-to-date symlink: /home/ubuntu/px4_ros2_ws/install/px4_msgs/include/px4_msgs/px4_msgs/msg/autotune_attitude_control_status.hpp\n'}
[5.030458] (px4_msgs) StdoutLine: {'line': b'-- Up-to-date symlink: /home/ubuntu/px4_ros2_ws/install/px4_msgs/include/px4_msgs/px4_msgs/msg/aux_global_position.hpp\n'}
[5.030507] (px4_msgs) StdoutLine: {'line': b'-- Up-to-date symlink: /home/ubuntu/px4_ros2_ws/install/px4_msgs/include/px4_msgs/px4_msgs/msg/battery_info.hpp\n'}
[5.030545] (px4_msgs) StdoutLine: {'line': b'-- Up-to-date symlink: /home/ubuntu/px4_ros2_ws/install/px4_msgs/include/px4_msgs/px4_msgs/msg/battery_status.hpp\n'}
[5.030597] (px4_msgs) StdoutLine: {'line': b'-- Up-to-date symlink: /home/ubuntu/px4_ros2_ws/install/px4_msgs/include/px4_msgs/px4_msgs/msg/button_event.hpp\n'}
[5.030639] (px4_msgs) StdoutLine: {'line': b'-- Up-to-date symlink: /home/ubuntu/px4_ros2_ws/install/px4_msgs/include/px4_msgs/px4_msgs/msg/camera_capture.hpp\n'}
[5.030678] (px4_msgs) StdoutLine: {'line': b'-- Up-to-date symlink: /home/ubuntu/px4_ros2_ws/install/px4_msgs/include/px4_msgs/px4_msgs/msg/camera_status.hpp\n'}
[5.030732] (px4_msgs) StdoutLine: {'line': b'-- Up-to-date symlink: /home/ubuntu/px4_ros2_ws/install/px4_msgs/include/px4_msgs/px4_msgs/msg/camera_trigger.hpp\n'}
[5.030765] (px4_msgs) StdoutLine: {'line': b'-- Up-to-date symlink: /home/ubuntu/px4_ros2_ws/install/px4_msgs/include/px4_msgs/px4_msgs/msg/can_interface_status.hpp\n'}
[5.030824] (px4_msgs) StdoutLine: {'line': b'-- Up-to-date symlink: /home/ubuntu/px4_ros2_ws/install/px4_msgs/include/px4_msgs/px4_msgs/msg/cellular_status.hpp\n'}
[5.030868] (px4_msgs) StdoutLine: {'line': b'-- Up-to-date symlink: /home/ubuntu/px4_ros2_ws/install/px4_msgs/include/px4_msgs/px4_msgs/msg/collision_constraints.hpp\n'}
[5.030919] (px4_msgs) StdoutLine: {'line': b'-- Up-to-date symlink: /home/ubuntu/px4_ros2_ws/install/px4_msgs/include/px4_msgs/px4_msgs/msg/config_overrides.hpp\n'}
[5.030977] (px4_msgs) StdoutLine: {'line': b'-- Up-to-date symlink: /home/ubuntu/px4_ros2_ws/install/px4_msgs/include/px4_msgs/px4_msgs/msg/control_allocator_status.hpp\n'}
[5.031015] (px4_msgs) StdoutLine: {'line': b'-- Up-to-date symlink: /home/ubuntu/px4_ros2_ws/install/px4_msgs/include/px4_msgs/px4_msgs/msg/cpuload.hpp\n'}
[5.031071] (px4_msgs) StdoutLine: {'line': b'-- Up-to-date symlink: /home/ubuntu/px4_ros2_ws/install/px4_msgs/include/px4_msgs/px4_msgs/msg/dataman_request.hpp\n'}
[5.031114] (px4_msgs) StdoutLine: {'line': b'-- Up-to-date symlink: /home/ubuntu/px4_ros2_ws/install/px4_msgs/include/px4_msgs/px4_msgs/msg/dataman_response.hpp\n'}
[5.031164] (px4_msgs) StdoutLine: {'line': b'-- Up-to-date symlink: /home/ubuntu/px4_ros2_ws/install/px4_msgs/include/px4_msgs/px4_msgs/msg/debug_array.hpp\n'}
[5.031217] (px4_msgs) StdoutLine: {'line': b'-- Up-to-date symlink: /home/ubuntu/px4_ros2_ws/install/px4_msgs/include/px4_msgs/px4_msgs/msg/debug_key_value.hpp\n'}
[5.031265] (px4_msgs) StdoutLine: {'line': b'-- Up-to-date symlink: /home/ubuntu/px4_ros2_ws/install/px4_msgs/include/px4_msgs/px4_msgs/msg/debug_value.hpp\n'}
[5.031314] (px4_msgs) StdoutLine: {'line': b'-- Up-to-date symlink: /home/ubuntu/px4_ros2_ws/install/px4_msgs/include/px4_msgs/px4_msgs/msg/debug_vect.hpp\n'}
[5.031357] (px4_msgs) StdoutLine: {'line': b'-- Up-to-date symlink: /home/ubuntu/px4_ros2_ws/install/px4_msgs/include/px4_msgs/px4_msgs/msg/detail/action_request__builder.hpp\n'}
[5.031401] (px4_msgs) StdoutLine: {'line': b'-- Up-to-date symlink: /home/ubuntu/px4_ros2_ws/install/px4_msgs/include/px4_msgs/px4_msgs/msg/detail/action_request__struct.hpp\n'}
[5.031455] (px4_msgs) StdoutLine: {'line': b'-- Up-to-date symlink: /home/ubuntu/px4_ros2_ws/install/px4_msgs/include/px4_msgs/px4_msgs/msg/detail/action_request__traits.hpp\n'}
[5.031503] (px4_msgs) StdoutLine: {'line': b'-- Up-to-date symlink: /home/ubuntu/px4_ros2_ws/install/px4_msgs/include/px4_msgs/px4_msgs/msg/detail/action_request__type_support.hpp\n'}
[5.031552] (px4_msgs) StdoutLine: {'line': b'-- Up-to-date symlink: /home/ubuntu/px4_ros2_ws/install/px4_msgs/include/px4_msgs/px4_msgs/msg/detail/actuator_armed__builder.hpp\n'}
[5.031625] (px4_msgs) StdoutLine: {'line': b'-- Up-to-date symlink: /home/ubuntu/px4_ros2_ws/install/px4_msgs/include/px4_msgs/px4_msgs/msg/detail/actuator_armed__struct.hpp\n'}
[5.031674] (px4_msgs) StdoutLine: {'line': b'-- Up-to-date symlink: /home/ubuntu/px4_ros2_ws/install/px4_msgs/include/px4_msgs/px4_msgs/msg/detail/actuator_armed__traits.hpp\n'}
[5.031717] (px4_msgs) StdoutLine: {'line': b'-- Up-to-date symlink: /home/ubuntu/px4_ros2_ws/install/px4_msgs/include/px4_msgs/px4_msgs/msg/detail/actuator_armed__type_support.hpp\n'}
[5.031758] (px4_msgs) StdoutLine: {'line': b'-- Up-to-date symlink: /home/ubuntu/px4_ros2_ws/install/px4_msgs/include/px4_msgs/px4_msgs/msg/detail/actuator_controls_status__builder.hpp\n'}
[5.031808] (px4_msgs) StdoutLine: {'line': b'-- Up-to-date symlink: /home/ubuntu/px4_ros2_ws/install/px4_msgs/include/px4_msgs/px4_msgs/msg/detail/actuator_controls_status__struct.hpp\n'}
[5.031856] (px4_msgs) StdoutLine: {'line': b'-- Up-to-date symlink: /home/ubuntu/px4_ros2_ws/install/px4_msgs/include/px4_msgs/px4_msgs/msg/detail/actuator_controls_status__traits.hpp\n'}
[5.031908] (px4_msgs) StdoutLine: {'line': b'-- Up-to-date symlink: /home/ubuntu/px4_ros2_ws/install/px4_msgs/include/px4_msgs/px4_msgs/msg/detail/actuator_controls_status__type_support.hpp\n'}
[5.031970] (px4_msgs) StdoutLine: {'line': b'-- Up-to-date symlink: /home/ubuntu/px4_ros2_ws/install/px4_msgs/include/px4_msgs/px4_msgs/msg/detail/actuator_motors__builder.hpp\n'}
[5.032019] (px4_msgs) StdoutLine: {'line': b'-- Up-to-date symlink: /home/ubuntu/px4_ros2_ws/install/px4_msgs/include/px4_msgs/px4_msgs/msg/detail/actuator_motors__struct.hpp\n'}
[5.032072] (px4_msgs) StdoutLine: {'line': b'-- Up-to-date symlink: /home/ubuntu/px4_ros2_ws/install/px4_msgs/include/px4_msgs/px4_msgs/msg/detail/actuator_motors__traits.hpp\n'}
[5.032138] (px4_msgs) StdoutLine: {'line': b'-- Up-to-date symlink: /home/ubuntu/px4_ros2_ws/install/px4_msgs/include/px4_msgs/px4_msgs/msg/detail/actuator_motors__type_support.hpp\n'}
[5.032188] (px4_msgs) StdoutLine: {'line': b'-- Up-to-date symlink: /home/ubuntu/px4_ros2_ws/install/px4_msgs/include/px4_msgs/px4_msgs/msg/detail/actuator_outputs__builder.hpp\n'}
[5.032245] (px4_msgs) StdoutLine: {'line': b'-- Up-to-date symlink: /home/ubuntu/px4_ros2_ws/install/px4_msgs/include/px4_msgs/px4_msgs/msg/detail/actuator_outputs__struct.hpp\n'}
[5.032301] (px4_msgs) StdoutLine: {'line': b'-- Up-to-date symlink: /home/ubuntu/px4_ros2_ws/install/px4_msgs/include/px4_msgs/px4_msgs/msg/detail/actuator_outputs__traits.hpp\n'}
[5.032355] (px4_msgs) StdoutLine: {'line': b'-- Up-to-date symlink: /home/ubuntu/px4_ros2_ws/install/px4_msgs/include/px4_msgs/px4_msgs/msg/detail/actuator_outputs__type_support.hpp\n'}
[5.032402] (px4_msgs) StdoutLine: {'line': b'-- Up-to-date symlink: /home/ubuntu/px4_ros2_ws/install/px4_msgs/include/px4_msgs/px4_msgs/msg/detail/actuator_servos__builder.hpp\n'}
[5.032457] (px4_msgs) StdoutLine: {'line': b'-- Up-to-date symlink: /home/ubuntu/px4_ros2_ws/install/px4_msgs/include/px4_msgs/px4_msgs/msg/detail/actuator_servos__struct.hpp\n'}
[5.032511] (px4_msgs) StdoutLine: {'line': b'-- Up-to-date symlink: /home/ubuntu/px4_ros2_ws/install/px4_msgs/include/px4_msgs/px4_msgs/msg/detail/actuator_servos__traits.hpp\n'}
[5.032561] (px4_msgs) StdoutLine: {'line': b'-- Up-to-date symlink: /home/ubuntu/px4_ros2_ws/install/px4_msgs/include/px4_msgs/px4_msgs/msg/detail/actuator_servos__type_support.hpp\n'}
[5.032613] (px4_msgs) StdoutLine: {'line': b'-- Up-to-date symlink: /home/ubuntu/px4_ros2_ws/install/px4_msgs/include/px4_msgs/px4_msgs/msg/detail/actuator_servos_trim__builder.hpp\n'}
[5.032660] (px4_msgs) StdoutLine: {'line': b'-- Up-to-date symlink: /home/ubuntu/px4_ros2_ws/install/px4_msgs/include/px4_msgs/px4_msgs/msg/detail/actuator_servos_trim__struct.hpp\n'}
[5.032720] (px4_msgs) StdoutLine: {'line': b'-- Up-to-date symlink: /home/ubuntu/px4_ros2_ws/install/px4_msgs/include/px4_msgs/px4_msgs/msg/detail/actuator_servos_trim__traits.hpp\n'}
[5.032774] (px4_msgs) StdoutLine: {'line': b'-- Up-to-date symlink: /home/ubuntu/px4_ros2_ws/install/px4_msgs/include/px4_msgs/px4_msgs/msg/detail/actuator_servos_trim__type_support.hpp\n'}
[5.032830] (px4_msgs) StdoutLine: {'line': b'-- Up-to-date symlink: /home/ubuntu/px4_ros2_ws/install/px4_msgs/include/px4_msgs/px4_msgs/msg/detail/actuator_test__builder.hpp\n'}
[5.032884] (px4_msgs) StdoutLine: {'line': b'-- Up-to-date symlink: /home/ubuntu/px4_ros2_ws/install/px4_msgs/include/px4_msgs/px4_msgs/msg/detail/actuator_test__struct.hpp\n'}
[5.032934] (px4_msgs) StdoutLine: {'line': b'-- Up-to-date symlink: /home/ubuntu/px4_ros2_ws/install/px4_msgs/include/px4_msgs/px4_msgs/msg/detail/actuator_test__traits.hpp\n'}
[5.032993] (px4_msgs) StdoutLine: {'line': b'-- Up-to-date symlink: /home/ubuntu/px4_ros2_ws/install/px4_msgs/include/px4_msgs/px4_msgs/msg/detail/actuator_test__type_support.hpp\n'}
[5.033046] (px4_msgs) StdoutLine: {'line': b'-- Up-to-date symlink: /home/ubuntu/px4_ros2_ws/install/px4_msgs/include/px4_msgs/px4_msgs/msg/detail/adc_report__builder.hpp\n'}
[5.033106] (px4_msgs) StdoutLine: {'line': b'-- Up-to-date symlink: /home/ubuntu/px4_ros2_ws/install/px4_msgs/include/px4_msgs/px4_msgs/msg/detail/adc_report__struct.hpp\n'}
[5.033167] (px4_msgs) StdoutLine: {'line': b'-- Up-to-date symlink: /home/ubuntu/px4_ros2_ws/install/px4_msgs/include/px4_msgs/px4_msgs/msg/detail/adc_report__traits.hpp\n'}
[5.033212] (px4_msgs) StdoutLine: {'line': b'-- Up-to-date symlink: /home/ubuntu/px4_ros2_ws/install/px4_msgs/include/px4_msgs/px4_msgs/msg/detail/adc_report__type_support.hpp\n'}
[5.033264] (px4_msgs) StdoutLine: {'line': b'-- Up-to-date symlink: /home/ubuntu/px4_ros2_ws/install/px4_msgs/include/px4_msgs/px4_msgs/msg/detail/airspeed__builder.hpp\n'}
[5.033314] (px4_msgs) StdoutLine: {'line': b'-- Up-to-date symlink: /home/ubuntu/px4_ros2_ws/install/px4_msgs/include/px4_msgs/px4_msgs/msg/detail/airspeed__struct.hpp\n'}
[5.033361] (px4_msgs) StdoutLine: {'line': b'-- Up-to-date symlink: /home/ubuntu/px4_ros2_ws/install/px4_msgs/include/px4_msgs/px4_msgs/msg/detail/airspeed__traits.hpp\n'}
[5.033410] (px4_msgs) StdoutLine: {'line': b'-- Up-to-date symlink: /home/ubuntu/px4_ros2_ws/install/px4_msgs/include/px4_msgs/px4_msgs/msg/detail/airspeed__type_support.hpp\n'}
[5.033464] (px4_msgs) StdoutLine: {'line': b'-- Up-to-date symlink: /home/ubuntu/px4_ros2_ws/install/px4_msgs/include/px4_msgs/px4_msgs/msg/detail/airspeed_validated__builder.hpp\n'}
[5.033523] (px4_msgs) StdoutLine: {'line': b'-- Up-to-date symlink: /home/ubuntu/px4_ros2_ws/install/px4_msgs/include/px4_msgs/px4_msgs/msg/detail/airspeed_validated__struct.hpp\n'}
[5.033567] (px4_msgs) StdoutLine: {'line': b'-- Up-to-date symlink: /home/ubuntu/px4_ros2_ws/install/px4_msgs/include/px4_msgs/px4_msgs/msg/detail/airspeed_validated__traits.hpp\n'}
[5.033610] (px4_msgs) StdoutLine: {'line': b'-- Up-to-date symlink: /home/ubuntu/px4_ros2_ws/install/px4_msgs/include/px4_msgs/px4_msgs/msg/detail/airspeed_validated__type_support.hpp\n'}
[5.033662] (px4_msgs) StdoutLine: {'line': b'-- Up-to-date symlink: /home/ubuntu/px4_ros2_ws/install/px4_msgs/include/px4_msgs/px4_msgs/msg/detail/airspeed_wind__builder.hpp\n'}
[5.033714] (px4_msgs) StdoutLine: {'line': b'-- Up-to-date symlink: /home/ubuntu/px4_ros2_ws/install/px4_msgs/include/px4_msgs/px4_msgs/msg/detail/airspeed_wind__struct.hpp\n'}
[5.033766] (px4_msgs) StdoutLine: {'line': b'-- Up-to-date symlink: /home/ubuntu/px4_ros2_ws/install/px4_msgs/include/px4_msgs/px4_msgs/msg/detail/airspeed_wind__traits.hpp\n'}
[5.033816] (px4_msgs) StdoutLine: {'line': b'-- Up-to-date symlink: /home/ubuntu/px4_ros2_ws/install/px4_msgs/include/px4_msgs/px4_msgs/msg/detail/airspeed_wind__type_support.hpp\n'}
[5.033867] (px4_msgs) StdoutLine: {'line': b'-- Up-to-date symlink: /home/ubuntu/px4_ros2_ws/install/px4_msgs/include/px4_msgs/px4_msgs/msg/detail/arming_check_reply__builder.hpp\n'}
[5.033918] (px4_msgs) StdoutLine: {'line': b'-- Up-to-date symlink: /home/ubuntu/px4_ros2_ws/install/px4_msgs/include/px4_msgs/px4_msgs/msg/detail/arming_check_reply__struct.hpp\n'}
[5.033968] (px4_msgs) StdoutLine: {'line': b'-- Up-to-date symlink: /home/ubuntu/px4_ros2_ws/install/px4_msgs/include/px4_msgs/px4_msgs/msg/detail/arming_check_reply__traits.hpp\n'}
[5.034037] (px4_msgs) StdoutLine: {'line': b'-- Up-to-date symlink: /home/ubuntu/px4_ros2_ws/install/px4_msgs/include/px4_msgs/px4_msgs/msg/detail/arming_check_reply__type_support.hpp\n'}
[5.034083] (px4_msgs) StdoutLine: {'line': b'-- Up-to-date symlink: /home/ubuntu/px4_ros2_ws/install/px4_msgs/include/px4_msgs/px4_msgs/msg/detail/arming_check_request__builder.hpp\n'}
[5.034129] (px4_msgs) StdoutLine: {'line': b'-- Up-to-date symlink: /home/ubuntu/px4_ros2_ws/install/px4_msgs/include/px4_msgs/px4_msgs/msg/detail/arming_check_request__struct.hpp\n'}
[5.034182] (px4_msgs) StdoutLine: {'line': b'-- Up-to-date symlink: /home/ubuntu/px4_ros2_ws/install/px4_msgs/include/px4_msgs/px4_msgs/msg/detail/arming_check_request__traits.hpp\n'}
[5.034291] (px4_msgs) StdoutLine: {'line': b'-- Up-to-date symlink: /home/ubuntu/px4_ros2_ws/install/px4_msgs/include/px4_msgs/px4_msgs/msg/detail/arming_check_request__type_support.hpp\n'}
[5.034539] (px4_msgs) StdoutLine: {'line': b'-- Up-to-date symlink: /home/ubuntu/px4_ros2_ws/install/px4_msgs/include/px4_msgs/px4_msgs/msg/detail/autotune_attitude_control_status__builder.hpp\n'}
[5.034671] (px4_msgs) StdoutLine: {'line': b'-- Up-to-date symlink: /home/ubuntu/px4_ros2_ws/install/px4_msgs/include/px4_msgs/px4_msgs/msg/detail/autotune_attitude_control_status__struct.hpp\n'}
[5.034786] (px4_msgs) StdoutLine: {'line': b'-- Up-to-date symlink: /home/ubuntu/px4_ros2_ws/install/px4_msgs/include/px4_msgs/px4_msgs/msg/detail/autotune_attitude_control_status__traits.hpp\n'}
[5.034907] (px4_msgs) StdoutLine: {'line': b'-- Up-to-date symlink: /home/ubuntu/px4_ros2_ws/install/px4_msgs/include/px4_msgs/px4_msgs/msg/detail/autotune_attitude_control_status__type_support.hpp\n'}
[5.035020] (px4_msgs) StdoutLine: {'line': b'-- Up-to-date symlink: /home/ubuntu/px4_ros2_ws/install/px4_msgs/include/px4_msgs/px4_msgs/msg/detail/aux_global_position__builder.hpp\n'}
[5.035143] (px4_msgs) StdoutLine: {'line': b'-- Up-to-date symlink: /home/ubuntu/px4_ros2_ws/install/px4_msgs/include/px4_msgs/px4_msgs/msg/detail/aux_global_position__struct.hpp\n'}
[5.035257] (px4_msgs) StdoutLine: {'line': b'-- Up-to-date symlink: /home/ubuntu/px4_ros2_ws/install/px4_msgs/include/px4_msgs/px4_msgs/msg/detail/aux_global_position__traits.hpp\n'}
[5.035377] (px4_msgs) StdoutLine: {'line': b'-- Up-to-date symlink: /home/ubuntu/px4_ros2_ws/install/px4_msgs/include/px4_msgs/px4_msgs/msg/detail/aux_global_position__type_support.hpp\n'}
[5.035520] (px4_msgs) StdoutLine: {'line': b'-- Up-to-date symlink: /home/ubuntu/px4_ros2_ws/install/px4_msgs/include/px4_msgs/px4_msgs/msg/detail/battery_info__builder.hpp\n'}
[5.035674] (px4_msgs) StdoutLine: {'line': b'-- Up-to-date symlink: /home/ubuntu/px4_ros2_ws/install/px4_msgs/include/px4_msgs/px4_msgs/msg/detail/battery_info__struct.hpp\n'}
[5.035915] (px4_msgs) StdoutLine: {'line': b'-- Up-to-date symlink: /home/ubuntu/px4_ros2_ws/install/px4_msgs/include/px4_msgs/px4_msgs/msg/detail/battery_info__traits.hpp\n'}
[5.035991] (px4_msgs) StdoutLine: {'line': b'-- Up-to-date symlink: /home/ubuntu/px4_ros2_ws/install/px4_msgs/include/px4_msgs/px4_msgs/msg/detail/battery_info__type_support.hpp\n'}
[5.036054] (px4_msgs) StdoutLine: {'line': b'-- Up-to-date symlink: /home/ubuntu/px4_ros2_ws/install/px4_msgs/include/px4_msgs/px4_msgs/msg/detail/battery_status__builder.hpp\n'}
[5.036261] (px4_msgs) StdoutLine: {'line': b'-- Up-to-date symlink: /home/ubuntu/px4_ros2_ws/install/px4_msgs/include/px4_msgs/px4_msgs/msg/detail/battery_status__struct.hpp\n'}
[5.036347] (px4_msgs) StdoutLine: {'line': b'-- Up-to-date symlink: /home/ubuntu/px4_ros2_ws/install/px4_msgs/include/px4_msgs/px4_msgs/msg/detail/battery_status__traits.hpp\n'}
[5.036433] (px4_msgs) StdoutLine: {'line': b'-- Up-to-date symlink: /home/ubuntu/px4_ros2_ws/install/px4_msgs/include/px4_msgs/px4_msgs/msg/detail/battery_status__type_support.hpp\n'}
[5.036503] (px4_msgs) StdoutLine: {'line': b'-- Up-to-date symlink: /home/ubuntu/px4_ros2_ws/install/px4_msgs/include/px4_msgs/px4_msgs/msg/detail/button_event__builder.hpp\n'}
[5.036546] (px4_msgs) StdoutLine: {'line': b'-- Up-to-date symlink: /home/ubuntu/px4_ros2_ws/install/px4_msgs/include/px4_msgs/px4_msgs/msg/detail/button_event__struct.hpp\n'}
[5.036587] (px4_msgs) StdoutLine: {'line': b'-- Up-to-date symlink: /home/ubuntu/px4_ros2_ws/install/px4_msgs/include/px4_msgs/px4_msgs/msg/detail/button_event__traits.hpp\n'}
[5.036638] (px4_msgs) StdoutLine: {'line': b'-- Up-to-date symlink: /home/ubuntu/px4_ros2_ws/install/px4_msgs/include/px4_msgs/px4_msgs/msg/detail/button_event__type_support.hpp\n'}
[5.036710] (px4_msgs) StdoutLine: {'line': b'-- Up-to-date symlink: /home/ubuntu/px4_ros2_ws/install/px4_msgs/include/px4_msgs/px4_msgs/msg/detail/camera_capture__builder.hpp\n'}
[5.036766] (px4_msgs) StdoutLine: {'line': b'-- Up-to-date symlink: /home/ubuntu/px4_ros2_ws/install/px4_msgs/include/px4_msgs/px4_msgs/msg/detail/camera_capture__struct.hpp\n'}
[5.036816] (px4_msgs) StdoutLine: {'line': b'-- Up-to-date symlink: /home/ubuntu/px4_ros2_ws/install/px4_msgs/include/px4_msgs/px4_msgs/msg/detail/camera_capture__traits.hpp\n'}
[5.036863] (px4_msgs) StdoutLine: {'line': b'-- Up-to-date symlink: /home/ubuntu/px4_ros2_ws/install/px4_msgs/include/px4_msgs/px4_msgs/msg/detail/camera_capture__type_support.hpp\n'}
[5.036911] (px4_msgs) StdoutLine: {'line': b'-- Up-to-date symlink: /home/ubuntu/px4_ros2_ws/install/px4_msgs/include/px4_msgs/px4_msgs/msg/detail/camera_status__builder.hpp\n'}
[5.036960] (px4_msgs) StdoutLine: {'line': b'-- Up-to-date symlink: /home/ubuntu/px4_ros2_ws/install/px4_msgs/include/px4_msgs/px4_msgs/msg/detail/camera_status__struct.hpp\n'}
[5.037010] (px4_msgs) StdoutLine: {'line': b'-- Up-to-date symlink: /home/ubuntu/px4_ros2_ws/install/px4_msgs/include/px4_msgs/px4_msgs/msg/detail/camera_status__traits.hpp\n'}
[5.037060] (px4_msgs) StdoutLine: {'line': b'-- Up-to-date symlink: /home/ubuntu/px4_ros2_ws/install/px4_msgs/include/px4_msgs/px4_msgs/msg/detail/camera_status__type_support.hpp\n'}
[5.037114] (px4_msgs) StdoutLine: {'line': b'-- Up-to-date symlink: /home/ubuntu/px4_ros2_ws/install/px4_msgs/include/px4_msgs/px4_msgs/msg/detail/camera_trigger__builder.hpp\n'}
[5.037170] (px4_msgs) StdoutLine: {'line': b'-- Up-to-date symlink: /home/ubuntu/px4_ros2_ws/install/px4_msgs/include/px4_msgs/px4_msgs/msg/detail/camera_trigger__struct.hpp\n'}
[5.037250] (px4_msgs) StdoutLine: {'line': b'-- Up-to-date symlink: /home/ubuntu/px4_ros2_ws/install/px4_msgs/include/px4_msgs/px4_msgs/msg/detail/camera_trigger__traits.hpp\n'}
[5.037434] (px4_msgs) StdoutLine: {'line': b'-- Up-to-date symlink: /home/ubuntu/px4_ros2_ws/install/px4_msgs/include/px4_msgs/px4_msgs/msg/detail/camera_trigger__type_support.hpp\n'}
[5.037588] (px4_msgs) StdoutLine: {'line': b'-- Up-to-date symlink: /home/ubuntu/px4_ros2_ws/install/px4_msgs/include/px4_msgs/px4_msgs/msg/detail/can_interface_status__builder.hpp\n'}
[5.037692] (px4_msgs) StdoutLine: {'line': b'-- Up-to-date symlink: /home/ubuntu/px4_ros2_ws/install/px4_msgs/include/px4_msgs/px4_msgs/msg/detail/can_interface_status__struct.hpp\n'}
[5.037802] (px4_msgs) StdoutLine: {'line': b'-- Up-to-date symlink: /home/ubuntu/px4_ros2_ws/install/px4_msgs/include/px4_msgs/px4_msgs/msg/detail/can_interface_status__traits.hpp\n'}
[5.037886] (px4_msgs) StdoutLine: {'line': b'-- Up-to-date symlink: /home/ubuntu/px4_ros2_ws/install/px4_msgs/include/px4_msgs/px4_msgs/msg/detail/can_interface_status__type_support.hpp\n'}
[5.037950] (px4_msgs) StdoutLine: {'line': b'-- Up-to-date symlink: /home/ubuntu/px4_ros2_ws/install/px4_msgs/include/px4_msgs/px4_msgs/msg/detail/cellular_status__builder.hpp\n'}
[5.038003] (px4_msgs) StdoutLine: {'line': b'-- Up-to-date symlink: /home/ubuntu/px4_ros2_ws/install/px4_msgs/include/px4_msgs/px4_msgs/msg/detail/cellular_status__struct.hpp\n'}
[5.038056] (px4_msgs) StdoutLine: {'line': b'-- Up-to-date symlink: /home/ubuntu/px4_ros2_ws/install/px4_msgs/include/px4_msgs/px4_msgs/msg/detail/cellular_status__traits.hpp\n'}
[5.038111] (px4_msgs) StdoutLine: {'line': b'-- Up-to-date symlink: /home/ubuntu/px4_ros2_ws/install/px4_msgs/include/px4_msgs/px4_msgs/msg/detail/cellular_status__type_support.hpp\n'}
[5.038162] (px4_msgs) StdoutLine: {'line': b'-- Up-to-date symlink: /home/ubuntu/px4_ros2_ws/install/px4_msgs/include/px4_msgs/px4_msgs/msg/detail/collision_constraints__builder.hpp\n'}
[5.038210] (px4_msgs) StdoutLine: {'line': b'-- Up-to-date symlink: /home/ubuntu/px4_ros2_ws/install/px4_msgs/include/px4_msgs/px4_msgs/msg/detail/collision_constraints__struct.hpp\n'}
[5.038276] (px4_msgs) StdoutLine: {'line': b'-- Up-to-date symlink: /home/ubuntu/px4_ros2_ws/install/px4_msgs/include/px4_msgs/px4_msgs/msg/detail/collision_constraints__traits.hpp\n'}
[5.038373] (px4_msgs) StdoutLine: {'line': b'-- Up-to-date symlink: /home/ubuntu/px4_ros2_ws/install/px4_msgs/include/px4_msgs/px4_msgs/msg/detail/collision_constraints__type_support.hpp\n'}
[5.038429] (px4_msgs) StdoutLine: {'line': b'-- Up-to-date symlink: /home/ubuntu/px4_ros2_ws/install/px4_msgs/include/px4_msgs/px4_msgs/msg/detail/config_overrides__builder.hpp\n'}
[5.038513] (px4_msgs) StdoutLine: {'line': b'-- Up-to-date symlink: /home/ubuntu/px4_ros2_ws/install/px4_msgs/include/px4_msgs/px4_msgs/msg/detail/config_overrides__struct.hpp\n'}
[5.038585] (px4_msgs) StdoutLine: {'line': b'-- Up-to-date symlink: /home/ubuntu/px4_ros2_ws/install/px4_msgs/include/px4_msgs/px4_msgs/msg/detail/config_overrides__traits.hpp\n'}
[5.038650] (px4_msgs) StdoutLine: {'line': b'-- Up-to-date symlink: /home/ubuntu/px4_ros2_ws/install/px4_msgs/include/px4_msgs/px4_msgs/msg/detail/config_overrides__type_support.hpp\n'}
[5.038696] (px4_msgs) StdoutLine: {'line': b'-- Up-to-date symlink: /home/ubuntu/px4_ros2_ws/install/px4_msgs/include/px4_msgs/px4_msgs/msg/detail/control_allocator_status__builder.hpp\n'}
[5.038745] (px4_msgs) StdoutLine: {'line': b'-- Up-to-date symlink: /home/ubuntu/px4_ros2_ws/install/px4_msgs/include/px4_msgs/px4_msgs/msg/detail/control_allocator_status__struct.hpp\n'}
[5.038792] (px4_msgs) StdoutLine: {'line': b'-- Up-to-date symlink: /home/ubuntu/px4_ros2_ws/install/px4_msgs/include/px4_msgs/px4_msgs/msg/detail/control_allocator_status__traits.hpp\n'}
[5.038839] (px4_msgs) StdoutLine: {'line': b'-- Up-to-date symlink: /home/ubuntu/px4_ros2_ws/install/px4_msgs/include/px4_msgs/px4_msgs/msg/detail/control_allocator_status__type_support.hpp\n'}
[5.038885] (px4_msgs) StdoutLine: {'line': b'-- Up-to-date symlink: /home/ubuntu/px4_ros2_ws/install/px4_msgs/include/px4_msgs/px4_msgs/msg/detail/cpuload__builder.hpp\n'}
[5.038949] (px4_msgs) StdoutLine: {'line': b'-- Up-to-date symlink: /home/ubuntu/px4_ros2_ws/install/px4_msgs/include/px4_msgs/px4_msgs/msg/detail/cpuload__struct.hpp\n'}
[5.039024] (px4_msgs) StdoutLine: {'line': b'-- Up-to-date symlink: /home/ubuntu/px4_ros2_ws/install/px4_msgs/include/px4_msgs/px4_msgs/msg/detail/cpuload__traits.hpp\n'}
[5.039077] (px4_msgs) StdoutLine: {'line': b'-- Up-to-date symlink: /home/ubuntu/px4_ros2_ws/install/px4_msgs/include/px4_msgs/px4_msgs/msg/detail/cpuload__type_support.hpp\n'}
[5.039126] (px4_msgs) StdoutLine: {'line': b'-- Up-to-date symlink: /home/ubuntu/px4_ros2_ws/install/px4_msgs/include/px4_msgs/px4_msgs/msg/detail/dataman_request__builder.hpp\n'}
[5.039173] (px4_msgs) StdoutLine: {'line': b'-- Up-to-date symlink: /home/ubuntu/px4_ros2_ws/install/px4_msgs/include/px4_msgs/px4_msgs/msg/detail/dataman_request__struct.hpp\n'}
[5.039219] (px4_msgs) StdoutLine: {'line': b'-- Up-to-date symlink: /home/ubuntu/px4_ros2_ws/install/px4_msgs/include/px4_msgs/px4_msgs/msg/detail/dataman_request__traits.hpp\n'}
[5.039296] (px4_msgs) StdoutLine: {'line': b'-- Up-to-date symlink: /home/ubuntu/px4_ros2_ws/install/px4_msgs/include/px4_msgs/px4_msgs/msg/detail/dataman_request__type_support.hpp\n'}
[5.039344] (px4_msgs) StdoutLine: {'line': b'-- Up-to-date symlink: /home/ubuntu/px4_ros2_ws/install/px4_msgs/include/px4_msgs/px4_msgs/msg/detail/dataman_response__builder.hpp\n'}
[5.039389] (px4_msgs) StdoutLine: {'line': b'-- Up-to-date symlink: /home/ubuntu/px4_ros2_ws/install/px4_msgs/include/px4_msgs/px4_msgs/msg/detail/dataman_response__struct.hpp\n'}
[5.039435] (px4_msgs) StdoutLine: {'line': b'-- Up-to-date symlink: /home/ubuntu/px4_ros2_ws/install/px4_msgs/include/px4_msgs/px4_msgs/msg/detail/dataman_response__traits.hpp\n'}
[5.039633] (px4_msgs) StdoutLine: {'line': b'-- Up-to-date symlink: /home/ubuntu/px4_ros2_ws/install/px4_msgs/include/px4_msgs/px4_msgs/msg/detail/dataman_response__type_support.hpp\n'}
[5.039735] (px4_msgs) StdoutLine: {'line': b'-- Up-to-date symlink: /home/ubuntu/px4_ros2_ws/install/px4_msgs/include/px4_msgs/px4_msgs/msg/detail/debug_array__builder.hpp\n'}
[5.039785] (px4_msgs) StdoutLine: {'line': b'-- Up-to-date symlink: /home/ubuntu/px4_ros2_ws/install/px4_msgs/include/px4_msgs/px4_msgs/msg/detail/debug_array__struct.hpp\n'}
[5.039834] (px4_msgs) StdoutLine: {'line': b'-- Up-to-date symlink: /home/ubuntu/px4_ros2_ws/install/px4_msgs/include/px4_msgs/px4_msgs/msg/detail/debug_array__traits.hpp\n'}
[5.039885] (px4_msgs) StdoutLine: {'line': b'-- Up-to-date symlink: /home/ubuntu/px4_ros2_ws/install/px4_msgs/include/px4_msgs/px4_msgs/msg/detail/debug_array__type_support.hpp\n'}
[5.039958] (px4_msgs) StdoutLine: {'line': b'-- Up-to-date symlink: /home/ubuntu/px4_ros2_ws/install/px4_msgs/include/px4_msgs/px4_msgs/msg/detail/debug_key_value__builder.hpp\n'}
[5.040006] (px4_msgs) StdoutLine: {'line': b'-- Up-to-date symlink: /home/ubuntu/px4_ros2_ws/install/px4_msgs/include/px4_msgs/px4_msgs/msg/detail/debug_key_value__struct.hpp\n'}
[5.040055] (px4_msgs) StdoutLine: {'line': b'-- Up-to-date symlink: /home/ubuntu/px4_ros2_ws/install/px4_msgs/include/px4_msgs/px4_msgs/msg/detail/debug_key_value__traits.hpp\n'}
[5.040101] (px4_msgs) StdoutLine: {'line': b'-- Up-to-date symlink: /home/ubuntu/px4_ros2_ws/install/px4_msgs/include/px4_msgs/px4_msgs/msg/detail/debug_key_value__type_support.hpp\n'}
[5.040169] (px4_msgs) StdoutLine: {'line': b'-- Up-to-date symlink: /home/ubuntu/px4_ros2_ws/install/px4_msgs/include/px4_msgs/px4_msgs/msg/detail/debug_value__builder.hpp\n'}
[5.040215] (px4_msgs) StdoutLine: {'line': b'-- Up-to-date symlink: /home/ubuntu/px4_ros2_ws/install/px4_msgs/include/px4_msgs/px4_msgs/msg/detail/debug_value__struct.hpp\n'}
[5.040260] (px4_msgs) StdoutLine: {'line': b'-- Up-to-date symlink: /home/ubuntu/px4_ros2_ws/install/px4_msgs/include/px4_msgs/px4_msgs/msg/detail/debug_value__traits.hpp\n'}
[5.040306] (px4_msgs) StdoutLine: {'line': b'-- Up-to-date symlink: /home/ubuntu/px4_ros2_ws/install/px4_msgs/include/px4_msgs/px4_msgs/msg/detail/debug_value__type_support.hpp\n'}
[5.040352] (px4_msgs) StdoutLine: {'line': b'-- Up-to-date symlink: /home/ubuntu/px4_ros2_ws/install/px4_msgs/include/px4_msgs/px4_msgs/msg/detail/debug_vect__builder.hpp\n'}
[5.040447] (px4_msgs) StdoutLine: {'line': b'-- Up-to-date symlink: /home/ubuntu/px4_ros2_ws/install/px4_msgs/include/px4_msgs/px4_msgs/msg/detail/debug_vect__struct.hpp\n'}
[5.040509] (px4_msgs) StdoutLine: {'line': b'-- Up-to-date symlink: /home/ubuntu/px4_ros2_ws/install/px4_msgs/include/px4_msgs/px4_msgs/msg/detail/debug_vect__traits.hpp\n'}
[5.040555] (px4_msgs) StdoutLine: {'line': b'-- Up-to-date symlink: /home/ubuntu/px4_ros2_ws/install/px4_msgs/include/px4_msgs/px4_msgs/msg/detail/debug_vect__type_support.hpp\n'}
[5.040602] (px4_msgs) StdoutLine: {'line': b'-- Up-to-date symlink: /home/ubuntu/px4_ros2_ws/install/px4_msgs/include/px4_msgs/px4_msgs/msg/detail/device_information__builder.hpp\n'}
[5.040665] (px4_msgs) StdoutLine: {'line': b'-- Up-to-date symlink: /home/ubuntu/px4_ros2_ws/install/px4_msgs/include/px4_msgs/px4_msgs/msg/detail/device_information__struct.hpp\n'}
[5.040713] (px4_msgs) StdoutLine: {'line': b'-- Up-to-date symlink: /home/ubuntu/px4_ros2_ws/install/px4_msgs/include/px4_msgs/px4_msgs/msg/detail/device_information__traits.hpp\n'}
[5.040758] (px4_msgs) StdoutLine: {'line': b'-- Up-to-date symlink: /home/ubuntu/px4_ros2_ws/install/px4_msgs/include/px4_msgs/px4_msgs/msg/detail/device_information__type_support.hpp\n'}
[5.040802] (px4_msgs) StdoutLine: {'line': b'-- Up-to-date symlink: /home/ubuntu/px4_ros2_ws/install/px4_msgs/include/px4_msgs/px4_msgs/msg/detail/differential_pressure__builder.hpp\n'}
[5.040848] (px4_msgs) StdoutLine: {'line': b'-- Up-to-date symlink: /home/ubuntu/px4_ros2_ws/install/px4_msgs/include/px4_msgs/px4_msgs/msg/detail/differential_pressure__struct.hpp\n'}
[5.040894] (px4_msgs) StdoutLine: {'line': b'-- Up-to-date symlink: /home/ubuntu/px4_ros2_ws/install/px4_msgs/include/px4_msgs/px4_msgs/msg/detail/differential_pressure__traits.hpp\n'}
[5.040939] (px4_msgs) StdoutLine: {'line': b'-- Up-to-date symlink: /home/ubuntu/px4_ros2_ws/install/px4_msgs/include/px4_msgs/px4_msgs/msg/detail/differential_pressure__type_support.hpp\n'}
[5.040985] (px4_msgs) StdoutLine: {'line': b'-- Up-to-date symlink: /home/ubuntu/px4_ros2_ws/install/px4_msgs/include/px4_msgs/px4_msgs/msg/detail/distance_sensor__builder.hpp\n'}
[5.041031] (px4_msgs) StdoutLine: {'line': b'-- Up-to-date symlink: /home/ubuntu/px4_ros2_ws/install/px4_msgs/include/px4_msgs/px4_msgs/msg/detail/distance_sensor__struct.hpp\n'}
[5.041078] (px4_msgs) StdoutLine: {'line': b'-- Up-to-date symlink: /home/ubuntu/px4_ros2_ws/install/px4_msgs/include/px4_msgs/px4_msgs/msg/detail/distance_sensor__traits.hpp\n'}
[5.041125] (px4_msgs) StdoutLine: {'line': b'-- Up-to-date symlink: /home/ubuntu/px4_ros2_ws/install/px4_msgs/include/px4_msgs/px4_msgs/msg/detail/distance_sensor__type_support.hpp\n'}
[5.041172] (px4_msgs) StdoutLine: {'line': b'-- Up-to-date symlink: /home/ubuntu/px4_ros2_ws/install/px4_msgs/include/px4_msgs/px4_msgs/msg/detail/distance_sensor_mode_change_request__builder.hpp\n'}
[5.041270] (px4_msgs) StdoutLine: {'line': b'-- Up-to-date symlink: /home/ubuntu/px4_ros2_ws/install/px4_msgs/include/px4_msgs/px4_msgs/msg/detail/distance_sensor_mode_change_request__struct.hpp\n'}
[5.041320] (px4_msgs) StdoutLine: {'line': b'-- Up-to-date symlink: /home/ubuntu/px4_ros2_ws/install/px4_msgs/include/px4_msgs/px4_msgs/msg/detail/distance_sensor_mode_change_request__traits.hpp\n'}
[5.041370] (px4_msgs) StdoutLine: {'line': b'-- Up-to-date symlink: /home/ubuntu/px4_ros2_ws/install/px4_msgs/include/px4_msgs/px4_msgs/msg/detail/distance_sensor_mode_change_request__type_support.hpp\n'}
[5.041446] (px4_msgs) StdoutLine: {'line': b'-- Up-to-date symlink: /home/ubuntu/px4_ros2_ws/install/px4_msgs/include/px4_msgs/px4_msgs/msg/detail/dronecan_node_status__builder.hpp\n'}
[5.041550] (px4_msgs) StdoutLine: {'line': b'-- Up-to-date symlink: /home/ubuntu/px4_ros2_ws/install/px4_msgs/include/px4_msgs/px4_msgs/msg/detail/dronecan_node_status__struct.hpp\n'}
[5.041623] (px4_msgs) StdoutLine: {'line': b'-- Up-to-date symlink: /home/ubuntu/px4_ros2_ws/install/px4_msgs/include/px4_msgs/px4_msgs/msg/detail/dronecan_node_status__traits.hpp\n'}
[5.041691] (px4_msgs) StdoutLine: {'line': b'-- Up-to-date symlink: /home/ubuntu/px4_ros2_ws/install/px4_msgs/include/px4_msgs/px4_msgs/msg/detail/dronecan_node_status__type_support.hpp\n'}
[5.041772] (px4_msgs) StdoutLine: {'line': b'-- Up-to-date symlink: /home/ubuntu/px4_ros2_ws/install/px4_msgs/include/px4_msgs/px4_msgs/msg/detail/ekf2_timestamps__builder.hpp\n'}
[5.041837] (px4_msgs) StdoutLine: {'line': b'-- Up-to-date symlink: /home/ubuntu/px4_ros2_ws/install/px4_msgs/include/px4_msgs/px4_msgs/msg/detail/ekf2_timestamps__struct.hpp\n'}
[5.041890] (px4_msgs) StdoutLine: {'line': b'-- Up-to-date symlink: /home/ubuntu/px4_ros2_ws/install/px4_msgs/include/px4_msgs/px4_msgs/msg/detail/ekf2_timestamps__traits.hpp\n'}
[5.041953] (px4_msgs) StdoutLine: {'line': b'-- Up-to-date symlink: /home/ubuntu/px4_ros2_ws/install/px4_msgs/include/px4_msgs/px4_msgs/msg/detail/ekf2_timestamps__type_support.hpp\n'}
[5.042030] (px4_msgs) StdoutLine: {'line': b'-- Up-to-date symlink: /home/ubuntu/px4_ros2_ws/install/px4_msgs/include/px4_msgs/px4_msgs/msg/detail/esc_eeprom_read__builder.hpp\n'}
[5.042111] (px4_msgs) StdoutLine: {'line': b'-- Up-to-date symlink: /home/ubuntu/px4_ros2_ws/install/px4_msgs/include/px4_msgs/px4_msgs/msg/detail/esc_eeprom_read__struct.hpp\n'}
[5.042181] (px4_msgs) StdoutLine: {'line': b'-- Up-to-date symlink: /home/ubuntu/px4_ros2_ws/install/px4_msgs/include/px4_msgs/px4_msgs/msg/detail/esc_eeprom_read__traits.hpp\n'}
[5.042239] (px4_msgs) StdoutLine: {'line': b'-- Up-to-date symlink: /home/ubuntu/px4_ros2_ws/install/px4_msgs/include/px4_msgs/px4_msgs/msg/detail/esc_eeprom_read__type_support.hpp\n'}
[5.042284] (px4_msgs) StdoutLine: {'line': b'-- Up-to-date symlink: /home/ubuntu/px4_ros2_ws/install/px4_msgs/include/px4_msgs/px4_msgs/msg/detail/esc_eeprom_write__builder.hpp\n'}
[5.042334] (px4_msgs) StdoutLine: {'line': b'-- Up-to-date symlink: /home/ubuntu/px4_ros2_ws/install/px4_msgs/include/px4_msgs/px4_msgs/msg/detail/esc_eeprom_write__struct.hpp\n'}
[5.042381] (px4_msgs) StdoutLine: {'line': b'-- Up-to-date symlink: /home/ubuntu/px4_ros2_ws/install/px4_msgs/include/px4_msgs/px4_msgs/msg/detail/esc_eeprom_write__traits.hpp\n'}
[5.042427] (px4_msgs) StdoutLine: {'line': b'-- Up-to-date symlink: /home/ubuntu/px4_ros2_ws/install/px4_msgs/include/px4_msgs/px4_msgs/msg/detail/esc_eeprom_write__type_support.hpp\n'}
[5.042519] (px4_msgs) StdoutLine: {'line': b'-- Up-to-date symlink: /home/ubuntu/px4_ros2_ws/install/px4_msgs/include/px4_msgs/px4_msgs/msg/detail/esc_report__builder.hpp\n'}
[5.042594] (px4_msgs) StdoutLine: {'line': b'-- Up-to-date symlink: /home/ubuntu/px4_ros2_ws/install/px4_msgs/include/px4_msgs/px4_msgs/msg/detail/esc_report__struct.hpp\n'}
[5.042639] (px4_msgs) StdoutLine: {'line': b'-- Up-to-date symlink: /home/ubuntu/px4_ros2_ws/install/px4_msgs/include/px4_msgs/px4_msgs/msg/detail/esc_report__traits.hpp\n'}
[5.042685] (px4_msgs) StdoutLine: {'line': b'-- Up-to-date symlink: /home/ubuntu/px4_ros2_ws/install/px4_msgs/include/px4_msgs/px4_msgs/msg/detail/esc_report__type_support.hpp\n'}
[5.042734] (px4_msgs) StdoutLine: {'line': b'-- Up-to-date symlink: /home/ubuntu/px4_ros2_ws/install/px4_msgs/include/px4_msgs/px4_msgs/msg/detail/esc_status__builder.hpp\n'}
[5.042782] (px4_msgs) StdoutLine: {'line': b'-- Up-to-date symlink: /home/ubuntu/px4_ros2_ws/install/px4_msgs/include/px4_msgs/px4_msgs/msg/detail/esc_status__struct.hpp\n'}
[5.042828] (px4_msgs) StdoutLine: {'line': b'-- Up-to-date symlink: /home/ubuntu/px4_ros2_ws/install/px4_msgs/include/px4_msgs/px4_msgs/msg/detail/esc_status__traits.hpp\n'}
[5.042874] (px4_msgs) StdoutLine: {'line': b'-- Up-to-date symlink: /home/ubuntu/px4_ros2_ws/install/px4_msgs/include/px4_msgs/px4_msgs/msg/detail/esc_status__type_support.hpp\n'}
[5.042920] (px4_msgs) StdoutLine: {'line': b'-- Up-to-date symlink: /home/ubuntu/px4_ros2_ws/install/px4_msgs/include/px4_msgs/px4_msgs/msg/detail/estimator_aid_source1d__builder.hpp\n'}
[5.042966] (px4_msgs) StdoutLine: {'line': b'-- Up-to-date symlink: /home/ubuntu/px4_ros2_ws/install/px4_msgs/include/px4_msgs/px4_msgs/msg/detail/estimator_aid_source1d__struct.hpp\n'}
[5.043012] (px4_msgs) StdoutLine: {'line': b'-- Up-to-date symlink: /home/ubuntu/px4_ros2_ws/install/px4_msgs/include/px4_msgs/px4_msgs/msg/detail/estimator_aid_source1d__traits.hpp\n'}
[5.043058] (px4_msgs) StdoutLine: {'line': b'-- Up-to-date symlink: /home/ubuntu/px4_ros2_ws/install/px4_msgs/include/px4_msgs/px4_msgs/msg/detail/estimator_aid_source1d__type_support.hpp\n'}
[5.043139] (px4_msgs) StdoutLine: {'line': b'-- Up-to-date symlink: /home/ubuntu/px4_ros2_ws/install/px4_msgs/include/px4_msgs/px4_msgs/msg/detail/estimator_aid_source2d__builder.hpp\n'}
[5.043189] (px4_msgs) StdoutLine: {'line': b'-- Up-to-date symlink: /home/ubuntu/px4_ros2_ws/install/px4_msgs/include/px4_msgs/px4_msgs/msg/detail/estimator_aid_source2d__struct.hpp\n'}
[5.043252] (px4_msgs) StdoutLine: {'line': b'-- Up-to-date symlink: /home/ubuntu/px4_ros2_ws/install/px4_msgs/include/px4_msgs/px4_msgs/msg/detail/estimator_aid_source2d__traits.hpp\n'}
[5.043300] (px4_msgs) StdoutLine: {'line': b'-- Up-to-date symlink: /home/ubuntu/px4_ros2_ws/install/px4_msgs/include/px4_msgs/px4_msgs/msg/detail/estimator_aid_source2d__type_support.hpp\n'}
[5.043347] (px4_msgs) StdoutLine: {'line': b'-- Up-to-date symlink: /home/ubuntu/px4_ros2_ws/install/px4_msgs/include/px4_msgs/px4_msgs/msg/detail/estimator_aid_source3d__builder.hpp\n'}
[5.043413] (px4_msgs) StdoutLine: {'line': b'-- Up-to-date symlink: /home/ubuntu/px4_ros2_ws/install/px4_msgs/include/px4_msgs/px4_msgs/msg/detail/estimator_aid_source3d__struct.hpp\n'}
[5.043487] (px4_msgs) StdoutLine: {'line': b'-- Up-to-date symlink: /home/ubuntu/px4_ros2_ws/install/px4_msgs/include/px4_msgs/px4_msgs/msg/detail/estimator_aid_source3d__traits.hpp\n'}
[5.043550] (px4_msgs) StdoutLine: {'line': b'-- Up-to-date symlink: /home/ubuntu/px4_ros2_ws/install/px4_msgs/include/px4_msgs/px4_msgs/msg/detail/estimator_aid_source3d__type_support.hpp\n'}
[5.043597] (px4_msgs) StdoutLine: {'line': b'-- Up-to-date symlink: /home/ubuntu/px4_ros2_ws/install/px4_msgs/include/px4_msgs/px4_msgs/msg/detail/estimator_bias3d__builder.hpp\n'}
[5.043646] (px4_msgs) StdoutLine: {'line': b'-- Up-to-date symlink: /home/ubuntu/px4_ros2_ws/install/px4_msgs/include/px4_msgs/px4_msgs/msg/detail/estimator_bias3d__struct.hpp\n'}
[5.043692] (px4_msgs) StdoutLine: {'line': b'-- Up-to-date symlink: /home/ubuntu/px4_ros2_ws/install/px4_msgs/include/px4_msgs/px4_msgs/msg/detail/estimator_bias3d__traits.hpp\n'}
[5.043739] (px4_msgs) StdoutLine: {'line': b'-- Up-to-date symlink: /home/ubuntu/px4_ros2_ws/install/px4_msgs/include/px4_msgs/px4_msgs/msg/detail/estimator_bias3d__type_support.hpp\n'}
[5.043801] (px4_msgs) StdoutLine: {'line': b'-- Up-to-date symlink: /home/ubuntu/px4_ros2_ws/install/px4_msgs/include/px4_msgs/px4_msgs/msg/detail/estimator_bias__builder.hpp\n'}
[5.043856] (px4_msgs) StdoutLine: {'line': b'-- Up-to-date symlink: /home/ubuntu/px4_ros2_ws/install/px4_msgs/include/px4_msgs/px4_msgs/msg/detail/estimator_bias__struct.hpp\n'}
[5.043939] (px4_msgs) StdoutLine: {'line': b'-- Up-to-date symlink: /home/ubuntu/px4_ros2_ws/install/px4_msgs/include/px4_msgs/px4_msgs/msg/detail/estimator_bias__traits.hpp\n'}
[5.044007] (px4_msgs) StdoutLine: {'line': b'-- Up-to-date symlink: /home/ubuntu/px4_ros2_ws/install/px4_msgs/include/px4_msgs/px4_msgs/msg/detail/estimator_bias__type_support.hpp\n'}
[5.044064] (px4_msgs) StdoutLine: {'line': b'-- Up-to-date symlink: /home/ubuntu/px4_ros2_ws/install/px4_msgs/include/px4_msgs/px4_msgs/msg/detail/estimator_event_flags__builder.hpp\n'}
[5.044138] (px4_msgs) StdoutLine: {'line': b'-- Up-to-date symlink: /home/ubuntu/px4_ros2_ws/install/px4_msgs/include/px4_msgs/px4_msgs/msg/detail/estimator_event_flags__struct.hpp\n'}
[5.044197] (px4_msgs) StdoutLine: {'line': b'-- Up-to-date symlink: /home/ubuntu/px4_ros2_ws/install/px4_msgs/include/px4_msgs/px4_msgs/msg/detail/estimator_event_flags__traits.hpp\n'}
[5.044282] (px4_msgs) StdoutLine: {'line': b'-- Up-to-date symlink: /home/ubuntu/px4_ros2_ws/install/px4_msgs/include/px4_msgs/px4_msgs/msg/detail/estimator_event_flags__type_support.hpp\n'}
[5.044370] (px4_msgs) StdoutLine: {'line': b'-- Up-to-date symlink: /home/ubuntu/px4_ros2_ws/install/px4_msgs/include/px4_msgs/px4_msgs/msg/detail/estimator_fusion_control__builder.hpp\n'}
[5.044419] (px4_msgs) StdoutLine: {'line': b'-- Up-to-date symlink: /home/ubuntu/px4_ros2_ws/install/px4_msgs/include/px4_msgs/px4_msgs/msg/detail/estimator_fusion_control__struct.hpp\n'}
[5.044511] (px4_msgs) StdoutLine: {'line': b'-- Up-to-date symlink: /home/ubuntu/px4_ros2_ws/install/px4_msgs/include/px4_msgs/px4_msgs/msg/detail/estimator_fusion_control__traits.hpp\n'}
[5.044597] (px4_msgs) StdoutLine: {'line': b'-- Up-to-date symlink: /home/ubuntu/px4_ros2_ws/install/px4_msgs/include/px4_msgs/px4_msgs/msg/detail/estimator_fusion_control__type_support.hpp\n'}
[5.044663] (px4_msgs) StdoutLine: {'line': b'-- Up-to-date symlink: /home/ubuntu/px4_ros2_ws/install/px4_msgs/include/px4_msgs/px4_msgs/msg/detail/estimator_gps_status__builder.hpp\n'}
[5.044726] (px4_msgs) StdoutLine: {'line': b'-- Up-to-date symlink: /home/ubuntu/px4_ros2_ws/install/px4_msgs/include/px4_msgs/px4_msgs/msg/detail/estimator_gps_status__struct.hpp\n'}
[5.044770] (px4_msgs) StdoutLine: {'line': b'-- Up-to-date symlink: /home/ubuntu/px4_ros2_ws/install/px4_msgs/include/px4_msgs/px4_msgs/msg/detail/estimator_gps_status__traits.hpp\n'}
[5.044814] (px4_msgs) StdoutLine: {'line': b'-- Up-to-date symlink: /home/ubuntu/px4_ros2_ws/install/px4_msgs/include/px4_msgs/px4_msgs/msg/detail/estimator_gps_status__type_support.hpp\n'}
[5.044858] (px4_msgs) StdoutLine: {'line': b'-- Up-to-date symlink: /home/ubuntu/px4_ros2_ws/install/px4_msgs/include/px4_msgs/px4_msgs/msg/detail/estimator_innovations__builder.hpp\n'}
[5.044904] (px4_msgs) StdoutLine: {'line': b'-- Up-to-date symlink: /home/ubuntu/px4_ros2_ws/install/px4_msgs/include/px4_msgs/px4_msgs/msg/detail/estimator_innovations__struct.hpp\n'}
[5.044949] (px4_msgs) StdoutLine: {'line': b'-- Up-to-date symlink: /home/ubuntu/px4_ros2_ws/install/px4_msgs/include/px4_msgs/px4_msgs/msg/detail/estimator_innovations__traits.hpp\n'}
[5.044995] (px4_msgs) StdoutLine: {'line': b'-- Up-to-date symlink: /home/ubuntu/px4_ros2_ws/install/px4_msgs/include/px4_msgs/px4_msgs/msg/detail/estimator_innovations__type_support.hpp\n'}
[5.045057] (px4_msgs) StdoutLine: {'line': b'-- Up-to-date symlink: /home/ubuntu/px4_ros2_ws/install/px4_msgs/include/px4_msgs/px4_msgs/msg/detail/estimator_selector_status__builder.hpp\n'}
[5.045142] (px4_msgs) StdoutLine: {'line': b'-- Up-to-date symlink: /home/ubuntu/px4_ros2_ws/install/px4_msgs/include/px4_msgs/px4_msgs/msg/detail/estimator_selector_status__struct.hpp\n'}
[5.045208] (px4_msgs) StdoutLine: {'line': b'-- Up-to-date symlink: /home/ubuntu/px4_ros2_ws/install/px4_msgs/include/px4_msgs/px4_msgs/msg/detail/estimator_selector_status__traits.hpp\n'}
[5.045280] (px4_msgs) StdoutLine: {'line': b'-- Up-to-date symlink: /home/ubuntu/px4_ros2_ws/install/px4_msgs/include/px4_msgs/px4_msgs/msg/detail/estimator_selector_status__type_support.hpp\n'}
[5.045328] (px4_msgs) StdoutLine: {'line': b'-- Up-to-date symlink: /home/ubuntu/px4_ros2_ws/install/px4_msgs/include/px4_msgs/px4_msgs/msg/detail/estimator_sensor_bias__builder.hpp\n'}
[5.045387] (px4_msgs) StdoutLine: {'line': b'-- Up-to-date symlink: /home/ubuntu/px4_ros2_ws/install/px4_msgs/include/px4_msgs/px4_msgs/msg/detail/estimator_sensor_bias__struct.hpp\n'}
[5.045441] (px4_msgs) StdoutLine: {'line': b'-- Up-to-date symlink: /home/ubuntu/px4_ros2_ws/install/px4_msgs/include/px4_msgs/px4_msgs/msg/detail/estimator_sensor_bias__traits.hpp\n'}
[5.045523] (px4_msgs) StdoutLine: {'line': b'-- Up-to-date symlink: /home/ubuntu/px4_ros2_ws/install/px4_msgs/include/px4_msgs/px4_msgs/msg/detail/estimator_sensor_bias__type_support.hpp\n'}
[5.045579] (px4_msgs) StdoutLine: {'line': b'-- Up-to-date symlink: /home/ubuntu/px4_ros2_ws/install/px4_msgs/include/px4_msgs/px4_msgs/msg/detail/estimator_states__builder.hpp\n'}
[5.045625] (px4_msgs) StdoutLine: {'line': b'-- Up-to-date symlink: /home/ubuntu/px4_ros2_ws/install/px4_msgs/include/px4_msgs/px4_msgs/msg/detail/estimator_states__struct.hpp\n'}
[5.045683] (px4_msgs) StdoutLine: {'line': b'-- Up-to-date symlink: /home/ubuntu/px4_ros2_ws/install/px4_msgs/include/px4_msgs/px4_msgs/msg/detail/estimator_states__traits.hpp\n'}
[5.045739] (px4_msgs) StdoutLine: {'line': b'-- Up-to-date symlink: /home/ubuntu/px4_ros2_ws/install/px4_msgs/include/px4_msgs/px4_msgs/msg/detail/estimator_states__type_support.hpp\n'}
[5.045796] (px4_msgs) StdoutLine: {'line': b'-- Up-to-date symlink: /home/ubuntu/px4_ros2_ws/install/px4_msgs/include/px4_msgs/px4_msgs/msg/detail/estimator_status__builder.hpp\n'}
[5.045842] (px4_msgs) StdoutLine: {'line': b'-- Up-to-date symlink: /home/ubuntu/px4_ros2_ws/install/px4_msgs/include/px4_msgs/px4_msgs/msg/detail/estimator_status__struct.hpp\n'}
[5.045902] (px4_msgs) StdoutLine: {'line': b'-- Up-to-date symlink: /home/ubuntu/px4_ros2_ws/install/px4_msgs/include/px4_msgs/px4_msgs/msg/detail/estimator_status__traits.hpp\n'}
[5.045949] (px4_msgs) StdoutLine: {'line': b'-- Up-to-date symlink: /home/ubuntu/px4_ros2_ws/install/px4_msgs/include/px4_msgs/px4_msgs/msg/detail/estimator_status__type_support.hpp\n'}
[5.046014] (px4_msgs) StdoutLine: {'line': b'-- Up-to-date symlink: /home/ubuntu/px4_ros2_ws/install/px4_msgs/include/px4_msgs/px4_msgs/msg/detail/estimator_status_flags__builder.hpp\n'}
[5.046058] (px4_msgs) StdoutLine: {'line': b'-- Up-to-date symlink: /home/ubuntu/px4_ros2_ws/install/px4_msgs/include/px4_msgs/px4_msgs/msg/detail/estimator_status_flags__struct.hpp\n'}
[5.046102] (px4_msgs) StdoutLine: {'line': b'-- Up-to-date symlink: /home/ubuntu/px4_ros2_ws/install/px4_msgs/include/px4_msgs/px4_msgs/msg/detail/estimator_status_flags__traits.hpp\n'}
[5.046147] (px4_msgs) StdoutLine: {'line': b'-- Up-to-date symlink: /home/ubuntu/px4_ros2_ws/install/px4_msgs/include/px4_msgs/px4_msgs/msg/detail/estimator_status_flags__type_support.hpp\n'}
[5.046193] (px4_msgs) StdoutLine: {'line': b'-- Up-to-date symlink: /home/ubuntu/px4_ros2_ws/install/px4_msgs/include/px4_msgs/px4_msgs/msg/detail/event__builder.hpp\n'}
[5.046235] (px4_msgs) StdoutLine: {'line': b'-- Up-to-date symlink: /home/ubuntu/px4_ros2_ws/install/px4_msgs/include/px4_msgs/px4_msgs/msg/detail/event__struct.hpp\n'}
[5.046278] (px4_msgs) StdoutLine: {'line': b'-- Up-to-date symlink: /home/ubuntu/px4_ros2_ws/install/px4_msgs/include/px4_msgs/px4_msgs/msg/detail/event__traits.hpp\n'}
[5.046336] (px4_msgs) StdoutLine: {'line': b'-- Up-to-date symlink: /home/ubuntu/px4_ros2_ws/install/px4_msgs/include/px4_msgs/px4_msgs/msg/detail/event__type_support.hpp\n'}
[5.046386] (px4_msgs) StdoutLine: {'line': b'-- Up-to-date symlink: /home/ubuntu/px4_ros2_ws/install/px4_msgs/include/px4_msgs/px4_msgs/msg/detail/failsafe_flags__builder.hpp\n'}
[5.046494] (px4_msgs) StdoutLine: {'line': b'-- Up-to-date symlink: /home/ubuntu/px4_ros2_ws/install/px4_msgs/include/px4_msgs/px4_msgs/msg/detail/failsafe_flags__struct.hpp\n'}
[5.046554] (px4_msgs) StdoutLine: {'line': b'-- Up-to-date symlink: /home/ubuntu/px4_ros2_ws/install/px4_msgs/include/px4_msgs/px4_msgs/msg/detail/failsafe_flags__traits.hpp\n'}
[5.046601] (px4_msgs) StdoutLine: {'line': b'-- Up-to-date symlink: /home/ubuntu/px4_ros2_ws/install/px4_msgs/include/px4_msgs/px4_msgs/msg/detail/failsafe_flags__type_support.hpp\n'}
[5.046661] (px4_msgs) StdoutLine: {'line': b'-- Up-to-date symlink: /home/ubuntu/px4_ros2_ws/install/px4_msgs/include/px4_msgs/px4_msgs/msg/detail/failure_detector_status__builder.hpp\n'}
[5.046707] (px4_msgs) StdoutLine: {'line': b'-- Up-to-date symlink: /home/ubuntu/px4_ros2_ws/install/px4_msgs/include/px4_msgs/px4_msgs/msg/detail/failure_detector_status__struct.hpp\n'}
[5.046770] (px4_msgs) StdoutLine: {'line': b'-- Up-to-date symlink: /home/ubuntu/px4_ros2_ws/install/px4_msgs/include/px4_msgs/px4_msgs/msg/detail/failure_detector_status__traits.hpp\n'}
[5.046819] (px4_msgs) StdoutLine: {'line': b'-- Up-to-date symlink: /home/ubuntu/px4_ros2_ws/install/px4_msgs/include/px4_msgs/px4_msgs/msg/detail/failure_detector_status__type_support.hpp\n'}
[5.046865] (px4_msgs) StdoutLine: {'line': b'-- Up-to-date symlink: /home/ubuntu/px4_ros2_ws/install/px4_msgs/include/px4_msgs/px4_msgs/msg/detail/failure_injection__builder.hpp\n'}
[5.046927] (px4_msgs) StdoutLine: {'line': b'-- Up-to-date symlink: /home/ubuntu/px4_ros2_ws/install/px4_msgs/include/px4_msgs/px4_msgs/msg/detail/failure_injection__struct.hpp\n'}
[5.046971] (px4_msgs) StdoutLine: {'line': b'-- Up-to-date symlink: /home/ubuntu/px4_ros2_ws/install/px4_msgs/include/px4_msgs/px4_msgs/msg/detail/failure_injection__traits.hpp\n'}
[5.047015] (px4_msgs) StdoutLine: {'line': b'-- Up-to-date symlink: /home/ubuntu/px4_ros2_ws/install/px4_msgs/include/px4_msgs/px4_msgs/msg/detail/failure_injection__type_support.hpp\n'}
[5.047082] (px4_msgs) StdoutLine: {'line': b'-- Up-to-date symlink: /home/ubuntu/px4_ros2_ws/install/px4_msgs/include/px4_msgs/px4_msgs/msg/detail/fiducial_marker_pos_report__builder.hpp\n'}
[5.047129] (px4_msgs) StdoutLine: {'line': b'-- Up-to-date symlink: /home/ubuntu/px4_ros2_ws/install/px4_msgs/include/px4_msgs/px4_msgs/msg/detail/fiducial_marker_pos_report__struct.hpp\n'}
[5.047179] (px4_msgs) StdoutLine: {'line': b'-- Up-to-date symlink: /home/ubuntu/px4_ros2_ws/install/px4_msgs/include/px4_msgs/px4_msgs/msg/detail/fiducial_marker_pos_report__traits.hpp\n'}
[5.047225] (px4_msgs) StdoutLine: {'line': b'-- Up-to-date symlink: /home/ubuntu/px4_ros2_ws/install/px4_msgs/include/px4_msgs/px4_msgs/msg/detail/fiducial_marker_pos_report__type_support.hpp\n'}
[5.047269] (px4_msgs) StdoutLine: {'line': b'-- Up-to-date symlink: /home/ubuntu/px4_ros2_ws/install/px4_msgs/include/px4_msgs/px4_msgs/msg/detail/fiducial_marker_yaw_report__builder.hpp\n'}
[5.047314] (px4_msgs) StdoutLine: {'line': b'-- Up-to-date symlink: /home/ubuntu/px4_ros2_ws/install/px4_msgs/include/px4_msgs/px4_msgs/msg/detail/fiducial_marker_yaw_report__struct.hpp\n'}
[5.047393] (px4_msgs) StdoutLine: {'line': b'-- Up-to-date symlink: /home/ubuntu/px4_ros2_ws/install/px4_msgs/include/px4_msgs/px4_msgs/msg/detail/fiducial_marker_yaw_report__traits.hpp\n'}
[5.047439] (px4_msgs) StdoutLine: {'line': b'-- Up-to-date symlink: /home/ubuntu/px4_ros2_ws/install/px4_msgs/include/px4_msgs/px4_msgs/msg/detail/fiducial_marker_yaw_report__type_support.hpp\n'}
[5.047504] (px4_msgs) StdoutLine: {'line': b'-- Up-to-date symlink: /home/ubuntu/px4_ros2_ws/install/px4_msgs/include/px4_msgs/px4_msgs/msg/detail/figure_eight_status__builder.hpp\n'}
[5.047558] (px4_msgs) StdoutLine: {'line': b'-- Up-to-date symlink: /home/ubuntu/px4_ros2_ws/install/px4_msgs/include/px4_msgs/px4_msgs/msg/detail/figure_eight_status__struct.hpp\n'}
[5.047603] (px4_msgs) StdoutLine: {'line': b'-- Up-to-date symlink: /home/ubuntu/px4_ros2_ws/install/px4_msgs/include/px4_msgs/px4_msgs/msg/detail/figure_eight_status__traits.hpp\n'}
[5.047661] (px4_msgs) StdoutLine: {'line': b'-- Up-to-date symlink: /home/ubuntu/px4_ros2_ws/install/px4_msgs/include/px4_msgs/px4_msgs/msg/detail/figure_eight_status__type_support.hpp\n'}
[5.047705] (px4_msgs) StdoutLine: {'line': b'-- Up-to-date symlink: /home/ubuntu/px4_ros2_ws/install/px4_msgs/include/px4_msgs/px4_msgs/msg/detail/fixed_wing_lateral_guidance_status__builder.hpp\n'}
[5.047768] (px4_msgs) StdoutLine: {'line': b'-- Up-to-date symlink: /home/ubuntu/px4_ros2_ws/install/px4_msgs/include/px4_msgs/px4_msgs/msg/detail/fixed_wing_lateral_guidance_status__struct.hpp\n'}
[5.047813] (px4_msgs) StdoutLine: {'line': b'-- Up-to-date symlink: /home/ubuntu/px4_ros2_ws/install/px4_msgs/include/px4_msgs/px4_msgs/msg/detail/fixed_wing_lateral_guidance_status__traits.hpp\n'}
[5.047878] (px4_msgs) StdoutLine: {'line': b'-- Up-to-date symlink: /home/ubuntu/px4_ros2_ws/install/px4_msgs/include/px4_msgs/px4_msgs/msg/detail/fixed_wing_lateral_guidance_status__type_support.hpp\n'}
[5.047936] (px4_msgs) StdoutLine: {'line': b'-- Up-to-date symlink: /home/ubuntu/px4_ros2_ws/install/px4_msgs/include/px4_msgs/px4_msgs/msg/detail/fixed_wing_lateral_setpoint__builder.hpp\n'}
[5.047984] (px4_msgs) StdoutLine: {'line': b'-- Up-to-date symlink: /home/ubuntu/px4_ros2_ws/install/px4_msgs/include/px4_msgs/px4_msgs/msg/detail/fixed_wing_lateral_setpoint__struct.hpp\n'}
[5.048029] (px4_msgs) StdoutLine: {'line': b'-- Up-to-date symlink: /home/ubuntu/px4_ros2_ws/install/px4_msgs/include/px4_msgs/px4_msgs/msg/detail/fixed_wing_lateral_setpoint__traits.hpp\n'}
[5.048094] (px4_msgs) StdoutLine: {'line': b'-- Up-to-date symlink: /home/ubuntu/px4_ros2_ws/install/px4_msgs/include/px4_msgs/px4_msgs/msg/detail/fixed_wing_lateral_setpoint__type_support.hpp\n'}
[5.048154] (px4_msgs) StdoutLine: {'line': b'-- Up-to-date symlink: /home/ubuntu/px4_ros2_ws/install/px4_msgs/include/px4_msgs/px4_msgs/msg/detail/fixed_wing_lateral_status__builder.hpp\n'}
[5.048214] (px4_msgs) StdoutLine: {'line': b'-- Up-to-date symlink: /home/ubuntu/px4_ros2_ws/install/px4_msgs/include/px4_msgs/px4_msgs/msg/detail/fixed_wing_lateral_status__struct.hpp\n'}
[5.048279] (px4_msgs) StdoutLine: {'line': b'-- Up-to-date symlink: /home/ubuntu/px4_ros2_ws/install/px4_msgs/include/px4_msgs/px4_msgs/msg/detail/fixed_wing_lateral_status__traits.hpp\n'}
[5.048325] (px4_msgs) StdoutLine: {'line': b'-- Up-to-date symlink: /home/ubuntu/px4_ros2_ws/install/px4_msgs/include/px4_msgs/px4_msgs/msg/detail/fixed_wing_lateral_status__type_support.hpp\n'}
[5.048388] (px4_msgs) StdoutLine: {'line': b'-- Up-to-date symlink: /home/ubuntu/px4_ros2_ws/install/px4_msgs/include/px4_msgs/px4_msgs/msg/detail/fixed_wing_longitudinal_setpoint__builder.hpp\n'}
[5.048439] (px4_msgs) StdoutLine: {'line': b'-- Up-to-date symlink: /home/ubuntu/px4_ros2_ws/install/px4_msgs/include/px4_msgs/px4_msgs/msg/detail/fixed_wing_longitudinal_setpoint__struct.hpp\n'}
[5.048520] (px4_msgs) StdoutLine: {'line': b'-- Up-to-date symlink: /home/ubuntu/px4_ros2_ws/install/px4_msgs/include/px4_msgs/px4_msgs/msg/detail/fixed_wing_longitudinal_setpoint__traits.hpp\n'}
[5.048560] (px4_msgs) StdoutLine: {'line': b'-- Up-to-date symlink: /home/ubuntu/px4_ros2_ws/install/px4_msgs/include/px4_msgs/px4_msgs/msg/detail/fixed_wing_longitudinal_setpoint__type_support.hpp\n'}
[5.048588] (px4_msgs) StdoutLine: {'line': b'-- Up-to-date symlink: /home/ubuntu/px4_ros2_ws/install/px4_msgs/include/px4_msgs/px4_msgs/msg/detail/fixed_wing_runway_control__builder.hpp\n'}
[5.048616] (px4_msgs) StdoutLine: {'line': b'-- Up-to-date symlink: /home/ubuntu/px4_ros2_ws/install/px4_msgs/include/px4_msgs/px4_msgs/msg/detail/fixed_wing_runway_control__struct.hpp\n'}
[5.048644] (px4_msgs) StdoutLine: {'line': b'-- Up-to-date symlink: /home/ubuntu/px4_ros2_ws/install/px4_msgs/include/px4_msgs/px4_msgs/msg/detail/fixed_wing_runway_control__traits.hpp\n'}
[5.048671] (px4_msgs) StdoutLine: {'line': b'-- Up-to-date symlink: /home/ubuntu/px4_ros2_ws/install/px4_msgs/include/px4_msgs/px4_msgs/msg/detail/fixed_wing_runway_control__type_support.hpp\n'}
[5.048701] (px4_msgs) StdoutLine: {'line': b'-- Up-to-date symlink: /home/ubuntu/px4_ros2_ws/install/px4_msgs/include/px4_msgs/px4_msgs/msg/detail/flight_phase_estimation__builder.hpp\n'}
[5.048729] (px4_msgs) StdoutLine: {'line': b'-- Up-to-date symlink: /home/ubuntu/px4_ros2_ws/install/px4_msgs/include/px4_msgs/px4_msgs/msg/detail/flight_phase_estimation__struct.hpp\n'}
[5.048758] (px4_msgs) StdoutLine: {'line': b'-- Up-to-date symlink: /home/ubuntu/px4_ros2_ws/install/px4_msgs/include/px4_msgs/px4_msgs/msg/detail/flight_phase_estimation__traits.hpp\n'}
[5.048815] (px4_msgs) StdoutLine: {'line': b'-- Up-to-date symlink: /home/ubuntu/px4_ros2_ws/install/px4_msgs/include/px4_msgs/px4_msgs/msg/detail/flight_phase_estimation__type_support.hpp\n'}
[5.048842] (px4_msgs) StdoutLine: {'line': b'-- Up-to-date symlink: /home/ubuntu/px4_ros2_ws/install/px4_msgs/include/px4_msgs/px4_msgs/msg/detail/follow_target__builder.hpp\n'}
[5.048871] (px4_msgs) StdoutLine: {'line': b'-- Up-to-date symlink: /home/ubuntu/px4_ros2_ws/install/px4_msgs/include/px4_msgs/px4_msgs/msg/detail/follow_target__struct.hpp\n'}
[5.048900] (px4_msgs) StdoutLine: {'line': b'-- Up-to-date symlink: /home/ubuntu/px4_ros2_ws/install/px4_msgs/include/px4_msgs/px4_msgs/msg/detail/follow_target__traits.hpp\n'}
[5.048931] (px4_msgs) StdoutLine: {'line': b'-- Up-to-date symlink: /home/ubuntu/px4_ros2_ws/install/px4_msgs/include/px4_msgs/px4_msgs/msg/detail/follow_target__type_support.hpp\n'}
[5.048963] (px4_msgs) StdoutLine: {'line': b'-- Up-to-date symlink: /home/ubuntu/px4_ros2_ws/install/px4_msgs/include/px4_msgs/px4_msgs/msg/detail/follow_target_estimator__builder.hpp\n'}
[5.049005] (px4_msgs) StdoutLine: {'line': b'-- Up-to-date symlink: /home/ubuntu/px4_ros2_ws/install/px4_msgs/include/px4_msgs/px4_msgs/msg/detail/follow_target_estimator__struct.hpp\n'}
[5.049033] (px4_msgs) StdoutLine: {'line': b'-- Up-to-date symlink: /home/ubuntu/px4_ros2_ws/install/px4_msgs/include/px4_msgs/px4_msgs/msg/detail/follow_target_estimator__traits.hpp\n'}
[5.049060] (px4_msgs) StdoutLine: {'line': b'-- Up-to-date symlink: /home/ubuntu/px4_ros2_ws/install/px4_msgs/include/px4_msgs/px4_msgs/msg/detail/follow_target_estimator__type_support.hpp\n'}
[5.049101] (px4_msgs) StdoutLine: {'line': b'-- Up-to-date symlink: /home/ubuntu/px4_ros2_ws/install/px4_msgs/include/px4_msgs/px4_msgs/msg/detail/follow_target_status__builder.hpp\n'}
[5.049129] (px4_msgs) StdoutLine: {'line': b'-- Up-to-date symlink: /home/ubuntu/px4_ros2_ws/install/px4_msgs/include/px4_msgs/px4_msgs/msg/detail/follow_target_status__struct.hpp\n'}
[5.049157] (px4_msgs) StdoutLine: {'line': b'-- Up-to-date symlink: /home/ubuntu/px4_ros2_ws/install/px4_msgs/include/px4_msgs/px4_msgs/msg/detail/follow_target_status__traits.hpp\n'}
[5.049187] (px4_msgs) StdoutLine: {'line': b'-- Up-to-date symlink: /home/ubuntu/px4_ros2_ws/install/px4_msgs/include/px4_msgs/px4_msgs/msg/detail/follow_target_status__type_support.hpp\n'}
[5.049217] (px4_msgs) StdoutLine: {'line': b'-- Up-to-date symlink: /home/ubuntu/px4_ros2_ws/install/px4_msgs/include/px4_msgs/px4_msgs/msg/detail/fuel_tank_status__builder.hpp\n'}
[5.049262] (px4_msgs) StdoutLine: {'line': b'-- Up-to-date symlink: /home/ubuntu/px4_ros2_ws/install/px4_msgs/include/px4_msgs/px4_msgs/msg/detail/fuel_tank_status__struct.hpp\n'}
[5.049289] (px4_msgs) StdoutLine: {'line': b'-- Up-to-date symlink: /home/ubuntu/px4_ros2_ws/install/px4_msgs/include/px4_msgs/px4_msgs/msg/detail/fuel_tank_status__traits.hpp\n'}
[5.049316] (px4_msgs) StdoutLine: {'line': b'-- Up-to-date symlink: /home/ubuntu/px4_ros2_ws/install/px4_msgs/include/px4_msgs/px4_msgs/msg/detail/fuel_tank_status__type_support.hpp\n'}
[5.049344] (px4_msgs) StdoutLine: {'line': b'-- Up-to-date symlink: /home/ubuntu/px4_ros2_ws/install/px4_msgs/include/px4_msgs/px4_msgs/msg/detail/gain_compression__builder.hpp\n'}
[5.049371] (px4_msgs) StdoutLine: {'line': b'-- Up-to-date symlink: /home/ubuntu/px4_ros2_ws/install/px4_msgs/include/px4_msgs/px4_msgs/msg/detail/gain_compression__struct.hpp\n'}
[5.049398] (px4_msgs) StdoutLine: {'line': b'-- Up-to-date symlink: /home/ubuntu/px4_ros2_ws/install/px4_msgs/include/px4_msgs/px4_msgs/msg/detail/gain_compression__traits.hpp\n'}
[5.049424] (px4_msgs) StdoutLine: {'line': b'-- Up-to-date symlink: /home/ubuntu/px4_ros2_ws/install/px4_msgs/include/px4_msgs/px4_msgs/msg/detail/gain_compression__type_support.hpp\n'}
[5.049456] (px4_msgs) StdoutLine: {'line': b'-- Up-to-date symlink: /home/ubuntu/px4_ros2_ws/install/px4_msgs/include/px4_msgs/px4_msgs/msg/detail/generator_status__builder.hpp\n'}
[5.049504] (px4_msgs) StdoutLine: {'line': b'-- Up-to-date symlink: /home/ubuntu/px4_ros2_ws/install/px4_msgs/include/px4_msgs/px4_msgs/msg/detail/generator_status__struct.hpp\n'}
[5.049534] (px4_msgs) StdoutLine: {'line': b'-- Up-to-date symlink: /home/ubuntu/px4_ros2_ws/install/px4_msgs/include/px4_msgs/px4_msgs/msg/detail/generator_status__traits.hpp\n'}
[5.049562] (px4_msgs) StdoutLine: {'line': b'-- Up-to-date symlink: /home/ubuntu/px4_ros2_ws/install/px4_msgs/include/px4_msgs/px4_msgs/msg/detail/generator_status__type_support.hpp\n'}
[5.049590] (px4_msgs) StdoutLine: {'line': b'-- Up-to-date symlink: /home/ubuntu/px4_ros2_ws/install/px4_msgs/include/px4_msgs/px4_msgs/msg/detail/geofence_result__builder.hpp\n'}
[5.049617] (px4_msgs) StdoutLine: {'line': b'-- Up-to-date symlink: /home/ubuntu/px4_ros2_ws/install/px4_msgs/include/px4_msgs/px4_msgs/msg/detail/geofence_result__struct.hpp\n'}
[5.049648] (px4_msgs) StdoutLine: {'line': b'-- Up-to-date symlink: /home/ubuntu/px4_ros2_ws/install/px4_msgs/include/px4_msgs/px4_msgs/msg/detail/geofence_result__traits.hpp\n'}
[5.049677] (px4_msgs) StdoutLine: {'line': b'-- Up-to-date symlink: /home/ubuntu/px4_ros2_ws/install/px4_msgs/include/px4_msgs/px4_msgs/msg/detail/geofence_result__type_support.hpp\n'}
[5.049705] (px4_msgs) StdoutLine: {'line': b'-- Up-to-date symlink: /home/ubuntu/px4_ros2_ws/install/px4_msgs/include/px4_msgs/px4_msgs/msg/detail/geofence_status__builder.hpp\n'}
[5.049756] (px4_msgs) StdoutLine: {'line': b'-- Up-to-date symlink: /home/ubuntu/px4_ros2_ws/install/px4_msgs/include/px4_msgs/px4_msgs/msg/detail/geofence_status__struct.hpp\n'}
[5.049793] (px4_msgs) StdoutLine: {'line': b'-- Up-to-date symlink: /home/ubuntu/px4_ros2_ws/install/px4_msgs/include/px4_msgs/px4_msgs/msg/detail/geofence_status__traits.hpp\n'}
[5.049822] (px4_msgs) StdoutLine: {'line': b'-- Up-to-date symlink: /home/ubuntu/px4_ros2_ws/install/px4_msgs/include/px4_msgs/px4_msgs/msg/detail/geofence_status__type_support.hpp\n'}
[5.049850] (px4_msgs) StdoutLine: {'line': b'-- Up-to-date symlink: /home/ubuntu/px4_ros2_ws/install/px4_msgs/include/px4_msgs/px4_msgs/msg/detail/gimbal_controls__builder.hpp\n'}
[5.049879] (px4_msgs) StdoutLine: {'line': b'-- Up-to-date symlink: /home/ubuntu/px4_ros2_ws/install/px4_msgs/include/px4_msgs/px4_msgs/msg/detail/gimbal_controls__struct.hpp\n'}
[5.049908] (px4_msgs) StdoutLine: {'line': b'-- Up-to-date symlink: /home/ubuntu/px4_ros2_ws/install/px4_msgs/include/px4_msgs/px4_msgs/msg/detail/gimbal_controls__traits.hpp\n'}
[5.049936] (px4_msgs) StdoutLine: {'line': b'-- Up-to-date symlink: /home/ubuntu/px4_ros2_ws/install/px4_msgs/include/px4_msgs/px4_msgs/msg/detail/gimbal_controls__type_support.hpp\n'}
[5.049963] (px4_msgs) StdoutLine: {'line': b'-- Up-to-date symlink: /home/ubuntu/px4_ros2_ws/install/px4_msgs/include/px4_msgs/px4_msgs/msg/detail/gimbal_device_attitude_status__builder.hpp\n'}
[5.049991] (px4_msgs) StdoutLine: {'line': b'-- Up-to-date symlink: /home/ubuntu/px4_ros2_ws/install/px4_msgs/include/px4_msgs/px4_msgs/msg/detail/gimbal_device_attitude_status__struct.hpp\n'}
[5.050019] (px4_msgs) StdoutLine: {'line': b'-- Up-to-date symlink: /home/ubuntu/px4_ros2_ws/install/px4_msgs/include/px4_msgs/px4_msgs/msg/detail/gimbal_device_attitude_status__traits.hpp\n'}
[5.050046] (px4_msgs) StdoutLine: {'line': b'-- Up-to-date symlink: /home/ubuntu/px4_ros2_ws/install/px4_msgs/include/px4_msgs/px4_msgs/msg/detail/gimbal_device_attitude_status__type_support.hpp\n'}
[5.050077] (px4_msgs) StdoutLine: {'line': b'-- Up-to-date symlink: /home/ubuntu/px4_ros2_ws/install/px4_msgs/include/px4_msgs/px4_msgs/msg/detail/gimbal_device_information__builder.hpp\n'}
[5.050117] (px4_msgs) StdoutLine: {'line': b'-- Up-to-date symlink: /home/ubuntu/px4_ros2_ws/install/px4_msgs/include/px4_msgs/px4_msgs/msg/detail/gimbal_device_information__struct.hpp\n'}
[5.050147] (px4_msgs) StdoutLine: {'line': b'-- Up-to-date symlink: /home/ubuntu/px4_ros2_ws/install/px4_msgs/include/px4_msgs/px4_msgs/msg/detail/gimbal_device_information__traits.hpp\n'}
[5.050177] (px4_msgs) StdoutLine: {'line': b'-- Up-to-date symlink: /home/ubuntu/px4_ros2_ws/install/px4_msgs/include/px4_msgs/px4_msgs/msg/detail/gimbal_device_information__type_support.hpp\n'}
[5.050205] (px4_msgs) StdoutLine: {'line': b'-- Up-to-date symlink: /home/ubuntu/px4_ros2_ws/install/px4_msgs/include/px4_msgs/px4_msgs/msg/detail/gimbal_device_set_attitude__builder.hpp\n'}
[5.050234] (px4_msgs) StdoutLine: {'line': b'-- Up-to-date symlink: /home/ubuntu/px4_ros2_ws/install/px4_msgs/include/px4_msgs/px4_msgs/msg/detail/gimbal_device_set_attitude__struct.hpp\n'}
[5.050263] (px4_msgs) StdoutLine: {'line': b'-- Up-to-date symlink: /home/ubuntu/px4_ros2_ws/install/px4_msgs/include/px4_msgs/px4_msgs/msg/detail/gimbal_device_set_attitude__traits.hpp\n'}
[5.050291] (px4_msgs) StdoutLine: {'line': b'-- Up-to-date symlink: /home/ubuntu/px4_ros2_ws/install/px4_msgs/include/px4_msgs/px4_msgs/msg/detail/gimbal_device_set_attitude__type_support.hpp\n'}
[5.050319] (px4_msgs) StdoutLine: {'line': b'-- Up-to-date symlink: /home/ubuntu/px4_ros2_ws/install/px4_msgs/include/px4_msgs/px4_msgs/msg/detail/gimbal_manager_information__builder.hpp\n'}
[5.050346] (px4_msgs) StdoutLine: {'line': b'-- Up-to-date symlink: /home/ubuntu/px4_ros2_ws/install/px4_msgs/include/px4_msgs/px4_msgs/msg/detail/gimbal_manager_information__struct.hpp\n'}
[5.050374] (px4_msgs) StdoutLine: {'line': b'-- Up-to-date symlink: /home/ubuntu/px4_ros2_ws/install/px4_msgs/include/px4_msgs/px4_msgs/msg/detail/gimbal_manager_information__traits.hpp\n'}
[5.050402] (px4_msgs) StdoutLine: {'line': b'-- Up-to-date symlink: /home/ubuntu/px4_ros2_ws/install/px4_msgs/include/px4_msgs/px4_msgs/msg/detail/gimbal_manager_information__type_support.hpp\n'}
[5.050448] (px4_msgs) StdoutLine: {'line': b'-- Up-to-date symlink: /home/ubuntu/px4_ros2_ws/install/px4_msgs/include/px4_msgs/px4_msgs/msg/detail/gimbal_manager_set_attitude__builder.hpp\n'}
[5.050513] (px4_msgs) StdoutLine: {'line': b'-- Up-to-date symlink: /home/ubuntu/px4_ros2_ws/install/px4_msgs/include/px4_msgs/px4_msgs/msg/detail/gimbal_manager_set_attitude__struct.hpp\n'}
[5.050541] (px4_msgs) StdoutLine: {'line': b'-- Up-to-date symlink: /home/ubuntu/px4_ros2_ws/install/px4_msgs/include/px4_msgs/px4_msgs/msg/detail/gimbal_manager_set_attitude__traits.hpp\n'}
[5.050571] (px4_msgs) StdoutLine: {'line': b'-- Up-to-date symlink: /home/ubuntu/px4_ros2_ws/install/px4_msgs/include/px4_msgs/px4_msgs/msg/detail/gimbal_manager_set_attitude__type_support.hpp\n'}
[5.050599] (px4_msgs) StdoutLine: {'line': b'-- Up-to-date symlink: /home/ubuntu/px4_ros2_ws/install/px4_msgs/include/px4_msgs/px4_msgs/msg/detail/gimbal_manager_set_manual_control__builder.hpp\n'}
[5.050629] (px4_msgs) StdoutLine: {'line': b'-- Up-to-date symlink: /home/ubuntu/px4_ros2_ws/install/px4_msgs/include/px4_msgs/px4_msgs/msg/detail/gimbal_manager_set_manual_control__struct.hpp\n'}
[5.050676] (px4_msgs) StdoutLine: {'line': b'-- Up-to-date symlink: /home/ubuntu/px4_ros2_ws/install/px4_msgs/include/px4_msgs/px4_msgs/msg/detail/gimbal_manager_set_manual_control__traits.hpp\n'}
[5.050706] (px4_msgs) StdoutLine: {'line': b'-- Up-to-date symlink: /home/ubuntu/px4_ros2_ws/install/px4_msgs/include/px4_msgs/px4_msgs/msg/detail/gimbal_manager_set_manual_control__type_support.hpp\n'}
[5.050743] (px4_msgs) StdoutLine: {'line': b'-- Up-to-date symlink: /home/ubuntu/px4_ros2_ws/install/px4_msgs/include/px4_msgs/px4_msgs/msg/detail/gimbal_manager_status__builder.hpp\n'}
[5.050773] (px4_msgs) StdoutLine: {'line': b'-- Up-to-date symlink: /home/ubuntu/px4_ros2_ws/install/px4_msgs/include/px4_msgs/px4_msgs/msg/detail/gimbal_manager_status__struct.hpp\n'}
[5.050803] (px4_msgs) StdoutLine: {'line': b'-- Up-to-date symlink: /home/ubuntu/px4_ros2_ws/install/px4_msgs/include/px4_msgs/px4_msgs/msg/detail/gimbal_manager_status__traits.hpp\n'}
[5.050833] (px4_msgs) StdoutLine: {'line': b'-- Up-to-date symlink: /home/ubuntu/px4_ros2_ws/install/px4_msgs/include/px4_msgs/px4_msgs/msg/detail/gimbal_manager_status__type_support.hpp\n'}
[5.050863] (px4_msgs) StdoutLine: {'line': b'-- Up-to-date symlink: /home/ubuntu/px4_ros2_ws/install/px4_msgs/include/px4_msgs/px4_msgs/msg/detail/goto_setpoint__builder.hpp\n'}
[5.050892] (px4_msgs) StdoutLine: {'line': b'-- Up-to-date symlink: /home/ubuntu/px4_ros2_ws/install/px4_msgs/include/px4_msgs/px4_msgs/msg/detail/goto_setpoint__struct.hpp\n'}
[5.050922] (px4_msgs) StdoutLine: {'line': b'-- Up-to-date symlink: /home/ubuntu/px4_ros2_ws/install/px4_msgs/include/px4_msgs/px4_msgs/msg/detail/goto_setpoint__traits.hpp\n'}
[5.050950] (px4_msgs) StdoutLine: {'line': b'-- Up-to-date symlink: /home/ubuntu/px4_ros2_ws/install/px4_msgs/include/px4_msgs/px4_msgs/msg/detail/goto_setpoint__type_support.hpp\n'}
[5.050978] (px4_msgs) StdoutLine: {'line': b'-- Up-to-date symlink: /home/ubuntu/px4_ros2_ws/install/px4_msgs/include/px4_msgs/px4_msgs/msg/detail/gpio_config__builder.hpp\n'}
[5.051022] (px4_msgs) StdoutLine: {'line': b'-- Up-to-date symlink: /home/ubuntu/px4_ros2_ws/install/px4_msgs/include/px4_msgs/px4_msgs/msg/detail/gpio_config__struct.hpp\n'}
[5.051052] (px4_msgs) StdoutLine: {'line': b'-- Up-to-date symlink: /home/ubuntu/px4_ros2_ws/install/px4_msgs/include/px4_msgs/px4_msgs/msg/detail/gpio_config__traits.hpp\n'}
[5.051083] (px4_msgs) StdoutLine: {'line': b'-- Up-to-date symlink: /home/ubuntu/px4_ros2_ws/install/px4_msgs/include/px4_msgs/px4_msgs/msg/detail/gpio_config__type_support.hpp\n'}
[5.051115] (px4_msgs) StdoutLine: {'line': b'-- Up-to-date symlink: /home/ubuntu/px4_ros2_ws/install/px4_msgs/include/px4_msgs/px4_msgs/msg/detail/gpio_in__builder.hpp\n'}
[5.051184] (px4_msgs) StdoutLine: {'line': b'-- Up-to-date symlink: /home/ubuntu/px4_ros2_ws/install/px4_msgs/include/px4_msgs/px4_msgs/msg/detail/gpio_in__struct.hpp\n'}
[5.051241] (px4_msgs) StdoutLine: {'line': b'-- Up-to-date symlink: /home/ubuntu/px4_ros2_ws/install/px4_msgs/include/px4_msgs/px4_msgs/msg/detail/gpio_in__traits.hpp\n'}
[5.051288] (px4_msgs) StdoutLine: {'line': b'-- Up-to-date symlink: /home/ubuntu/px4_ros2_ws/install/px4_msgs/include/px4_msgs/px4_msgs/msg/detail/gpio_in__type_support.hpp\n'}
[5.051318] (px4_msgs) StdoutLine: {'line': b'-- Up-to-date symlink: /home/ubuntu/px4_ros2_ws/install/px4_msgs/include/px4_msgs/px4_msgs/msg/detail/gpio_out__builder.hpp\n'}
[5.051348] (px4_msgs) StdoutLine: {'line': b'-- Up-to-date symlink: /home/ubuntu/px4_ros2_ws/install/px4_msgs/include/px4_msgs/px4_msgs/msg/detail/gpio_out__struct.hpp\n'}
[5.051393] (px4_msgs) StdoutLine: {'line': b'-- Up-to-date symlink: /home/ubuntu/px4_ros2_ws/install/px4_msgs/include/px4_msgs/px4_msgs/msg/detail/gpio_out__traits.hpp\n'}
[5.051431] (px4_msgs) StdoutLine: {'line': b'-- Up-to-date symlink: /home/ubuntu/px4_ros2_ws/install/px4_msgs/include/px4_msgs/px4_msgs/msg/detail/gpio_out__type_support.hpp\n'}
[5.051471] (px4_msgs) StdoutLine: {'line': b'-- Up-to-date symlink: /home/ubuntu/px4_ros2_ws/install/px4_msgs/include/px4_msgs/px4_msgs/msg/detail/gpio_request__builder.hpp\n'}
[5.051513] (px4_msgs) StdoutLine: {'line': b'-- Up-to-date symlink: /home/ubuntu/px4_ros2_ws/install/px4_msgs/include/px4_msgs/px4_msgs/msg/detail/gpio_request__struct.hpp\n'}
[5.051559] (px4_msgs) StdoutLine: {'line': b'-- Up-to-date symlink: /home/ubuntu/px4_ros2_ws/install/px4_msgs/include/px4_msgs/px4_msgs/msg/detail/gpio_request__traits.hpp\n'}
[5.051592] (px4_msgs) StdoutLine: {'line': b'-- Up-to-date symlink: /home/ubuntu/px4_ros2_ws/install/px4_msgs/include/px4_msgs/px4_msgs/msg/detail/gpio_request__type_support.hpp\n'}
[5.051644] (px4_msgs) StdoutLine: {'line': b'-- Up-to-date symlink: /home/ubuntu/px4_ros2_ws/install/px4_msgs/include/px4_msgs/px4_msgs/msg/detail/gps_dump__builder.hpp\n'}
[5.051675] (px4_msgs) StdoutLine: {'line': b'-- Up-to-date symlink: /home/ubuntu/px4_ros2_ws/install/px4_msgs/include/px4_msgs/px4_msgs/msg/detail/gps_dump__struct.hpp\n'}
[5.051701] (px4_msgs) StdoutLine: {'line': b'-- Up-to-date symlink: /home/ubuntu/px4_ros2_ws/install/px4_msgs/include/px4_msgs/px4_msgs/msg/detail/gps_dump__traits.hpp\n'}
[5.051742] (px4_msgs) StdoutLine: {'line': b'-- Up-to-date symlink: /home/ubuntu/px4_ros2_ws/install/px4_msgs/include/px4_msgs/px4_msgs/msg/detail/gps_dump__type_support.hpp\n'}
[5.051769] (px4_msgs) StdoutLine: {'line': b'-- Up-to-date symlink: /home/ubuntu/px4_ros2_ws/install/px4_msgs/include/px4_msgs/px4_msgs/msg/detail/gripper__builder.hpp\n'}
[5.051794] (px4_msgs) StdoutLine: {'line': b'-- Up-to-date symlink: /home/ubuntu/px4_ros2_ws/install/px4_msgs/include/px4_msgs/px4_msgs/msg/detail/gripper__struct.hpp\n'}
[5.051852] (px4_msgs) StdoutLine: {'line': b'-- Up-to-date symlink: /home/ubuntu/px4_ros2_ws/install/px4_msgs/include/px4_msgs/px4_msgs/msg/detail/gripper__traits.hpp\n'}
[5.051882] (px4_msgs) StdoutLine: {'line': b'-- Up-to-date symlink: /home/ubuntu/px4_ros2_ws/install/px4_msgs/include/px4_msgs/px4_msgs/msg/detail/gripper__type_support.hpp\n'}
[5.051909] (px4_msgs) StdoutLine: {'line': b'-- Up-to-date symlink: /home/ubuntu/px4_ros2_ws/install/px4_msgs/include/px4_msgs/px4_msgs/msg/detail/health_report__builder.hpp\n'}
[5.051951] (px4_msgs) StdoutLine: {'line': b'-- Up-to-date symlink: /home/ubuntu/px4_ros2_ws/install/px4_msgs/include/px4_msgs/px4_msgs/msg/detail/health_report__struct.hpp\n'}
[5.051979] (px4_msgs) StdoutLine: {'line': b'-- Up-to-date symlink: /home/ubuntu/px4_ros2_ws/install/px4_msgs/include/px4_msgs/px4_msgs/msg/detail/health_report__traits.hpp\n'}
[5.052006] (px4_msgs) StdoutLine: {'line': b'-- Up-to-date symlink: /home/ubuntu/px4_ros2_ws/install/px4_msgs/include/px4_msgs/px4_msgs/msg/detail/health_report__type_support.hpp\n'}
[5.052035] (px4_msgs) StdoutLine: {'line': b'-- Up-to-date symlink: /home/ubuntu/px4_ros2_ws/install/px4_msgs/include/px4_msgs/px4_msgs/msg/detail/heater_status__builder.hpp\n'}
[5.052078] (px4_msgs) StdoutLine: {'line': b'-- Up-to-date symlink: /home/ubuntu/px4_ros2_ws/install/px4_msgs/include/px4_msgs/px4_msgs/msg/detail/heater_status__struct.hpp\n'}
[5.052111] (px4_msgs) StdoutLine: {'line': b'-- Up-to-date symlink: /home/ubuntu/px4_ros2_ws/install/px4_msgs/include/px4_msgs/px4_msgs/msg/detail/heater_status__traits.hpp\n'}
[5.052165] (px4_msgs) StdoutLine: {'line': b'-- Up-to-date symlink: /home/ubuntu/px4_ros2_ws/install/px4_msgs/include/px4_msgs/px4_msgs/msg/detail/heater_status__type_support.hpp\n'}
[5.052192] (px4_msgs) StdoutLine: {'line': b'-- Up-to-date symlink: /home/ubuntu/px4_ros2_ws/install/px4_msgs/include/px4_msgs/px4_msgs/msg/detail/home_position__builder.hpp\n'}
[5.052222] (px4_msgs) StdoutLine: {'line': b'-- Up-to-date symlink: /home/ubuntu/px4_ros2_ws/install/px4_msgs/include/px4_msgs/px4_msgs/msg/detail/home_position__struct.hpp\n'}
[5.052253] (px4_msgs) StdoutLine: {'line': b'-- Up-to-date symlink: /home/ubuntu/px4_ros2_ws/install/px4_msgs/include/px4_msgs/px4_msgs/msg/detail/home_position__traits.hpp\n'}
[5.052284] (px4_msgs) StdoutLine: {'line': b'-- Up-to-date symlink: /home/ubuntu/px4_ros2_ws/install/px4_msgs/include/px4_msgs/px4_msgs/msg/detail/home_position__type_support.hpp\n'}
[5.052315] (px4_msgs) StdoutLine: {'line': b'-- Up-to-date symlink: /home/ubuntu/px4_ros2_ws/install/px4_msgs/include/px4_msgs/px4_msgs/msg/detail/hover_thrust_estimate__builder.hpp\n'}
[5.052346] (px4_msgs) StdoutLine: {'line': b'-- Up-to-date symlink: /home/ubuntu/px4_ros2_ws/install/px4_msgs/include/px4_msgs/px4_msgs/msg/detail/hover_thrust_estimate__struct.hpp\n'}
[5.052381] (px4_msgs) StdoutLine: {'line': b'-- Up-to-date symlink: /home/ubuntu/px4_ros2_ws/install/px4_msgs/include/px4_msgs/px4_msgs/msg/detail/hover_thrust_estimate__traits.hpp\n'}
[5.052414] (px4_msgs) StdoutLine: {'line': b'-- Up-to-date symlink: /home/ubuntu/px4_ros2_ws/install/px4_msgs/include/px4_msgs/px4_msgs/msg/detail/hover_thrust_estimate__type_support.hpp\n'}
[5.052465] (px4_msgs) StdoutLine: {'line': b'-- Up-to-date symlink: /home/ubuntu/px4_ros2_ws/install/px4_msgs/include/px4_msgs/px4_msgs/msg/detail/input_rc__builder.hpp\n'}
[5.052530] (px4_msgs) StdoutLine: {'line': b'-- Up-to-date symlink: /home/ubuntu/px4_ros2_ws/install/px4_msgs/include/px4_msgs/px4_msgs/msg/detail/input_rc__struct.hpp\n'}
[5.052560] (px4_msgs) StdoutLine: {'line': b'-- Up-to-date symlink: /home/ubuntu/px4_ros2_ws/install/px4_msgs/include/px4_msgs/px4_msgs/msg/detail/input_rc__traits.hpp\n'}
[5.052589] (px4_msgs) StdoutLine: {'line': b'-- Up-to-date symlink: /home/ubuntu/px4_ros2_ws/install/px4_msgs/include/px4_msgs/px4_msgs/msg/detail/input_rc__type_support.hpp\n'}
[5.052620] (px4_msgs) StdoutLine: {'line': b'-- Up-to-date symlink: /home/ubuntu/px4_ros2_ws/install/px4_msgs/include/px4_msgs/px4_msgs/msg/detail/internal_combustion_engine_control__builder.hpp\n'}
[5.052649] (px4_msgs) StdoutLine: {'line': b'-- Up-to-date symlink: /home/ubuntu/px4_ros2_ws/install/px4_msgs/include/px4_msgs/px4_msgs/msg/detail/internal_combustion_engine_control__struct.hpp\n'}
[5.052678] (px4_msgs) StdoutLine: {'line': b'-- Up-to-date symlink: /home/ubuntu/px4_ros2_ws/install/px4_msgs/include/px4_msgs/px4_msgs/msg/detail/internal_combustion_engine_control__traits.hpp\n'}
[5.052707] (px4_msgs) StdoutLine: {'line': b'-- Up-to-date symlink: /home/ubuntu/px4_ros2_ws/install/px4_msgs/include/px4_msgs/px4_msgs/msg/detail/internal_combustion_engine_control__type_support.hpp\n'}
[5.052737] (px4_msgs) StdoutLine: {'line': b'-- Up-to-date symlink: /home/ubuntu/px4_ros2_ws/install/px4_msgs/include/px4_msgs/px4_msgs/msg/detail/internal_combustion_engine_status__builder.hpp\n'}
[5.052766] (px4_msgs) StdoutLine: {'line': b'-- Up-to-date symlink: /home/ubuntu/px4_ros2_ws/install/px4_msgs/include/px4_msgs/px4_msgs/msg/detail/internal_combustion_engine_status__struct.hpp\n'}
[5.052797] (px4_msgs) StdoutLine: {'line': b'-- Up-to-date symlink: /home/ubuntu/px4_ros2_ws/install/px4_msgs/include/px4_msgs/px4_msgs/msg/detail/internal_combustion_engine_status__traits.hpp\n'}
[5.052855] (px4_msgs) StdoutLine: {'line': b'-- Up-to-date symlink: /home/ubuntu/px4_ros2_ws/install/px4_msgs/include/px4_msgs/px4_msgs/msg/detail/internal_combustion_engine_status__type_support.hpp\n'}
[5.052886] (px4_msgs) StdoutLine: {'line': b'-- Up-to-date symlink: /home/ubuntu/px4_ros2_ws/install/px4_msgs/include/px4_msgs/px4_msgs/msg/detail/iridiumsbd_status__builder.hpp\n'}
[5.052916] (px4_msgs) StdoutLine: {'line': b'-- Up-to-date symlink: /home/ubuntu/px4_ros2_ws/install/px4_msgs/include/px4_msgs/px4_msgs/msg/detail/iridiumsbd_status__struct.hpp\n'}
[5.052947] (px4_msgs) StdoutLine: {'line': b'-- Up-to-date symlink: /home/ubuntu/px4_ros2_ws/install/px4_msgs/include/px4_msgs/px4_msgs/msg/detail/iridiumsbd_status__traits.hpp\n'}
[5.052977] (px4_msgs) StdoutLine: {'line': b'-- Up-to-date symlink: /home/ubuntu/px4_ros2_ws/install/px4_msgs/include/px4_msgs/px4_msgs/msg/detail/iridiumsbd_status__type_support.hpp\n'}
[5.053008] (px4_msgs) StdoutLine: {'line': b'-- Up-to-date symlink: /home/ubuntu/px4_ros2_ws/install/px4_msgs/include/px4_msgs/px4_msgs/msg/detail/irlock_report__builder.hpp\n'}
[5.053037] (px4_msgs) StdoutLine: {'line': b'-- Up-to-date symlink: /home/ubuntu/px4_ros2_ws/install/px4_msgs/include/px4_msgs/px4_msgs/msg/detail/irlock_report__struct.hpp\n'}
[5.053067] (px4_msgs) StdoutLine: {'line': b'-- Up-to-date symlink: /home/ubuntu/px4_ros2_ws/install/px4_msgs/include/px4_msgs/px4_msgs/msg/detail/irlock_report__traits.hpp\n'}
[5.053115] (px4_msgs) StdoutLine: {'line': b'-- Up-to-date symlink: /home/ubuntu/px4_ros2_ws/install/px4_msgs/include/px4_msgs/px4_msgs/msg/detail/irlock_report__type_support.hpp\n'}
[5.053145] (px4_msgs) StdoutLine: {'line': b'-- Up-to-date symlink: /home/ubuntu/px4_ros2_ws/install/px4_msgs/include/px4_msgs/px4_msgs/msg/detail/landing_gear__builder.hpp\n'}
[5.053174] (px4_msgs) StdoutLine: {'line': b'-- Up-to-date symlink: /home/ubuntu/px4_ros2_ws/install/px4_msgs/include/px4_msgs/px4_msgs/msg/detail/landing_gear__struct.hpp\n'}
[5.053202] (px4_msgs) StdoutLine: {'line': b'-- Up-to-date symlink: /home/ubuntu/px4_ros2_ws/install/px4_msgs/include/px4_msgs/px4_msgs/msg/detail/landing_gear__traits.hpp\n'}
[5.053231] (px4_msgs) StdoutLine: {'line': b'-- Up-to-date symlink: /home/ubuntu/px4_ros2_ws/install/px4_msgs/include/px4_msgs/px4_msgs/msg/detail/landing_gear__type_support.hpp\n'}
[5.053259] (px4_msgs) StdoutLine: {'line': b'-- Up-to-date symlink: /home/ubuntu/px4_ros2_ws/install/px4_msgs/include/px4_msgs/px4_msgs/msg/detail/landing_gear_wheel__builder.hpp\n'}
[5.053287] (px4_msgs) StdoutLine: {'line': b'-- Up-to-date symlink: /home/ubuntu/px4_ros2_ws/install/px4_msgs/include/px4_msgs/px4_msgs/msg/detail/landing_gear_wheel__struct.hpp\n'}
[5.053315] (px4_msgs) StdoutLine: {'line': b'-- Up-to-date symlink: /home/ubuntu/px4_ros2_ws/install/px4_msgs/include/px4_msgs/px4_msgs/msg/detail/landing_gear_wheel__traits.hpp\n'}
[5.053343] (px4_msgs) StdoutLine: {'line': b'-- Up-to-date symlink: /home/ubuntu/px4_ros2_ws/install/px4_msgs/include/px4_msgs/px4_msgs/msg/detail/landing_gear_wheel__type_support.hpp\n'}
[5.053371] (px4_msgs) StdoutLine: {'line': b'-- Up-to-date symlink: /home/ubuntu/px4_ros2_ws/install/px4_msgs/include/px4_msgs/px4_msgs/msg/detail/landing_target_innovations__builder.hpp\n'}
[5.053399] (px4_msgs) StdoutLine: {'line': b'-- Up-to-date symlink: /home/ubuntu/px4_ros2_ws/install/px4_msgs/include/px4_msgs/px4_msgs/msg/detail/landing_target_innovations__struct.hpp\n'}
[5.053468] (px4_msgs) StdoutLine: {'line': b'-- Up-to-date symlink: /home/ubuntu/px4_ros2_ws/install/px4_msgs/include/px4_msgs/px4_msgs/msg/detail/landing_target_innovations__traits.hpp\n'}
[5.053536] (px4_msgs) StdoutLine: {'line': b'-- Up-to-date symlink: /home/ubuntu/px4_ros2_ws/install/px4_msgs/include/px4_msgs/px4_msgs/msg/detail/landing_target_innovations__type_support.hpp\n'}
[5.053567] (px4_msgs) StdoutLine: {'line': b'-- Up-to-date symlink: /home/ubuntu/px4_ros2_ws/install/px4_msgs/include/px4_msgs/px4_msgs/msg/detail/landing_target_pose__builder.hpp\n'}
[5.053607] (px4_msgs) StdoutLine: {'line': b'-- Up-to-date symlink: /home/ubuntu/px4_ros2_ws/install/px4_msgs/include/px4_msgs/px4_msgs/msg/detail/landing_target_pose__struct.hpp\n'}
[5.053639] (px4_msgs) StdoutLine: {'line': b'-- Up-to-date symlink: /home/ubuntu/px4_ros2_ws/install/px4_msgs/include/px4_msgs/px4_msgs/msg/detail/landing_target_pose__traits.hpp\n'}
[5.053670] (px4_msgs) StdoutLine: {'line': b'-- Up-to-date symlink: /home/ubuntu/px4_ros2_ws/install/px4_msgs/include/px4_msgs/px4_msgs/msg/detail/landing_target_pose__type_support.hpp\n'}
[5.053700] (px4_msgs) StdoutLine: {'line': b'-- Up-to-date symlink: /home/ubuntu/px4_ros2_ws/install/px4_msgs/include/px4_msgs/px4_msgs/msg/detail/lateral_control_configuration__builder.hpp\n'}
[5.053728] (px4_msgs) StdoutLine: {'line': b'-- Up-to-date symlink: /home/ubuntu/px4_ros2_ws/install/px4_msgs/include/px4_msgs/px4_msgs/msg/detail/lateral_control_configuration__struct.hpp\n'}
[5.053755] (px4_msgs) StdoutLine: {'line': b'-- Up-to-date symlink: /home/ubuntu/px4_ros2_ws/install/px4_msgs/include/px4_msgs/px4_msgs/msg/detail/lateral_control_configuration__traits.hpp\n'}
[5.053802] (px4_msgs) StdoutLine: {'line': b'-- Up-to-date symlink: /home/ubuntu/px4_ros2_ws/install/px4_msgs/include/px4_msgs/px4_msgs/msg/detail/lateral_control_configuration__type_support.hpp\n'}
[5.053831] (px4_msgs) StdoutLine: {'line': b'-- Up-to-date symlink: /home/ubuntu/px4_ros2_ws/install/px4_msgs/include/px4_msgs/px4_msgs/msg/detail/launch_detection_status__builder.hpp\n'}
[5.053859] (px4_msgs) StdoutLine: {'line': b'-- Up-to-date symlink: /home/ubuntu/px4_ros2_ws/install/px4_msgs/include/px4_msgs/px4_msgs/msg/detail/launch_detection_status__struct.hpp\n'}
[5.053888] (px4_msgs) StdoutLine: {'line': b'-- Up-to-date symlink: /home/ubuntu/px4_ros2_ws/install/px4_msgs/include/px4_msgs/px4_msgs/msg/detail/launch_detection_status__traits.hpp\n'}
[5.053935] (px4_msgs) StdoutLine: {'line': b'-- Up-to-date symlink: /home/ubuntu/px4_ros2_ws/install/px4_msgs/include/px4_msgs/px4_msgs/msg/detail/launch_detection_status__type_support.hpp\n'}
[5.053964] (px4_msgs) StdoutLine: {'line': b'-- Up-to-date symlink: /home/ubuntu/px4_ros2_ws/install/px4_msgs/include/px4_msgs/px4_msgs/msg/detail/led_control__builder.hpp\n'}
[5.053992] (px4_msgs) StdoutLine: {'line': b'-- Up-to-date symlink: /home/ubuntu/px4_ros2_ws/install/px4_msgs/include/px4_msgs/px4_msgs/msg/detail/led_control__struct.hpp\n'}
[5.054035] (px4_msgs) StdoutLine: {'line': b'-- Up-to-date symlink: /home/ubuntu/px4_ros2_ws/install/px4_msgs/include/px4_msgs/px4_msgs/msg/detail/led_control__traits.hpp\n'}
[5.054079] (px4_msgs) StdoutLine: {'line': b'-- Up-to-date symlink: /home/ubuntu/px4_ros2_ws/install/px4_msgs/include/px4_msgs/px4_msgs/msg/detail/led_control__type_support.hpp\n'}
[5.054115] (px4_msgs) StdoutLine: {'line': b'-- Up-to-date symlink: /home/ubuntu/px4_ros2_ws/install/px4_msgs/include/px4_msgs/px4_msgs/msg/detail/log_message__builder.hpp\n'}
[5.054143] (px4_msgs) StdoutLine: {'line': b'-- Up-to-date symlink: /home/ubuntu/px4_ros2_ws/install/px4_msgs/include/px4_msgs/px4_msgs/msg/detail/log_message__struct.hpp\n'}
[5.054186] (px4_msgs) StdoutLine: {'line': b'-- Up-to-date symlink: /home/ubuntu/px4_ros2_ws/install/px4_msgs/include/px4_msgs/px4_msgs/msg/detail/log_message__traits.hpp\n'}
[5.054229] (px4_msgs) StdoutLine: {'line': b'-- Up-to-date symlink: /home/ubuntu/px4_ros2_ws/install/px4_msgs/include/px4_msgs/px4_msgs/msg/detail/log_message__type_support.hpp\n'}
[5.054272] (px4_msgs) StdoutLine: {'line': b'-- Up-to-date symlink: /home/ubuntu/px4_ros2_ws/install/px4_msgs/include/px4_msgs/px4_msgs/msg/detail/logger_status__builder.hpp\n'}
[5.054315] (px4_msgs) StdoutLine: {'line': b'-- Up-to-date symlink: /home/ubuntu/px4_ros2_ws/install/px4_msgs/include/px4_msgs/px4_msgs/msg/detail/logger_status__struct.hpp\n'}
[5.054357] (px4_msgs) StdoutLine: {'line': b'-- Up-to-date symlink: /home/ubuntu/px4_ros2_ws/install/px4_msgs/include/px4_msgs/px4_msgs/msg/detail/logger_status__traits.hpp\n'}
[5.054399] (px4_msgs) StdoutLine: {'line': b'-- Up-to-date symlink: /home/ubuntu/px4_ros2_ws/install/px4_msgs/include/px4_msgs/px4_msgs/msg/detail/logger_status__type_support.hpp\n'}
[5.054446] (px4_msgs) StdoutLine: {'line': b'-- Up-to-date symlink: /home/ubuntu/px4_ros2_ws/install/px4_msgs/include/px4_msgs/px4_msgs/msg/detail/longitudinal_control_configuration__builder.hpp\n'}
[5.054503] (px4_msgs) StdoutLine: {'line': b'-- Up-to-date symlink: /home/ubuntu/px4_ros2_ws/install/px4_msgs/include/px4_msgs/px4_msgs/msg/detail/longitudinal_control_configuration__struct.hpp\n'}
[5.054553] (px4_msgs) StdoutLine: {'line': b'-- Up-to-date symlink: /home/ubuntu/px4_ros2_ws/install/px4_msgs/include/px4_msgs/px4_msgs/msg/detail/longitudinal_control_configuration__traits.hpp\n'}
[5.054607] (px4_msgs) StdoutLine: {'line': b'-- Up-to-date symlink: /home/ubuntu/px4_ros2_ws/install/px4_msgs/include/px4_msgs/px4_msgs/msg/detail/longitudinal_control_configuration__type_support.hpp\n'}
[5.054660] (px4_msgs) StdoutLine: {'line': b'-- Up-to-date symlink: /home/ubuntu/px4_ros2_ws/install/px4_msgs/include/px4_msgs/px4_msgs/msg/detail/mag_worker_data__builder.hpp\n'}
[5.054711] (px4_msgs) StdoutLine: {'line': b'-- Up-to-date symlink: /home/ubuntu/px4_ros2_ws/install/px4_msgs/include/px4_msgs/px4_msgs/msg/detail/mag_worker_data__struct.hpp\n'}
[5.054761] (px4_msgs) StdoutLine: {'line': b'-- Up-to-date symlink: /home/ubuntu/px4_ros2_ws/install/px4_msgs/include/px4_msgs/px4_msgs/msg/detail/mag_worker_data__traits.hpp\n'}
[5.054812] (px4_msgs) StdoutLine: {'line': b'-- Up-to-date symlink: /home/ubuntu/px4_ros2_ws/install/px4_msgs/include/px4_msgs/px4_msgs/msg/detail/mag_worker_data__type_support.hpp\n'}
[5.054865] (px4_msgs) StdoutLine: {'line': b'-- Up-to-date symlink: /home/ubuntu/px4_ros2_ws/install/px4_msgs/include/px4_msgs/px4_msgs/msg/detail/magnetometer_bias_estimate__builder.hpp\n'}
[5.054917] (px4_msgs) StdoutLine: {'line': b'-- Up-to-date symlink: /home/ubuntu/px4_ros2_ws/install/px4_msgs/include/px4_msgs/px4_msgs/msg/detail/magnetometer_bias_estimate__struct.hpp\n'}
[5.054967] (px4_msgs) StdoutLine: {'line': b'-- Up-to-date symlink: /home/ubuntu/px4_ros2_ws/install/px4_msgs/include/px4_msgs/px4_msgs/msg/detail/magnetometer_bias_estimate__traits.hpp\n'}
[5.055014] (px4_msgs) StdoutLine: {'line': b'-- Up-to-date symlink: /home/ubuntu/px4_ros2_ws/install/px4_msgs/include/px4_msgs/px4_msgs/msg/detail/magnetometer_bias_estimate__type_support.hpp\n'}
[5.055068] (px4_msgs) StdoutLine: {'line': b'-- Up-to-date symlink: /home/ubuntu/px4_ros2_ws/install/px4_msgs/include/px4_msgs/px4_msgs/msg/detail/manual_control_setpoint__builder.hpp\n'}
[5.055122] (px4_msgs) StdoutLine: {'line': b'-- Up-to-date symlink: /home/ubuntu/px4_ros2_ws/install/px4_msgs/include/px4_msgs/px4_msgs/msg/detail/manual_control_setpoint__struct.hpp\n'}
[5.055170] (px4_msgs) StdoutLine: {'line': b'-- Up-to-date symlink: /home/ubuntu/px4_ros2_ws/install/px4_msgs/include/px4_msgs/px4_msgs/msg/detail/manual_control_setpoint__traits.hpp\n'}
[5.055224] (px4_msgs) StdoutLine: {'line': b'-- Up-to-date symlink: /home/ubuntu/px4_ros2_ws/install/px4_msgs/include/px4_msgs/px4_msgs/msg/detail/manual_control_setpoint__type_support.hpp\n'}
[5.055276] (px4_msgs) StdoutLine: {'line': b'-- Up-to-date symlink: /home/ubuntu/px4_ros2_ws/install/px4_msgs/include/px4_msgs/px4_msgs/msg/detail/manual_control_switches__builder.hpp\n'}
[5.055319] (px4_msgs) StdoutLine: {'line': b'-- Up-to-date symlink: /home/ubuntu/px4_ros2_ws/install/px4_msgs/include/px4_msgs/px4_msgs/msg/detail/manual_control_switches__struct.hpp\n'}
[5.055367] (px4_msgs) StdoutLine: {'line': b'-- Up-to-date symlink: /home/ubuntu/px4_ros2_ws/install/px4_msgs/include/px4_msgs/px4_msgs/msg/detail/manual_control_switches__traits.hpp\n'}
[5.055416] (px4_msgs) StdoutLine: {'line': b'-- Up-to-date symlink: /home/ubuntu/px4_ros2_ws/install/px4_msgs/include/px4_msgs/px4_msgs/msg/detail/manual_control_switches__type_support.hpp\n'}
[5.055470] (px4_msgs) StdoutLine: {'line': b'-- Up-to-date symlink: /home/ubuntu/px4_ros2_ws/install/px4_msgs/include/px4_msgs/px4_msgs/msg/detail/mavlink_log__builder.hpp\n'}
[5.055519] (px4_msgs) StdoutLine: {'line': b'-- Up-to-date symlink: /home/ubuntu/px4_ros2_ws/install/px4_msgs/include/px4_msgs/px4_msgs/msg/detail/mavlink_log__struct.hpp\n'}
[5.055567] (px4_msgs) StdoutLine: {'line': b'-- Up-to-date symlink: /home/ubuntu/px4_ros2_ws/install/px4_msgs/include/px4_msgs/px4_msgs/msg/detail/mavlink_log__traits.hpp\n'}
[5.055616] (px4_msgs) StdoutLine: {'line': b'-- Up-to-date symlink: /home/ubuntu/px4_ros2_ws/install/px4_msgs/include/px4_msgs/px4_msgs/msg/detail/mavlink_log__type_support.hpp\n'}
[5.055681] (px4_msgs) StdoutLine: {'line': b'-- Up-to-date symlink: /home/ubuntu/px4_ros2_ws/install/px4_msgs/include/px4_msgs/px4_msgs/msg/detail/mavlink_tunnel__builder.hpp\n'}
[5.055724] (px4_msgs) StdoutLine: {'line': b'-- Up-to-date symlink: /home/ubuntu/px4_ros2_ws/install/px4_msgs/include/px4_msgs/px4_msgs/msg/detail/mavlink_tunnel__struct.hpp\n'}
[5.055766] (px4_msgs) StdoutLine: {'line': b'-- Up-to-date symlink: /home/ubuntu/px4_ros2_ws/install/px4_msgs/include/px4_msgs/px4_msgs/msg/detail/mavlink_tunnel__traits.hpp\n'}
[5.055811] (px4_msgs) StdoutLine: {'line': b'-- Up-to-date symlink: /home/ubuntu/px4_ros2_ws/install/px4_msgs/include/px4_msgs/px4_msgs/msg/detail/mavlink_tunnel__type_support.hpp\n'}
[5.055858] (px4_msgs) StdoutLine: {'line': b'-- Up-to-date symlink: /home/ubuntu/px4_ros2_ws/install/px4_msgs/include/px4_msgs/px4_msgs/msg/detail/message_format_request__builder.hpp\n'}
[5.055906] (px4_msgs) StdoutLine: {'line': b'-- Up-to-date symlink: /home/ubuntu/px4_ros2_ws/install/px4_msgs/include/px4_msgs/px4_msgs/msg/detail/message_format_request__struct.hpp\n'}
[5.055953] (px4_msgs) StdoutLine: {'line': b'-- Up-to-date symlink: /home/ubuntu/px4_ros2_ws/install/px4_msgs/include/px4_msgs/px4_msgs/msg/detail/message_format_request__traits.hpp\n'}
[5.056002] (px4_msgs) StdoutLine: {'line': b'-- Up-to-date symlink: /home/ubuntu/px4_ros2_ws/install/px4_msgs/include/px4_msgs/px4_msgs/msg/detail/message_format_request__type_support.hpp\n'}
[5.056051] (px4_msgs) StdoutLine: {'line': b'-- Up-to-date symlink: /home/ubuntu/px4_ros2_ws/install/px4_msgs/include/px4_msgs/px4_msgs/msg/detail/message_format_response__builder.hpp\n'}
[5.056098] (px4_msgs) StdoutLine: {'line': b'-- Up-to-date symlink: /home/ubuntu/px4_ros2_ws/install/px4_msgs/include/px4_msgs/px4_msgs/msg/detail/message_format_response__struct.hpp\n'}
[5.056145] (px4_msgs) StdoutLine: {'line': b'-- Up-to-date symlink: /home/ubuntu/px4_ros2_ws/install/px4_msgs/include/px4_msgs/px4_msgs/msg/detail/message_format_response__traits.hpp\n'}
[5.056192] (px4_msgs) StdoutLine: {'line': b'-- Up-to-date symlink: /home/ubuntu/px4_ros2_ws/install/px4_msgs/include/px4_msgs/px4_msgs/msg/detail/message_format_response__type_support.hpp\n'}
[5.056244] (px4_msgs) StdoutLine: {'line': b'-- Up-to-date symlink: /home/ubuntu/px4_ros2_ws/install/px4_msgs/include/px4_msgs/px4_msgs/msg/detail/mission__builder.hpp\n'}
[5.056291] (px4_msgs) StdoutLine: {'line': b'-- Up-to-date symlink: /home/ubuntu/px4_ros2_ws/install/px4_msgs/include/px4_msgs/px4_msgs/msg/detail/mission__struct.hpp\n'}
[5.056339] (px4_msgs) StdoutLine: {'line': b'-- Up-to-date symlink: /home/ubuntu/px4_ros2_ws/install/px4_msgs/include/px4_msgs/px4_msgs/msg/detail/mission__traits.hpp\n'}
[5.056387] (px4_msgs) StdoutLine: {'line': b'-- Up-to-date symlink: /home/ubuntu/px4_ros2_ws/install/px4_msgs/include/px4_msgs/px4_msgs/msg/detail/mission__type_support.hpp\n'}
[5.056434] (px4_msgs) StdoutLine: {'line': b'-- Up-to-date symlink: /home/ubuntu/px4_ros2_ws/install/px4_msgs/include/px4_msgs/px4_msgs/msg/detail/mission_result__builder.hpp\n'}
[5.056485] (px4_msgs) StdoutLine: {'line': b'-- Up-to-date symlink: /home/ubuntu/px4_ros2_ws/install/px4_msgs/include/px4_msgs/px4_msgs/msg/detail/mission_result__struct.hpp\n'}
[5.056533] (px4_msgs) StdoutLine: {'line': b'-- Up-to-date symlink: /home/ubuntu/px4_ros2_ws/install/px4_msgs/include/px4_msgs/px4_msgs/msg/detail/mission_result__traits.hpp\n'}
[5.056581] (px4_msgs) StdoutLine: {'line': b'-- Up-to-date symlink: /home/ubuntu/px4_ros2_ws/install/px4_msgs/include/px4_msgs/px4_msgs/msg/detail/mission_result__type_support.hpp\n'}
[5.056628] (px4_msgs) StdoutLine: {'line': b'-- Up-to-date symlink: /home/ubuntu/px4_ros2_ws/install/px4_msgs/include/px4_msgs/px4_msgs/msg/detail/mode_completed__builder.hpp\n'}
[5.056674] (px4_msgs) StdoutLine: {'line': b'-- Up-to-date symlink: /home/ubuntu/px4_ros2_ws/install/px4_msgs/include/px4_msgs/px4_msgs/msg/detail/mode_completed__struct.hpp\n'}
[5.056722] (px4_msgs) StdoutLine: {'line': b'-- Up-to-date symlink: /home/ubuntu/px4_ros2_ws/install/px4_msgs/include/px4_msgs/px4_msgs/msg/detail/mode_completed__traits.hpp\n'}
[5.056770] (px4_msgs) StdoutLine: {'line': b'-- Up-to-date symlink: /home/ubuntu/px4_ros2_ws/install/px4_msgs/include/px4_msgs/px4_msgs/msg/detail/mode_completed__type_support.hpp\n'}
[5.056817] (px4_msgs) StdoutLine: {'line': b'-- Up-to-date symlink: /home/ubuntu/px4_ros2_ws/install/px4_msgs/include/px4_msgs/px4_msgs/msg/detail/mount_orientation__builder.hpp\n'}
[5.056865] (px4_msgs) StdoutLine: {'line': b'-- Up-to-date symlink: /home/ubuntu/px4_ros2_ws/install/px4_msgs/include/px4_msgs/px4_msgs/msg/detail/mount_orientation__struct.hpp\n'}
[5.056911] (px4_msgs) StdoutLine: {'line': b'-- Up-to-date symlink: /home/ubuntu/px4_ros2_ws/install/px4_msgs/include/px4_msgs/px4_msgs/msg/detail/mount_orientation__traits.hpp\n'}
[5.056958] (px4_msgs) StdoutLine: {'line': b'-- Up-to-date symlink: /home/ubuntu/px4_ros2_ws/install/px4_msgs/include/px4_msgs/px4_msgs/msg/detail/mount_orientation__type_support.hpp\n'}
[5.057005] (px4_msgs) StdoutLine: {'line': b'-- Up-to-date symlink: /home/ubuntu/px4_ros2_ws/install/px4_msgs/include/px4_msgs/px4_msgs/msg/detail/navigator_mission_item__builder.hpp\n'}
[5.057052] (px4_msgs) StdoutLine: {'line': b'-- Up-to-date symlink: /home/ubuntu/px4_ros2_ws/install/px4_msgs/include/px4_msgs/px4_msgs/msg/detail/navigator_mission_item__struct.hpp\n'}
[5.057099] (px4_msgs) StdoutLine: {'line': b'-- Up-to-date symlink: /home/ubuntu/px4_ros2_ws/install/px4_msgs/include/px4_msgs/px4_msgs/msg/detail/navigator_mission_item__traits.hpp\n'}
[5.057147] (px4_msgs) StdoutLine: {'line': b'-- Up-to-date symlink: /home/ubuntu/px4_ros2_ws/install/px4_msgs/include/px4_msgs/px4_msgs/msg/detail/navigator_mission_item__type_support.hpp\n'}
[5.057194] (px4_msgs) StdoutLine: {'line': b'-- Up-to-date symlink: /home/ubuntu/px4_ros2_ws/install/px4_msgs/include/px4_msgs/px4_msgs/msg/detail/navigator_status__builder.hpp\n'}
[5.057241] (px4_msgs) StdoutLine: {'line': b'-- Up-to-date symlink: /home/ubuntu/px4_ros2_ws/install/px4_msgs/include/px4_msgs/px4_msgs/msg/detail/navigator_status__struct.hpp\n'}
[5.057288] (px4_msgs) StdoutLine: {'line': b'-- Up-to-date symlink: /home/ubuntu/px4_ros2_ws/install/px4_msgs/include/px4_msgs/px4_msgs/msg/detail/navigator_status__traits.hpp\n'}
[5.057336] (px4_msgs) StdoutLine: {'line': b'-- Up-to-date symlink: /home/ubuntu/px4_ros2_ws/install/px4_msgs/include/px4_msgs/px4_msgs/msg/detail/navigator_status__type_support.hpp\n'}
[5.057384] (px4_msgs) StdoutLine: {'line': b'-- Up-to-date symlink: /home/ubuntu/px4_ros2_ws/install/px4_msgs/include/px4_msgs/px4_msgs/msg/detail/neural_control__builder.hpp\n'}
[5.057431] (px4_msgs) StdoutLine: {'line': b'-- Up-to-date symlink: /home/ubuntu/px4_ros2_ws/install/px4_msgs/include/px4_msgs/px4_msgs/msg/detail/neural_control__struct.hpp\n'}
[5.057481] (px4_msgs) StdoutLine: {'line': b'-- Up-to-date symlink: /home/ubuntu/px4_ros2_ws/install/px4_msgs/include/px4_msgs/px4_msgs/msg/detail/neural_control__traits.hpp\n'}
[5.057529] (px4_msgs) StdoutLine: {'line': b'-- Up-to-date symlink: /home/ubuntu/px4_ros2_ws/install/px4_msgs/include/px4_msgs/px4_msgs/msg/detail/neural_control__type_support.hpp\n'}
[5.057577] (px4_msgs) StdoutLine: {'line': b'-- Up-to-date symlink: /home/ubuntu/px4_ros2_ws/install/px4_msgs/include/px4_msgs/px4_msgs/msg/detail/normalized_unsigned_setpoint__builder.hpp\n'}
[5.057625] (px4_msgs) StdoutLine: {'line': b'-- Up-to-date symlink: /home/ubuntu/px4_ros2_ws/install/px4_msgs/include/px4_msgs/px4_msgs/msg/detail/normalized_unsigned_setpoint__struct.hpp\n'}
[5.057672] (px4_msgs) StdoutLine: {'line': b'-- Up-to-date symlink: /home/ubuntu/px4_ros2_ws/install/px4_msgs/include/px4_msgs/px4_msgs/msg/detail/normalized_unsigned_setpoint__traits.hpp\n'}
[5.057720] (px4_msgs) StdoutLine: {'line': b'-- Up-to-date symlink: /home/ubuntu/px4_ros2_ws/install/px4_msgs/include/px4_msgs/px4_msgs/msg/detail/normalized_unsigned_setpoint__type_support.hpp\n'}
[5.057772] (px4_msgs) StdoutLine: {'line': b'-- Up-to-date symlink: /home/ubuntu/px4_ros2_ws/install/px4_msgs/include/px4_msgs/px4_msgs/msg/detail/obstacle_distance__builder.hpp\n'}
[5.057895] (px4_msgs) StdoutLine: {'line': b'-- Up-to-date symlink: /home/ubuntu/px4_ros2_ws/install/px4_msgs/include/px4_msgs/px4_msgs/msg/detail/obstacle_distance__struct.hpp\n'}
[5.057924] (px4_msgs) StdoutLine: {'line': b'-- Up-to-date symlink: /home/ubuntu/px4_ros2_ws/install/px4_msgs/include/px4_msgs/px4_msgs/msg/detail/obstacle_distance__traits.hpp\n'}
[5.057967] (px4_msgs) StdoutLine: {'line': b'-- Up-to-date symlink: /home/ubuntu/px4_ros2_ws/install/px4_msgs/include/px4_msgs/px4_msgs/msg/detail/obstacle_distance__type_support.hpp\n'}
[5.058007] (px4_msgs) StdoutLine: {'line': b'-- Up-to-date symlink: /home/ubuntu/px4_ros2_ws/install/px4_msgs/include/px4_msgs/px4_msgs/msg/detail/offboard_control_mode__builder.hpp\n'}
[5.058056] (px4_msgs) StdoutLine: {'line': b'-- Up-to-date symlink: /home/ubuntu/px4_ros2_ws/install/px4_msgs/include/px4_msgs/px4_msgs/msg/detail/offboard_control_mode__struct.hpp\n'}
[5.058108] (px4_msgs) StdoutLine: {'line': b'-- Up-to-date symlink: /home/ubuntu/px4_ros2_ws/install/px4_msgs/include/px4_msgs/px4_msgs/msg/detail/offboard_control_mode__traits.hpp\n'}
[5.058158] (px4_msgs) StdoutLine: {'line': b'-- Up-to-date symlink: /home/ubuntu/px4_ros2_ws/install/px4_msgs/include/px4_msgs/px4_msgs/msg/detail/offboard_control_mode__type_support.hpp\n'}
[5.058207] (px4_msgs) StdoutLine: {'line': b'-- Up-to-date symlink: /home/ubuntu/px4_ros2_ws/install/px4_msgs/include/px4_msgs/px4_msgs/msg/detail/onboard_computer_status__builder.hpp\n'}
[5.058255] (px4_msgs) StdoutLine: {'line': b'-- Up-to-date symlink: /home/ubuntu/px4_ros2_ws/install/px4_msgs/include/px4_msgs/px4_msgs/msg/detail/onboard_computer_status__struct.hpp\n'}
[5.058305] (px4_msgs) StdoutLine: {'line': b'-- Up-to-date symlink: /home/ubuntu/px4_ros2_ws/install/px4_msgs/include/px4_msgs/px4_msgs/msg/detail/onboard_computer_status__traits.hpp\n'}
[5.058358] (px4_msgs) StdoutLine: {'line': b'-- Up-to-date symlink: /home/ubuntu/px4_ros2_ws/install/px4_msgs/include/px4_msgs/px4_msgs/msg/detail/onboard_computer_status__type_support.hpp\n'}
[5.058410] (px4_msgs) StdoutLine: {'line': b'-- Up-to-date symlink: /home/ubuntu/px4_ros2_ws/install/px4_msgs/include/px4_msgs/px4_msgs/msg/detail/open_drone_id_arm_status__builder.hpp\n'}
[5.058476] (px4_msgs) StdoutLine: {'line': b'-- Up-to-date symlink: /home/ubuntu/px4_ros2_ws/install/px4_msgs/include/px4_msgs/px4_msgs/msg/detail/open_drone_id_arm_status__struct.hpp\n'}
[5.058529] (px4_msgs) StdoutLine: {'line': b'-- Up-to-date symlink: /home/ubuntu/px4_ros2_ws/install/px4_msgs/include/px4_msgs/px4_msgs/msg/detail/open_drone_id_arm_status__traits.hpp\n'}
[5.058576] (px4_msgs) StdoutLine: {'line': b'-- Up-to-date symlink: /home/ubuntu/px4_ros2_ws/install/px4_msgs/include/px4_msgs/px4_msgs/msg/detail/open_drone_id_arm_status__type_support.hpp\n'}
[5.058625] (px4_msgs) StdoutLine: {'line': b'-- Up-to-date symlink: /home/ubuntu/px4_ros2_ws/install/px4_msgs/include/px4_msgs/px4_msgs/msg/detail/open_drone_id_basic_id__builder.hpp\n'}
[5.058673] (px4_msgs) StdoutLine: {'line': b'-- Up-to-date symlink: /home/ubuntu/px4_ros2_ws/install/px4_msgs/include/px4_msgs/px4_msgs/msg/detail/open_drone_id_basic_id__struct.hpp\n'}
[5.058727] (px4_msgs) StdoutLine: {'line': b'-- Up-to-date symlink: /home/ubuntu/px4_ros2_ws/install/px4_msgs/include/px4_msgs/px4_msgs/msg/detail/open_drone_id_basic_id__traits.hpp\n'}
[5.058775] (px4_msgs) StdoutLine: {'line': b'-- Up-to-date symlink: /home/ubuntu/px4_ros2_ws/install/px4_msgs/include/px4_msgs/px4_msgs/msg/detail/open_drone_id_basic_id__type_support.hpp\n'}
[5.058828] (px4_msgs) StdoutLine: {'line': b'-- Up-to-date symlink: /home/ubuntu/px4_ros2_ws/install/px4_msgs/include/px4_msgs/px4_msgs/msg/detail/open_drone_id_operator_id__builder.hpp\n'}
[5.058886] (px4_msgs) StdoutLine: {'line': b'-- Up-to-date symlink: /home/ubuntu/px4_ros2_ws/install/px4_msgs/include/px4_msgs/px4_msgs/msg/detail/open_drone_id_operator_id__struct.hpp\n'}
[5.058935] (px4_msgs) StdoutLine: {'line': b'-- Up-to-date symlink: /home/ubuntu/px4_ros2_ws/install/px4_msgs/include/px4_msgs/px4_msgs/msg/detail/open_drone_id_operator_id__traits.hpp\n'}
[5.058988] (px4_msgs) StdoutLine: {'line': b'-- Up-to-date symlink: /home/ubuntu/px4_ros2_ws/install/px4_msgs/include/px4_msgs/px4_msgs/msg/detail/open_drone_id_operator_id__type_support.hpp\n'}
[5.059048] (px4_msgs) StdoutLine: {'line': b'-- Up-to-date symlink: /home/ubuntu/px4_ros2_ws/install/px4_msgs/include/px4_msgs/px4_msgs/msg/detail/open_drone_id_self_id__builder.hpp\n'}
[5.059100] (px4_msgs) StdoutLine: {'line': b'-- Up-to-date symlink: /home/ubuntu/px4_ros2_ws/install/px4_msgs/include/px4_msgs/px4_msgs/msg/detail/open_drone_id_self_id__struct.hpp\n'}
[5.059154] (px4_msgs) StdoutLine: {'line': b'-- Up-to-date symlink: /home/ubuntu/px4_ros2_ws/install/px4_msgs/include/px4_msgs/px4_msgs/msg/detail/open_drone_id_self_id__traits.hpp\n'}
[5.059200] (px4_msgs) StdoutLine: {'line': b'-- Up-to-date symlink: /home/ubuntu/px4_ros2_ws/install/px4_msgs/include/px4_msgs/px4_msgs/msg/detail/open_drone_id_self_id__type_support.hpp\n'}
[5.059287] (px4_msgs) StdoutLine: {'line': b'-- Up-to-date symlink: /home/ubuntu/px4_ros2_ws/install/px4_msgs/include/px4_msgs/px4_msgs/msg/detail/open_drone_id_system__builder.hpp\n'}
[5.059327] (px4_msgs) StdoutLine: {'line': b'-- Up-to-date symlink: /home/ubuntu/px4_ros2_ws/install/px4_msgs/include/px4_msgs/px4_msgs/msg/detail/open_drone_id_system__struct.hpp\n'}
[5.059372] (px4_msgs) StdoutLine: {'line': b'-- Up-to-date symlink: /home/ubuntu/px4_ros2_ws/install/px4_msgs/include/px4_msgs/px4_msgs/msg/detail/open_drone_id_system__traits.hpp\n'}
[5.059419] (px4_msgs) StdoutLine: {'line': b'-- Up-to-date symlink: /home/ubuntu/px4_ros2_ws/install/px4_msgs/include/px4_msgs/px4_msgs/msg/detail/open_drone_id_system__type_support.hpp\n'}
[5.059473] (px4_msgs) StdoutLine: {'line': b'-- Up-to-date symlink: /home/ubuntu/px4_ros2_ws/install/px4_msgs/include/px4_msgs/px4_msgs/msg/detail/orb_test__builder.hpp\n'}
[5.059523] (px4_msgs) StdoutLine: {'line': b'-- Up-to-date symlink: /home/ubuntu/px4_ros2_ws/install/px4_msgs/include/px4_msgs/px4_msgs/msg/detail/orb_test__struct.hpp\n'}
[5.059575] (px4_msgs) StdoutLine: {'line': b'-- Up-to-date symlink: /home/ubuntu/px4_ros2_ws/install/px4_msgs/include/px4_msgs/px4_msgs/msg/detail/orb_test__traits.hpp\n'}
[5.059621] (px4_msgs) StdoutLine: {'line': b'-- Up-to-date symlink: /home/ubuntu/px4_ros2_ws/install/px4_msgs/include/px4_msgs/px4_msgs/msg/detail/orb_test__type_support.hpp\n'}
[5.059669] (px4_msgs) StdoutLine: {'line': b'-- Up-to-date symlink: /home/ubuntu/px4_ros2_ws/install/px4_msgs/include/px4_msgs/px4_msgs/msg/detail/orb_test_large__builder.hpp\n'}
[5.059718] (px4_msgs) StdoutLine: {'line': b'-- Up-to-date symlink: /home/ubuntu/px4_ros2_ws/install/px4_msgs/include/px4_msgs/px4_msgs/msg/detail/orb_test_large__struct.hpp\n'}
[5.059767] (px4_msgs) StdoutLine: {'line': b'-- Up-to-date symlink: /home/ubuntu/px4_ros2_ws/install/px4_msgs/include/px4_msgs/px4_msgs/msg/detail/orb_test_large__traits.hpp\n'}
[5.059813] (px4_msgs) StdoutLine: {'line': b'-- Up-to-date symlink: /home/ubuntu/px4_ros2_ws/install/px4_msgs/include/px4_msgs/px4_msgs/msg/detail/orb_test_large__type_support.hpp\n'}
[5.059860] (px4_msgs) StdoutLine: {'line': b'-- Up-to-date symlink: /home/ubuntu/px4_ros2_ws/install/px4_msgs/include/px4_msgs/px4_msgs/msg/detail/orb_test_medium__builder.hpp\n'}
[5.059911] (px4_msgs) StdoutLine: {'line': b'-- Up-to-date symlink: /home/ubuntu/px4_ros2_ws/install/px4_msgs/include/px4_msgs/px4_msgs/msg/detail/orb_test_medium__struct.hpp\n'}
[5.059958] (px4_msgs) StdoutLine: {'line': b'-- Up-to-date symlink: /home/ubuntu/px4_ros2_ws/install/px4_msgs/include/px4_msgs/px4_msgs/msg/detail/orb_test_medium__traits.hpp\n'}
[5.060007] (px4_msgs) StdoutLine: {'line': b'-- Up-to-date symlink: /home/ubuntu/px4_ros2_ws/install/px4_msgs/include/px4_msgs/px4_msgs/msg/detail/orb_test_medium__type_support.hpp\n'}
[5.060053] (px4_msgs) StdoutLine: {'line': b'-- Up-to-date symlink: /home/ubuntu/px4_ros2_ws/install/px4_msgs/include/px4_msgs/px4_msgs/msg/detail/orbit_status__builder.hpp\n'}
[5.060103] (px4_msgs) StdoutLine: {'line': b'-- Up-to-date symlink: /home/ubuntu/px4_ros2_ws/install/px4_msgs/include/px4_msgs/px4_msgs/msg/detail/orbit_status__struct.hpp\n'}
[5.060152] (px4_msgs) StdoutLine: {'line': b'-- Up-to-date symlink: /home/ubuntu/px4_ros2_ws/install/px4_msgs/include/px4_msgs/px4_msgs/msg/detail/orbit_status__traits.hpp\n'}
[5.060204] (px4_msgs) StdoutLine: {'line': b'-- Up-to-date symlink: /home/ubuntu/px4_ros2_ws/install/px4_msgs/include/px4_msgs/px4_msgs/msg/detail/orbit_status__type_support.hpp\n'}
[5.060257] (px4_msgs) StdoutLine: {'line': b'-- Up-to-date symlink: /home/ubuntu/px4_ros2_ws/install/px4_msgs/include/px4_msgs/px4_msgs/msg/detail/parameter_reset_request__builder.hpp\n'}
[5.060304] (px4_msgs) StdoutLine: {'line': b'-- Up-to-date symlink: /home/ubuntu/px4_ros2_ws/install/px4_msgs/include/px4_msgs/px4_msgs/msg/detail/parameter_reset_request__struct.hpp\n'}
[5.060356] (px4_msgs) StdoutLine: {'line': b'-- Up-to-date symlink: /home/ubuntu/px4_ros2_ws/install/px4_msgs/include/px4_msgs/px4_msgs/msg/detail/parameter_reset_request__traits.hpp\n'}
[5.060406] (px4_msgs) StdoutLine: {'line': b'-- Up-to-date symlink: /home/ubuntu/px4_ros2_ws/install/px4_msgs/include/px4_msgs/px4_msgs/msg/detail/parameter_reset_request__type_support.hpp\n'}
[5.060466] (px4_msgs) StdoutLine: {'line': b'-- Up-to-date symlink: /home/ubuntu/px4_ros2_ws/install/px4_msgs/include/px4_msgs/px4_msgs/msg/detail/parameter_set_used_request__builder.hpp\n'}
[5.060523] (px4_msgs) StdoutLine: {'line': b'-- Up-to-date symlink: /home/ubuntu/px4_ros2_ws/install/px4_msgs/include/px4_msgs/px4_msgs/msg/detail/parameter_set_used_request__struct.hpp\n'}
[5.060577] (px4_msgs) StdoutLine: {'line': b'-- Up-to-date symlink: /home/ubuntu/px4_ros2_ws/install/px4_msgs/include/px4_msgs/px4_msgs/msg/detail/parameter_set_used_request__traits.hpp\n'}
[5.060626] (px4_msgs) StdoutLine: {'line': b'-- Up-to-date symlink: /home/ubuntu/px4_ros2_ws/install/px4_msgs/include/px4_msgs/px4_msgs/msg/detail/parameter_set_used_request__type_support.hpp\n'}
[5.060679] (px4_msgs) StdoutLine: {'line': b'-- Up-to-date symlink: /home/ubuntu/px4_ros2_ws/install/px4_msgs/include/px4_msgs/px4_msgs/msg/detail/parameter_set_value_request__builder.hpp\n'}
[5.060728] (px4_msgs) StdoutLine: {'line': b'-- Up-to-date symlink: /home/ubuntu/px4_ros2_ws/install/px4_msgs/include/px4_msgs/px4_msgs/msg/detail/parameter_set_value_request__struct.hpp\n'}
[5.060781] (px4_msgs) StdoutLine: {'line': b'-- Up-to-date symlink: /home/ubuntu/px4_ros2_ws/install/px4_msgs/include/px4_msgs/px4_msgs/msg/detail/parameter_set_value_request__traits.hpp\n'}
[5.060835] (px4_msgs) StdoutLine: {'line': b'-- Up-to-date symlink: /home/ubuntu/px4_ros2_ws/install/px4_msgs/include/px4_msgs/px4_msgs/msg/detail/parameter_set_value_request__type_support.hpp\n'}
[5.060906] (px4_msgs) StdoutLine: {'line': b'-- Up-to-date symlink: /home/ubuntu/px4_ros2_ws/install/px4_msgs/include/px4_msgs/px4_msgs/msg/detail/parameter_set_value_response__builder.hpp\n'}
[5.060947] (px4_msgs) StdoutLine: {'line': b'-- Up-to-date symlink: /home/ubuntu/px4_ros2_ws/install/px4_msgs/include/px4_msgs/px4_msgs/msg/detail/parameter_set_value_response__struct.hpp\n'}
[5.060988] (px4_msgs) StdoutLine: {'line': b'-- Up-to-date symlink: /home/ubuntu/px4_ros2_ws/install/px4_msgs/include/px4_msgs/px4_msgs/msg/detail/parameter_set_value_response__traits.hpp\n'}
[5.061036] (px4_msgs) StdoutLine: {'line': b'-- Up-to-date symlink: /home/ubuntu/px4_ros2_ws/install/px4_msgs/include/px4_msgs/px4_msgs/msg/detail/parameter_set_value_response__type_support.hpp\n'}
[5.061086] (px4_msgs) StdoutLine: {'line': b'-- Up-to-date symlink: /home/ubuntu/px4_ros2_ws/install/px4_msgs/include/px4_msgs/px4_msgs/msg/detail/parameter_update__builder.hpp\n'}
[5.061137] (px4_msgs) StdoutLine: {'line': b'-- Up-to-date symlink: /home/ubuntu/px4_ros2_ws/install/px4_msgs/include/px4_msgs/px4_msgs/msg/detail/parameter_update__struct.hpp\n'}
[5.061186] (px4_msgs) StdoutLine: {'line': b'-- Up-to-date symlink: /home/ubuntu/px4_ros2_ws/install/px4_msgs/include/px4_msgs/px4_msgs/msg/detail/parameter_update__traits.hpp\n'}
[5.061237] (px4_msgs) StdoutLine: {'line': b'-- Up-to-date symlink: /home/ubuntu/px4_ros2_ws/install/px4_msgs/include/px4_msgs/px4_msgs/msg/detail/parameter_update__type_support.hpp\n'}
[5.061290] (px4_msgs) StdoutLine: {'line': b'-- Up-to-date symlink: /home/ubuntu/px4_ros2_ws/install/px4_msgs/include/px4_msgs/px4_msgs/msg/detail/ping__builder.hpp\n'}
[5.061342] (px4_msgs) StdoutLine: {'line': b'-- Up-to-date symlink: /home/ubuntu/px4_ros2_ws/install/px4_msgs/include/px4_msgs/px4_msgs/msg/detail/ping__struct.hpp\n'}
[5.061393] (px4_msgs) StdoutLine: {'line': b'-- Up-to-date symlink: /home/ubuntu/px4_ros2_ws/install/px4_msgs/include/px4_msgs/px4_msgs/msg/detail/ping__traits.hpp\n'}
[5.061442] (px4_msgs) StdoutLine: {'line': b'-- Up-to-date symlink: /home/ubuntu/px4_ros2_ws/install/px4_msgs/include/px4_msgs/px4_msgs/msg/detail/ping__type_support.hpp\n'}
[5.061499] (px4_msgs) StdoutLine: {'line': b'-- Up-to-date symlink: /home/ubuntu/px4_ros2_ws/install/px4_msgs/include/px4_msgs/px4_msgs/msg/detail/position_controller_landing_status__builder.hpp\n'}
[5.061554] (px4_msgs) StdoutLine: {'line': b'-- Up-to-date symlink: /home/ubuntu/px4_ros2_ws/install/px4_msgs/include/px4_msgs/px4_msgs/msg/detail/position_controller_landing_status__struct.hpp\n'}
[5.061604] (px4_msgs) StdoutLine: {'line': b'-- Up-to-date symlink: /home/ubuntu/px4_ros2_ws/install/px4_msgs/include/px4_msgs/px4_msgs/msg/detail/position_controller_landing_status__traits.hpp\n'}
[5.061659] (px4_msgs) StdoutLine: {'line': b'-- Up-to-date symlink: /home/ubuntu/px4_ros2_ws/install/px4_msgs/include/px4_msgs/px4_msgs/msg/detail/position_controller_landing_status__type_support.hpp\n'}
[5.061713] (px4_msgs) StdoutLine: {'line': b'-- Up-to-date symlink: /home/ubuntu/px4_ros2_ws/install/px4_msgs/include/px4_msgs/px4_msgs/msg/detail/position_controller_status__builder.hpp\n'}
[5.061772] (px4_msgs) StdoutLine: {'line': b'-- Up-to-date symlink: /home/ubuntu/px4_ros2_ws/install/px4_msgs/include/px4_msgs/px4_msgs/msg/detail/position_controller_status__struct.hpp\n'}
[5.061820] (px4_msgs) StdoutLine: {'line': b'-- Up-to-date symlink: /home/ubuntu/px4_ros2_ws/install/px4_msgs/include/px4_msgs/px4_msgs/msg/detail/position_controller_status__traits.hpp\n'}
[5.061873] (px4_msgs) StdoutLine: {'line': b'-- Up-to-date symlink: /home/ubuntu/px4_ros2_ws/install/px4_msgs/include/px4_msgs/px4_msgs/msg/detail/position_controller_status__type_support.hpp\n'}
[5.061925] (px4_msgs) StdoutLine: {'line': b'-- Up-to-date symlink: /home/ubuntu/px4_ros2_ws/install/px4_msgs/include/px4_msgs/px4_msgs/msg/detail/position_setpoint__builder.hpp\n'}
[5.061973] (px4_msgs) StdoutLine: {'line': b'-- Up-to-date symlink: /home/ubuntu/px4_ros2_ws/install/px4_msgs/include/px4_msgs/px4_msgs/msg/detail/position_setpoint__struct.hpp\n'}
[5.062023] (px4_msgs) StdoutLine: {'line': b'-- Up-to-date symlink: /home/ubuntu/px4_ros2_ws/install/px4_msgs/include/px4_msgs/px4_msgs/msg/detail/position_setpoint__traits.hpp\n'}
[5.062073] (px4_msgs) StdoutLine: {'line': b'-- Up-to-date symlink: /home/ubuntu/px4_ros2_ws/install/px4_msgs/include/px4_msgs/px4_msgs/msg/detail/position_setpoint__type_support.hpp\n'}
[5.062117] (px4_msgs) StdoutLine: {'line': b'-- Up-to-date symlink: /home/ubuntu/px4_ros2_ws/install/px4_msgs/include/px4_msgs/px4_msgs/msg/detail/position_setpoint_triplet__builder.hpp\n'}
[5.062165] (px4_msgs) StdoutLine: {'line': b'-- Up-to-date symlink: /home/ubuntu/px4_ros2_ws/install/px4_msgs/include/px4_msgs/px4_msgs/msg/detail/position_setpoint_triplet__struct.hpp\n'}
[5.062214] (px4_msgs) StdoutLine: {'line': b'-- Up-to-date symlink: /home/ubuntu/px4_ros2_ws/install/px4_msgs/include/px4_msgs/px4_msgs/msg/detail/position_setpoint_triplet__traits.hpp\n'}
[5.062262] (px4_msgs) StdoutLine: {'line': b'-- Up-to-date symlink: /home/ubuntu/px4_ros2_ws/install/px4_msgs/include/px4_msgs/px4_msgs/msg/detail/position_setpoint_triplet__type_support.hpp\n'}
[5.062312] (px4_msgs) StdoutLine: {'line': b'-- Up-to-date symlink: /home/ubuntu/px4_ros2_ws/install/px4_msgs/include/px4_msgs/px4_msgs/msg/detail/power_button_state__builder.hpp\n'}
[5.062362] (px4_msgs) StdoutLine: {'line': b'-- Up-to-date symlink: /home/ubuntu/px4_ros2_ws/install/px4_msgs/include/px4_msgs/px4_msgs/msg/detail/power_button_state__struct.hpp\n'}
[5.062411] (px4_msgs) StdoutLine: {'line': b'-- Up-to-date symlink: /home/ubuntu/px4_ros2_ws/install/px4_msgs/include/px4_msgs/px4_msgs/msg/detail/power_button_state__traits.hpp\n'}
[5.062480] (px4_msgs) StdoutLine: {'line': b'-- Up-to-date symlink: /home/ubuntu/px4_ros2_ws/install/px4_msgs/include/px4_msgs/px4_msgs/msg/detail/power_button_state__type_support.hpp\n'}
[5.062525] (px4_msgs) StdoutLine: {'line': b'-- Up-to-date symlink: /home/ubuntu/px4_ros2_ws/install/px4_msgs/include/px4_msgs/px4_msgs/msg/detail/power_monitor__builder.hpp\n'}
[5.062572] (px4_msgs) StdoutLine: {'line': b'-- Up-to-date symlink: /home/ubuntu/px4_ros2_ws/install/px4_msgs/include/px4_msgs/px4_msgs/msg/detail/power_monitor__struct.hpp\n'}
[5.062619] (px4_msgs) StdoutLine: {'line': b'-- Up-to-date symlink: /home/ubuntu/px4_ros2_ws/install/px4_msgs/include/px4_msgs/px4_msgs/msg/detail/power_monitor__traits.hpp\n'}
[5.062667] (px4_msgs) StdoutLine: {'line': b'-- Up-to-date symlink: /home/ubuntu/px4_ros2_ws/install/px4_msgs/include/px4_msgs/px4_msgs/msg/detail/power_monitor__type_support.hpp\n'}
[5.062715] (px4_msgs) StdoutLine: {'line': b'-- Up-to-date symlink: /home/ubuntu/px4_ros2_ws/install/px4_msgs/include/px4_msgs/px4_msgs/msg/detail/pps_capture__builder.hpp\n'}
[5.062763] (px4_msgs) StdoutLine: {'line': b'-- Up-to-date symlink: /home/ubuntu/px4_ros2_ws/install/px4_msgs/include/px4_msgs/px4_msgs/msg/detail/pps_capture__struct.hpp\n'}
[5.062811] (px4_msgs) StdoutLine: {'line': b'-- Up-to-date symlink: /home/ubuntu/px4_ros2_ws/install/px4_msgs/include/px4_msgs/px4_msgs/msg/detail/pps_capture__traits.hpp\n'}
[5.062859] (px4_msgs) StdoutLine: {'line': b'-- Up-to-date symlink: /home/ubuntu/px4_ros2_ws/install/px4_msgs/include/px4_msgs/px4_msgs/msg/detail/pps_capture__type_support.hpp\n'}
[5.062907] (px4_msgs) StdoutLine: {'line': b'-- Up-to-date symlink: /home/ubuntu/px4_ros2_ws/install/px4_msgs/include/px4_msgs/px4_msgs/msg/detail/prec_land_status__builder.hpp\n'}
[5.062954] (px4_msgs) StdoutLine: {'line': b'-- Up-to-date symlink: /home/ubuntu/px4_ros2_ws/install/px4_msgs/include/px4_msgs/px4_msgs/msg/detail/prec_land_status__struct.hpp\n'}
[5.063002] (px4_msgs) StdoutLine: {'line': b'-- Up-to-date symlink: /home/ubuntu/px4_ros2_ws/install/px4_msgs/include/px4_msgs/px4_msgs/msg/detail/prec_land_status__traits.hpp\n'}
[5.063050] (px4_msgs) StdoutLine: {'line': b'-- Up-to-date symlink: /home/ubuntu/px4_ros2_ws/install/px4_msgs/include/px4_msgs/px4_msgs/msg/detail/prec_land_status__type_support.hpp\n'}
[5.063098] (px4_msgs) StdoutLine: {'line': b'-- Up-to-date symlink: /home/ubuntu/px4_ros2_ws/install/px4_msgs/include/px4_msgs/px4_msgs/msg/detail/pure_pursuit_status__builder.hpp\n'}
[5.063144] (px4_msgs) StdoutLine: {'line': b'-- Up-to-date symlink: /home/ubuntu/px4_ros2_ws/install/px4_msgs/include/px4_msgs/px4_msgs/msg/detail/pure_pursuit_status__struct.hpp\n'}
[5.063192] (px4_msgs) StdoutLine: {'line': b'-- Up-to-date symlink: /home/ubuntu/px4_ros2_ws/install/px4_msgs/include/px4_msgs/px4_msgs/msg/detail/pure_pursuit_status__traits.hpp\n'}
[5.063239] (px4_msgs) StdoutLine: {'line': b'-- Up-to-date symlink: /home/ubuntu/px4_ros2_ws/install/px4_msgs/include/px4_msgs/px4_msgs/msg/detail/pure_pursuit_status__type_support.hpp\n'}
[5.063288] (px4_msgs) StdoutLine: {'line': b'-- Up-to-date symlink: /home/ubuntu/px4_ros2_ws/install/px4_msgs/include/px4_msgs/px4_msgs/msg/detail/pwm_input__builder.hpp\n'}
[5.063336] (px4_msgs) StdoutLine: {'line': b'-- Up-to-date symlink: /home/ubuntu/px4_ros2_ws/install/px4_msgs/include/px4_msgs/px4_msgs/msg/detail/pwm_input__struct.hpp\n'}
[5.063384] (px4_msgs) StdoutLine: {'line': b'-- Up-to-date symlink: /home/ubuntu/px4_ros2_ws/install/px4_msgs/include/px4_msgs/px4_msgs/msg/detail/pwm_input__traits.hpp\n'}
[5.063431] (px4_msgs) StdoutLine: {'line': b'-- Up-to-date symlink: /home/ubuntu/px4_ros2_ws/install/px4_msgs/include/px4_msgs/px4_msgs/msg/detail/pwm_input__type_support.hpp\n'}
[5.063483] (px4_msgs) StdoutLine: {'line': b'-- Up-to-date symlink: /home/ubuntu/px4_ros2_ws/install/px4_msgs/include/px4_msgs/px4_msgs/msg/detail/px4io_status__builder.hpp\n'}
[5.063530] (px4_msgs) StdoutLine: {'line': b'-- Up-to-date symlink: /home/ubuntu/px4_ros2_ws/install/px4_msgs/include/px4_msgs/px4_msgs/msg/detail/px4io_status__struct.hpp\n'}
[5.063579] (px4_msgs) StdoutLine: {'line': b'-- Up-to-date symlink: /home/ubuntu/px4_ros2_ws/install/px4_msgs/include/px4_msgs/px4_msgs/msg/detail/px4io_status__traits.hpp\n'}
[5.063626] (px4_msgs) StdoutLine: {'line': b'-- Up-to-date symlink: /home/ubuntu/px4_ros2_ws/install/px4_msgs/include/px4_msgs/px4_msgs/msg/detail/px4io_status__type_support.hpp\n'}
[5.063674] (px4_msgs) StdoutLine: {'line': b'-- Up-to-date symlink: /home/ubuntu/px4_ros2_ws/install/px4_msgs/include/px4_msgs/px4_msgs/msg/detail/qshell_req__builder.hpp\n'}
[5.063723] (px4_msgs) StdoutLine: {'line': b'-- Up-to-date symlink: /home/ubuntu/px4_ros2_ws/install/px4_msgs/include/px4_msgs/px4_msgs/msg/detail/qshell_req__struct.hpp\n'}
[5.063770] (px4_msgs) StdoutLine: {'line': b'-- Up-to-date symlink: /home/ubuntu/px4_ros2_ws/install/px4_msgs/include/px4_msgs/px4_msgs/msg/detail/qshell_req__traits.hpp\n'}
[5.063818] (px4_msgs) StdoutLine: {'line': b'-- Up-to-date symlink: /home/ubuntu/px4_ros2_ws/install/px4_msgs/include/px4_msgs/px4_msgs/msg/detail/qshell_req__type_support.hpp\n'}
[5.063866] (px4_msgs) StdoutLine: {'line': b'-- Up-to-date symlink: /home/ubuntu/px4_ros2_ws/install/px4_msgs/include/px4_msgs/px4_msgs/msg/detail/qshell_retval__builder.hpp\n'}
[5.063913] (px4_msgs) StdoutLine: {'line': b'-- Up-to-date symlink: /home/ubuntu/px4_ros2_ws/install/px4_msgs/include/px4_msgs/px4_msgs/msg/detail/qshell_retval__struct.hpp\n'}
[5.063960] (px4_msgs) StdoutLine: {'line': b'-- Up-to-date symlink: /home/ubuntu/px4_ros2_ws/install/px4_msgs/include/px4_msgs/px4_msgs/msg/detail/qshell_retval__traits.hpp\n'}
[5.064007] (px4_msgs) StdoutLine: {'line': b'-- Up-to-date symlink: /home/ubuntu/px4_ros2_ws/install/px4_msgs/include/px4_msgs/px4_msgs/msg/detail/qshell_retval__type_support.hpp\n'}
[5.064053] (px4_msgs) StdoutLine: {'line': b'-- Up-to-date symlink: /home/ubuntu/px4_ros2_ws/install/px4_msgs/include/px4_msgs/px4_msgs/msg/detail/radio_status__builder.hpp\n'}
[5.064101] (px4_msgs) StdoutLine: {'line': b'-- Up-to-date symlink: /home/ubuntu/px4_ros2_ws/install/px4_msgs/include/px4_msgs/px4_msgs/msg/detail/radio_status__struct.hpp\n'}
[5.064148] (px4_msgs) StdoutLine: {'line': b'-- Up-to-date symlink: /home/ubuntu/px4_ros2_ws/install/px4_msgs/include/px4_msgs/px4_msgs/msg/detail/radio_status__traits.hpp\n'}
[5.064197] (px4_msgs) StdoutLine: {'line': b'-- Up-to-date symlink: /home/ubuntu/px4_ros2_ws/install/px4_msgs/include/px4_msgs/px4_msgs/msg/detail/radio_status__type_support.hpp\n'}
[5.064244] (px4_msgs) StdoutLine: {'line': b'-- Up-to-date symlink: /home/ubuntu/px4_ros2_ws/install/px4_msgs/include/px4_msgs/px4_msgs/msg/detail/ranging_beacon__builder.hpp\n'}
[5.064292] (px4_msgs) StdoutLine: {'line': b'-- Up-to-date symlink: /home/ubuntu/px4_ros2_ws/install/px4_msgs/include/px4_msgs/px4_msgs/msg/detail/ranging_beacon__struct.hpp\n'}
[5.064339] (px4_msgs) StdoutLine: {'line': b'-- Up-to-date symlink: /home/ubuntu/px4_ros2_ws/install/px4_msgs/include/px4_msgs/px4_msgs/msg/detail/ranging_beacon__traits.hpp\n'}
[5.064387] (px4_msgs) StdoutLine: {'line': b'-- Up-to-date symlink: /home/ubuntu/px4_ros2_ws/install/px4_msgs/include/px4_msgs/px4_msgs/msg/detail/ranging_beacon__type_support.hpp\n'}
[5.064433] (px4_msgs) StdoutLine: {'line': b'-- Up-to-date symlink: /home/ubuntu/px4_ros2_ws/install/px4_msgs/include/px4_msgs/px4_msgs/msg/detail/raptor_input__builder.hpp\n'}
[5.064485] (px4_msgs) StdoutLine: {'line': b'-- Up-to-date symlink: /home/ubuntu/px4_ros2_ws/install/px4_msgs/include/px4_msgs/px4_msgs/msg/detail/raptor_input__struct.hpp\n'}
[5.064534] (px4_msgs) StdoutLine: {'line': b'-- Up-to-date symlink: /home/ubuntu/px4_ros2_ws/install/px4_msgs/include/px4_msgs/px4_msgs/msg/detail/raptor_input__traits.hpp\n'}
[5.064582] (px4_msgs) StdoutLine: {'line': b'-- Up-to-date symlink: /home/ubuntu/px4_ros2_ws/install/px4_msgs/include/px4_msgs/px4_msgs/msg/detail/raptor_input__type_support.hpp\n'}
[5.064630] (px4_msgs) StdoutLine: {'line': b'-- Up-to-date symlink: /home/ubuntu/px4_ros2_ws/install/px4_msgs/include/px4_msgs/px4_msgs/msg/detail/raptor_status__builder.hpp\n'}
[5.064679] (px4_msgs) StdoutLine: {'line': b'-- Up-to-date symlink: /home/ubuntu/px4_ros2_ws/install/px4_msgs/include/px4_msgs/px4_msgs/msg/detail/raptor_status__struct.hpp\n'}
[5.064726] (px4_msgs) StdoutLine: {'line': b'-- Up-to-date symlink: /home/ubuntu/px4_ros2_ws/install/px4_msgs/include/px4_msgs/px4_msgs/msg/detail/raptor_status__traits.hpp\n'}
[5.064774] (px4_msgs) StdoutLine: {'line': b'-- Up-to-date symlink: /home/ubuntu/px4_ros2_ws/install/px4_msgs/include/px4_msgs/px4_msgs/msg/detail/raptor_status__type_support.hpp\n'}
[5.064838] (px4_msgs) StdoutLine: {'line': b'-- Up-to-date symlink: /home/ubuntu/px4_ros2_ws/install/px4_msgs/include/px4_msgs/px4_msgs/msg/detail/rate_ctrl_status__builder.hpp\n'}
[5.064900] (px4_msgs) StdoutLine: {'line': b'-- Up-to-date symlink: /home/ubuntu/px4_ros2_ws/install/px4_msgs/include/px4_msgs/px4_msgs/msg/detail/rate_ctrl_status__struct.hpp\n'}
[5.064952] (px4_msgs) StdoutLine: {'line': b'-- Up-to-date symlink: /home/ubuntu/px4_ros2_ws/install/px4_msgs/include/px4_msgs/px4_msgs/msg/detail/rate_ctrl_status__traits.hpp\n'}
[5.065001] (px4_msgs) StdoutLine: {'line': b'-- Up-to-date symlink: /home/ubuntu/px4_ros2_ws/install/px4_msgs/include/px4_msgs/px4_msgs/msg/detail/rate_ctrl_status__type_support.hpp\n'}
[5.065054] (px4_msgs) StdoutLine: {'line': b'-- Up-to-date symlink: /home/ubuntu/px4_ros2_ws/install/px4_msgs/include/px4_msgs/px4_msgs/msg/detail/rc_channels__builder.hpp\n'}
[5.065110] (px4_msgs) StdoutLine: {'line': b'-- Up-to-date symlink: /home/ubuntu/px4_ros2_ws/install/px4_msgs/include/px4_msgs/px4_msgs/msg/detail/rc_channels__struct.hpp\n'}
[5.065160] (px4_msgs) StdoutLine: {'line': b'-- Up-to-date symlink: /home/ubuntu/px4_ros2_ws/install/px4_msgs/include/px4_msgs/px4_msgs/msg/detail/rc_channels__traits.hpp\n'}
[5.065210] (px4_msgs) StdoutLine: {'line': b'-- Up-to-date symlink: /home/ubuntu/px4_ros2_ws/install/px4_msgs/include/px4_msgs/px4_msgs/msg/detail/rc_channels__type_support.hpp\n'}
[5.065268] (px4_msgs) StdoutLine: {'line': b'-- Up-to-date symlink: /home/ubuntu/px4_ros2_ws/install/px4_msgs/include/px4_msgs/px4_msgs/msg/detail/rc_parameter_map__builder.hpp\n'}
[5.065318] (px4_msgs) StdoutLine: {'line': b'-- Up-to-date symlink: /home/ubuntu/px4_ros2_ws/install/px4_msgs/include/px4_msgs/px4_msgs/msg/detail/rc_parameter_map__struct.hpp\n'}
[5.065371] (px4_msgs) StdoutLine: {'line': b'-- Up-to-date symlink: /home/ubuntu/px4_ros2_ws/install/px4_msgs/include/px4_msgs/px4_msgs/msg/detail/rc_parameter_map__traits.hpp\n'}
[5.065425] (px4_msgs) StdoutLine: {'line': b'-- Up-to-date symlink: /home/ubuntu/px4_ros2_ws/install/px4_msgs/include/px4_msgs/px4_msgs/msg/detail/rc_parameter_map__type_support.hpp\n'}
[5.065493] (px4_msgs) StdoutLine: {'line': b'-- Up-to-date symlink: /home/ubuntu/px4_ros2_ws/install/px4_msgs/include/px4_msgs/px4_msgs/msg/detail/register_ext_component_reply__builder.hpp\n'}
[5.065543] (px4_msgs) StdoutLine: {'line': b'-- Up-to-date symlink: /home/ubuntu/px4_ros2_ws/install/px4_msgs/include/px4_msgs/px4_msgs/msg/detail/register_ext_component_reply__struct.hpp\n'}
[5.065591] (px4_msgs) StdoutLine: {'line': b'-- Up-to-date symlink: /home/ubuntu/px4_ros2_ws/install/px4_msgs/include/px4_msgs/px4_msgs/msg/detail/register_ext_component_reply__traits.hpp\n'}
[5.065639] (px4_msgs) StdoutLine: {'line': b'-- Up-to-date symlink: /home/ubuntu/px4_ros2_ws/install/px4_msgs/include/px4_msgs/px4_msgs/msg/detail/register_ext_component_reply__type_support.hpp\n'}
[5.065690] (px4_msgs) StdoutLine: {'line': b'-- Up-to-date symlink: /home/ubuntu/px4_ros2_ws/install/px4_msgs/include/px4_msgs/px4_msgs/msg/detail/register_ext_component_request__builder.hpp\n'}
[5.065741] (px4_msgs) StdoutLine: {'line': b'-- Up-to-date symlink: /home/ubuntu/px4_ros2_ws/install/px4_msgs/include/px4_msgs/px4_msgs/msg/detail/register_ext_component_request__struct.hpp\n'}
[5.065791] (px4_msgs) StdoutLine: {'line': b'-- Up-to-date symlink: /home/ubuntu/px4_ros2_ws/install/px4_msgs/include/px4_msgs/px4_msgs/msg/detail/register_ext_component_request__traits.hpp\n'}
[5.065843] (px4_msgs) StdoutLine: {'line': b'-- Up-to-date symlink: /home/ubuntu/px4_ros2_ws/install/px4_msgs/include/px4_msgs/px4_msgs/msg/detail/register_ext_component_request__type_support.hpp\n'}
[5.065897] (px4_msgs) StdoutLine: {'line': b'-- Up-to-date symlink: /home/ubuntu/px4_ros2_ws/install/px4_msgs/include/px4_msgs/px4_msgs/msg/detail/rover_attitude_setpoint__builder.hpp\n'}
[5.065952] (px4_msgs) StdoutLine: {'line': b'-- Up-to-date symlink: /home/ubuntu/px4_ros2_ws/install/px4_msgs/include/px4_msgs/px4_msgs/msg/detail/rover_attitude_setpoint__struct.hpp\n'}
[5.066006] (px4_msgs) StdoutLine: {'line': b'-- Up-to-date symlink: /home/ubuntu/px4_ros2_ws/install/px4_msgs/include/px4_msgs/px4_msgs/msg/detail/rover_attitude_setpoint__traits.hpp\n'}
[5.066054] (px4_msgs) StdoutLine: {'line': b'-- Up-to-date symlink: /home/ubuntu/px4_ros2_ws/install/px4_msgs/include/px4_msgs/px4_msgs/msg/detail/rover_attitude_setpoint__type_support.hpp\n'}
[5.066106] (px4_msgs) StdoutLine: {'line': b'-- Up-to-date symlink: /home/ubuntu/px4_ros2_ws/install/px4_msgs/include/px4_msgs/px4_msgs/msg/detail/rover_attitude_status__builder.hpp\n'}
[5.066192] (px4_msgs) StdoutLine: {'line': b'-- Up-to-date symlink: /home/ubuntu/px4_ros2_ws/install/px4_msgs/include/px4_msgs/px4_msgs/msg/detail/rover_attitude_status__struct.hpp\n'}
[5.066246] (px4_msgs) StdoutLine: {'line': b'-- Up-to-date symlink: /home/ubuntu/px4_ros2_ws/install/px4_msgs/include/px4_msgs/px4_msgs/msg/detail/rover_attitude_status__traits.hpp\n'}
[5.066311] (px4_msgs) StdoutLine: {'line': b'-- Up-to-date symlink: /home/ubuntu/px4_ros2_ws/install/px4_msgs/include/px4_msgs/px4_msgs/msg/detail/rover_attitude_status__type_support.hpp\n'}
[5.066359] (px4_msgs) StdoutLine: {'line': b'-- Up-to-date symlink: /home/ubuntu/px4_ros2_ws/install/px4_msgs/include/px4_msgs/px4_msgs/msg/detail/rover_position_setpoint__builder.hpp\n'}
[5.066402] (px4_msgs) StdoutLine: {'line': b'-- Up-to-date symlink: /home/ubuntu/px4_ros2_ws/install/px4_msgs/include/px4_msgs/px4_msgs/msg/detail/rover_position_setpoint__struct.hpp\n'}
[5.066445] (px4_msgs) StdoutLine: {'line': b'-- Up-to-date symlink: /home/ubuntu/px4_ros2_ws/install/px4_msgs/include/px4_msgs/px4_msgs/msg/detail/rover_position_setpoint__traits.hpp\n'}
[5.066497] (px4_msgs) StdoutLine: {'line': b'-- Up-to-date symlink: /home/ubuntu/px4_ros2_ws/install/px4_msgs/include/px4_msgs/px4_msgs/msg/detail/rover_position_setpoint__type_support.hpp\n'}
[5.066541] (px4_msgs) StdoutLine: {'line': b'-- Up-to-date symlink: /home/ubuntu/px4_ros2_ws/install/px4_msgs/include/px4_msgs/px4_msgs/msg/detail/rover_rate_setpoint__builder.hpp\n'}
[5.066584] (px4_msgs) StdoutLine: {'line': b'-- Up-to-date symlink: /home/ubuntu/px4_ros2_ws/install/px4_msgs/include/px4_msgs/px4_msgs/msg/detail/rover_rate_setpoint__struct.hpp\n'}
[5.066625] (px4_msgs) StdoutLine: {'line': b'-- Up-to-date symlink: /home/ubuntu/px4_ros2_ws/install/px4_msgs/include/px4_msgs/px4_msgs/msg/detail/rover_rate_setpoint__traits.hpp\n'}
[5.066675] (px4_msgs) StdoutLine: {'line': b'-- Up-to-date symlink: /home/ubuntu/px4_ros2_ws/install/px4_msgs/include/px4_msgs/px4_msgs/msg/detail/rover_rate_setpoint__type_support.hpp\n'}
[5.066723] (px4_msgs) StdoutLine: {'line': b'-- Up-to-date symlink: /home/ubuntu/px4_ros2_ws/install/px4_msgs/include/px4_msgs/px4_msgs/msg/detail/rover_rate_status__builder.hpp\n'}
[5.066769] (px4_msgs) StdoutLine: {'line': b'-- Up-to-date symlink: /home/ubuntu/px4_ros2_ws/install/px4_msgs/include/px4_msgs/px4_msgs/msg/detail/rover_rate_status__struct.hpp\n'}
[5.066816] (px4_msgs) StdoutLine: {'line': b'-- Up-to-date symlink: /home/ubuntu/px4_ros2_ws/install/px4_msgs/include/px4_msgs/px4_msgs/msg/detail/rover_rate_status__traits.hpp\n'}
[5.066865] (px4_msgs) StdoutLine: {'line': b'-- Up-to-date symlink: /home/ubuntu/px4_ros2_ws/install/px4_msgs/include/px4_msgs/px4_msgs/msg/detail/rover_rate_status__type_support.hpp\n'}
[5.066913] (px4_msgs) StdoutLine: {'line': b'-- Up-to-date symlink: /home/ubuntu/px4_ros2_ws/install/px4_msgs/include/px4_msgs/px4_msgs/msg/detail/rover_speed_setpoint__builder.hpp\n'}
[5.066960] (px4_msgs) StdoutLine: {'line': b'-- Up-to-date symlink: /home/ubuntu/px4_ros2_ws/install/px4_msgs/include/px4_msgs/px4_msgs/msg/detail/rover_speed_setpoint__struct.hpp\n'}
[5.067008] (px4_msgs) StdoutLine: {'line': b'-- Up-to-date symlink: /home/ubuntu/px4_ros2_ws/install/px4_msgs/include/px4_msgs/px4_msgs/msg/detail/rover_speed_setpoint__traits.hpp\n'}
[5.067055] (px4_msgs) StdoutLine: {'line': b'-- Up-to-date symlink: /home/ubuntu/px4_ros2_ws/install/px4_msgs/include/px4_msgs/px4_msgs/msg/detail/rover_speed_setpoint__type_support.hpp\n'}
[5.067105] (px4_msgs) StdoutLine: {'line': b'-- Up-to-date symlink: /home/ubuntu/px4_ros2_ws/install/px4_msgs/include/px4_msgs/px4_msgs/msg/detail/rover_speed_status__builder.hpp\n'}
[5.067156] (px4_msgs) StdoutLine: {'line': b'-- Up-to-date symlink: /home/ubuntu/px4_ros2_ws/install/px4_msgs/include/px4_msgs/px4_msgs/msg/detail/rover_speed_status__struct.hpp\n'}
[5.067206] (px4_msgs) StdoutLine: {'line': b'-- Up-to-date symlink: /home/ubuntu/px4_ros2_ws/install/px4_msgs/include/px4_msgs/px4_msgs/msg/detail/rover_speed_status__traits.hpp\n'}
[5.067257] (px4_msgs) StdoutLine: {'line': b'-- Up-to-date symlink: /home/ubuntu/px4_ros2_ws/install/px4_msgs/include/px4_msgs/px4_msgs/msg/detail/rover_speed_status__type_support.hpp\n'}
[5.067321] (px4_msgs) StdoutLine: {'line': b'-- Up-to-date symlink: /home/ubuntu/px4_ros2_ws/install/px4_msgs/include/px4_msgs/px4_msgs/msg/detail/rover_steering_setpoint__builder.hpp\n'}
[5.067372] (px4_msgs) StdoutLine: {'line': b'-- Up-to-date symlink: /home/ubuntu/px4_ros2_ws/install/px4_msgs/include/px4_msgs/px4_msgs/msg/detail/rover_steering_setpoint__struct.hpp\n'}
[5.067419] (px4_msgs) StdoutLine: {'line': b'-- Up-to-date symlink: /home/ubuntu/px4_ros2_ws/install/px4_msgs/include/px4_msgs/px4_msgs/msg/detail/rover_steering_setpoint__traits.hpp\n'}
[5.067481] (px4_msgs) StdoutLine: {'line': b'-- Up-to-date symlink: /home/ubuntu/px4_ros2_ws/install/px4_msgs/include/px4_msgs/px4_msgs/msg/detail/rover_steering_setpoint__type_support.hpp\n'}
[5.067531] (px4_msgs) StdoutLine: {'line': b'-- Up-to-date symlink: /home/ubuntu/px4_ros2_ws/install/px4_msgs/include/px4_msgs/px4_msgs/msg/detail/rover_throttle_setpoint__builder.hpp\n'}
[5.067584] (px4_msgs) StdoutLine: {'line': b'-- Up-to-date symlink: /home/ubuntu/px4_ros2_ws/install/px4_msgs/include/px4_msgs/px4_msgs/msg/detail/rover_throttle_setpoint__struct.hpp\n'}
[5.067633] (px4_msgs) StdoutLine: {'line': b'-- Up-to-date symlink: /home/ubuntu/px4_ros2_ws/install/px4_msgs/include/px4_msgs/px4_msgs/msg/detail/rover_throttle_setpoint__traits.hpp\n'}
[5.067684] (px4_msgs) StdoutLine: {'line': b'-- Up-to-date symlink: /home/ubuntu/px4_ros2_ws/install/px4_msgs/include/px4_msgs/px4_msgs/msg/detail/rover_throttle_setpoint__type_support.hpp\n'}
[5.067740] (px4_msgs) StdoutLine: {'line': b'-- Up-to-date symlink: /home/ubuntu/px4_ros2_ws/install/px4_msgs/include/px4_msgs/px4_msgs/msg/detail/rpm__builder.hpp\n'}
[5.067792] (px4_msgs) StdoutLine: {'line': b'-- Up-to-date symlink: /home/ubuntu/px4_ros2_ws/install/px4_msgs/include/px4_msgs/px4_msgs/msg/detail/rpm__struct.hpp\n'}
[5.067857] (px4_msgs) StdoutLine: {'line': b'-- Up-to-date symlink: /home/ubuntu/px4_ros2_ws/install/px4_msgs/include/px4_msgs/px4_msgs/msg/detail/rpm__traits.hpp\n'}
[5.067903] (px4_msgs) StdoutLine: {'line': b'-- Up-to-date symlink: /home/ubuntu/px4_ros2_ws/install/px4_msgs/include/px4_msgs/px4_msgs/msg/detail/rpm__type_support.hpp\n'}
[5.067942] (px4_msgs) StdoutLine: {'line': b'-- Up-to-date symlink: /home/ubuntu/px4_ros2_ws/install/px4_msgs/include/px4_msgs/px4_msgs/msg/detail/rtcm_data__builder.hpp\n'}
[5.067989] (px4_msgs) StdoutLine: {'line': b'-- Up-to-date symlink: /home/ubuntu/px4_ros2_ws/install/px4_msgs/include/px4_msgs/px4_msgs/msg/detail/rtcm_data__struct.hpp\n'}
[5.068058] (px4_msgs) StdoutLine: {'line': b'-- Up-to-date symlink: /home/ubuntu/px4_ros2_ws/install/px4_msgs/include/px4_msgs/px4_msgs/msg/detail/rtcm_data__traits.hpp\n'}
[5.068113] (px4_msgs) StdoutLine: {'line': b'-- Up-to-date symlink: /home/ubuntu/px4_ros2_ws/install/px4_msgs/include/px4_msgs/px4_msgs/msg/detail/rtcm_data__type_support.hpp\n'}
[5.068166] (px4_msgs) StdoutLine: {'line': b'-- Up-to-date symlink: /home/ubuntu/px4_ros2_ws/install/px4_msgs/include/px4_msgs/px4_msgs/msg/detail/rtl_status__builder.hpp\n'}
[5.068217] (px4_msgs) StdoutLine: {'line': b'-- Up-to-date symlink: /home/ubuntu/px4_ros2_ws/install/px4_msgs/include/px4_msgs/px4_msgs/msg/detail/rtl_status__struct.hpp\n'}
[5.068260] (px4_msgs) StdoutLine: {'line': b'-- Up-to-date symlink: /home/ubuntu/px4_ros2_ws/install/px4_msgs/include/px4_msgs/px4_msgs/msg/detail/rtl_status__traits.hpp\n'}
[5.068299] (px4_msgs) StdoutLine: {'line': b'-- Up-to-date symlink: /home/ubuntu/px4_ros2_ws/install/px4_msgs/include/px4_msgs/px4_msgs/msg/detail/rtl_status__type_support.hpp\n'}
[5.068340] (px4_msgs) StdoutLine: {'line': b'-- Up-to-date symlink: /home/ubuntu/px4_ros2_ws/install/px4_msgs/include/px4_msgs/px4_msgs/msg/detail/rtl_time_estimate__builder.hpp\n'}
[5.068383] (px4_msgs) StdoutLine: {'line': b'-- Up-to-date symlink: /home/ubuntu/px4_ros2_ws/install/px4_msgs/include/px4_msgs/px4_msgs/msg/detail/rtl_time_estimate__struct.hpp\n'}
[5.068434] (px4_msgs) StdoutLine: {'line': b'-- Up-to-date symlink: /home/ubuntu/px4_ros2_ws/install/px4_msgs/include/px4_msgs/px4_msgs/msg/detail/rtl_time_estimate__traits.hpp\n'}
[5.068490] (px4_msgs) StdoutLine: {'line': b'-- Up-to-date symlink: /home/ubuntu/px4_ros2_ws/install/px4_msgs/include/px4_msgs/px4_msgs/msg/detail/rtl_time_estimate__type_support.hpp\n'}
[5.068542] (px4_msgs) StdoutLine: {'line': b'-- Up-to-date symlink: /home/ubuntu/px4_ros2_ws/install/px4_msgs/include/px4_msgs/px4_msgs/msg/detail/satellite_info__builder.hpp\n'}
[5.068595] (px4_msgs) StdoutLine: {'line': b'-- Up-to-date symlink: /home/ubuntu/px4_ros2_ws/install/px4_msgs/include/px4_msgs/px4_msgs/msg/detail/satellite_info__struct.hpp\n'}
[5.068648] (px4_msgs) StdoutLine: {'line': b'-- Up-to-date symlink: /home/ubuntu/px4_ros2_ws/install/px4_msgs/include/px4_msgs/px4_msgs/msg/detail/satellite_info__traits.hpp\n'}
[5.068699] (px4_msgs) StdoutLine: {'line': b'-- Up-to-date symlink: /home/ubuntu/px4_ros2_ws/install/px4_msgs/include/px4_msgs/px4_msgs/msg/detail/satellite_info__type_support.hpp\n'}
[5.068749] (px4_msgs) StdoutLine: {'line': b'-- Up-to-date symlink: /home/ubuntu/px4_ros2_ws/install/px4_msgs/include/px4_msgs/px4_msgs/msg/detail/sensor_accel__builder.hpp\n'}
[5.068809] (px4_msgs) StdoutLine: {'line': b'-- Up-to-date symlink: /home/ubuntu/px4_ros2_ws/install/px4_msgs/include/px4_msgs/px4_msgs/msg/detail/sensor_accel__struct.hpp\n'}
[5.068862] (px4_msgs) StdoutLine: {'line': b'-- Up-to-date symlink: /home/ubuntu/px4_ros2_ws/install/px4_msgs/include/px4_msgs/px4_msgs/msg/detail/sensor_accel__traits.hpp\n'}
[5.068915] (px4_msgs) StdoutLine: {'line': b'-- Up-to-date symlink: /home/ubuntu/px4_ros2_ws/install/px4_msgs/include/px4_msgs/px4_msgs/msg/detail/sensor_accel__type_support.hpp\n'}
[5.068964] (px4_msgs) StdoutLine: {'line': b'-- Up-to-date symlink: /home/ubuntu/px4_ros2_ws/install/px4_msgs/include/px4_msgs/px4_msgs/msg/detail/sensor_accel_fifo__builder.hpp\n'}
[5.069013] (px4_msgs) StdoutLine: {'line': b'-- Up-to-date symlink: /home/ubuntu/px4_ros2_ws/install/px4_msgs/include/px4_msgs/px4_msgs/msg/detail/sensor_accel_fifo__struct.hpp\n'}
[5.069072] (px4_msgs) StdoutLine: {'line': b'-- Up-to-date symlink: /home/ubuntu/px4_ros2_ws/install/px4_msgs/include/px4_msgs/px4_msgs/msg/detail/sensor_accel_fifo__traits.hpp\n'}
[5.069136] (px4_msgs) StdoutLine: {'line': b'-- Up-to-date symlink: /home/ubuntu/px4_ros2_ws/install/px4_msgs/include/px4_msgs/px4_msgs/msg/detail/sensor_accel_fifo__type_support.hpp\n'}
[5.069187] (px4_msgs) StdoutLine: {'line': b'-- Up-to-date symlink: /home/ubuntu/px4_ros2_ws/install/px4_msgs/include/px4_msgs/px4_msgs/msg/detail/sensor_airflow__builder.hpp\n'}
[5.069235] (px4_msgs) StdoutLine: {'line': b'-- Up-to-date symlink: /home/ubuntu/px4_ros2_ws/install/px4_msgs/include/px4_msgs/px4_msgs/msg/detail/sensor_airflow__struct.hpp\n'}
[5.069283] (px4_msgs) StdoutLine: {'line': b'-- Up-to-date symlink: /home/ubuntu/px4_ros2_ws/install/px4_msgs/include/px4_msgs/px4_msgs/msg/detail/sensor_airflow__traits.hpp\n'}
[5.069324] (px4_msgs) StdoutLine: {'line': b'-- Up-to-date symlink: /home/ubuntu/px4_ros2_ws/install/px4_msgs/include/px4_msgs/px4_msgs/msg/detail/sensor_airflow__type_support.hpp\n'}
[5.069371] (px4_msgs) StdoutLine: {'line': b'-- Up-to-date symlink: /home/ubuntu/px4_ros2_ws/install/px4_msgs/include/px4_msgs/px4_msgs/msg/detail/sensor_baro__builder.hpp\n'}
[5.069420] (px4_msgs) StdoutLine: {'line': b'-- Up-to-date symlink: /home/ubuntu/px4_ros2_ws/install/px4_msgs/include/px4_msgs/px4_msgs/msg/detail/sensor_baro__struct.hpp\n'}
[5.069472] (px4_msgs) StdoutLine: {'line': b'-- Up-to-date symlink: /home/ubuntu/px4_ros2_ws/install/px4_msgs/include/px4_msgs/px4_msgs/msg/detail/sensor_baro__traits.hpp\n'}
[5.069520] (px4_msgs) StdoutLine: {'line': b'-- Up-to-date symlink: /home/ubuntu/px4_ros2_ws/install/px4_msgs/include/px4_msgs/px4_msgs/msg/detail/sensor_baro__type_support.hpp\n'}
[5.069568] (px4_msgs) StdoutLine: {'line': b'-- Up-to-date symlink: /home/ubuntu/px4_ros2_ws/install/px4_msgs/include/px4_msgs/px4_msgs/msg/detail/sensor_combined__builder.hpp\n'}
[5.069617] (px4_msgs) StdoutLine: {'line': b'-- Up-to-date symlink: /home/ubuntu/px4_ros2_ws/install/px4_msgs/include/px4_msgs/px4_msgs/msg/detail/sensor_combined__struct.hpp\n'}
[5.069681] (px4_msgs) StdoutLine: {'line': b'-- Up-to-date symlink: /home/ubuntu/px4_ros2_ws/install/px4_msgs/include/px4_msgs/px4_msgs/msg/detail/sensor_combined__traits.hpp\n'}
[5.069723] (px4_msgs) StdoutLine: {'line': b'-- Up-to-date symlink: /home/ubuntu/px4_ros2_ws/install/px4_msgs/include/px4_msgs/px4_msgs/msg/detail/sensor_combined__type_support.hpp\n'}
[5.069770] (px4_msgs) StdoutLine: {'line': b'-- Up-to-date symlink: /home/ubuntu/px4_ros2_ws/install/px4_msgs/include/px4_msgs/px4_msgs/msg/detail/sensor_correction__builder.hpp\n'}
[5.069816] (px4_msgs) StdoutLine: {'line': b'-- Up-to-date symlink: /home/ubuntu/px4_ros2_ws/install/px4_msgs/include/px4_msgs/px4_msgs/msg/detail/sensor_correction__struct.hpp\n'}
[5.069862] (px4_msgs) StdoutLine: {'line': b'-- Up-to-date symlink: /home/ubuntu/px4_ros2_ws/install/px4_msgs/include/px4_msgs/px4_msgs/msg/detail/sensor_correction__traits.hpp\n'}
[5.069909] (px4_msgs) StdoutLine: {'line': b'-- Up-to-date symlink: /home/ubuntu/px4_ros2_ws/install/px4_msgs/include/px4_msgs/px4_msgs/msg/detail/sensor_correction__type_support.hpp\n'}
[5.069956] (px4_msgs) StdoutLine: {'line': b'-- Up-to-date symlink: /home/ubuntu/px4_ros2_ws/install/px4_msgs/include/px4_msgs/px4_msgs/msg/detail/sensor_gnss_relative__builder.hpp\n'}
[5.070003] (px4_msgs) StdoutLine: {'line': b'-- Up-to-date symlink: /home/ubuntu/px4_ros2_ws/install/px4_msgs/include/px4_msgs/px4_msgs/msg/detail/sensor_gnss_relative__struct.hpp\n'}
[5.070049] (px4_msgs) StdoutLine: {'line': b'-- Up-to-date symlink: /home/ubuntu/px4_ros2_ws/install/px4_msgs/include/px4_msgs/px4_msgs/msg/detail/sensor_gnss_relative__traits.hpp\n'}
[5.070096] (px4_msgs) StdoutLine: {'line': b'-- Up-to-date symlink: /home/ubuntu/px4_ros2_ws/install/px4_msgs/include/px4_msgs/px4_msgs/msg/detail/sensor_gnss_relative__type_support.hpp\n'}
[5.070143] (px4_msgs) StdoutLine: {'line': b'-- Up-to-date symlink: /home/ubuntu/px4_ros2_ws/install/px4_msgs/include/px4_msgs/px4_msgs/msg/detail/sensor_gnss_status__builder.hpp\n'}
[5.070189] (px4_msgs) StdoutLine: {'line': b'-- Up-to-date symlink: /home/ubuntu/px4_ros2_ws/install/px4_msgs/include/px4_msgs/px4_msgs/msg/detail/sensor_gnss_status__struct.hpp\n'}
[5.070235] (px4_msgs) StdoutLine: {'line': b'-- Up-to-date symlink: /home/ubuntu/px4_ros2_ws/install/px4_msgs/include/px4_msgs/px4_msgs/msg/detail/sensor_gnss_status__traits.hpp\n'}
[5.070282] (px4_msgs) StdoutLine: {'line': b'-- Up-to-date symlink: /home/ubuntu/px4_ros2_ws/install/px4_msgs/include/px4_msgs/px4_msgs/msg/detail/sensor_gnss_status__type_support.hpp\n'}
[5.070329] (px4_msgs) StdoutLine: {'line': b'-- Up-to-date symlink: /home/ubuntu/px4_ros2_ws/install/px4_msgs/include/px4_msgs/px4_msgs/msg/detail/sensor_gps__builder.hpp\n'}
[5.070378] (px4_msgs) StdoutLine: {'line': b'-- Up-to-date symlink: /home/ubuntu/px4_ros2_ws/install/px4_msgs/include/px4_msgs/px4_msgs/msg/detail/sensor_gps__struct.hpp\n'}
[5.070425] (px4_msgs) StdoutLine: {'line': b'-- Up-to-date symlink: /home/ubuntu/px4_ros2_ws/install/px4_msgs/include/px4_msgs/px4_msgs/msg/detail/sensor_gps__traits.hpp\n'}
[5.070476] (px4_msgs) StdoutLine: {'line': b'-- Up-to-date symlink: /home/ubuntu/px4_ros2_ws/install/px4_msgs/include/px4_msgs/px4_msgs/msg/detail/sensor_gps__type_support.hpp\n'}
[5.070526] (px4_msgs) StdoutLine: {'line': b'-- Up-to-date symlink: /home/ubuntu/px4_ros2_ws/install/px4_msgs/include/px4_msgs/px4_msgs/msg/detail/sensor_gyro__builder.hpp\n'}
[5.070573] (px4_msgs) StdoutLine: {'line': b'-- Up-to-date symlink: /home/ubuntu/px4_ros2_ws/install/px4_msgs/include/px4_msgs/px4_msgs/msg/detail/sensor_gyro__struct.hpp\n'}
[5.070621] (px4_msgs) StdoutLine: {'line': b'-- Up-to-date symlink: /home/ubuntu/px4_ros2_ws/install/px4_msgs/include/px4_msgs/px4_msgs/msg/detail/sensor_gyro__traits.hpp\n'}
[5.070670] (px4_msgs) StdoutLine: {'line': b'-- Up-to-date symlink: /home/ubuntu/px4_ros2_ws/install/px4_msgs/include/px4_msgs/px4_msgs/msg/detail/sensor_gyro__type_support.hpp\n'}
[5.070718] (px4_msgs) StdoutLine: {'line': b'-- Up-to-date symlink: /home/ubuntu/px4_ros2_ws/install/px4_msgs/include/px4_msgs/px4_msgs/msg/detail/sensor_gyro_fft__builder.hpp\n'}
[5.070766] (px4_msgs) StdoutLine: {'line': b'-- Up-to-date symlink: /home/ubuntu/px4_ros2_ws/install/px4_msgs/include/px4_msgs/px4_msgs/msg/detail/sensor_gyro_fft__struct.hpp\n'}
[5.070811] (px4_msgs) StdoutLine: {'line': b'-- Up-to-date symlink: /home/ubuntu/px4_ros2_ws/install/px4_msgs/include/px4_msgs/px4_msgs/msg/detail/sensor_gyro_fft__traits.hpp\n'}
[5.070859] (px4_msgs) StdoutLine: {'line': b'-- Up-to-date symlink: /home/ubuntu/px4_ros2_ws/install/px4_msgs/include/px4_msgs/px4_msgs/msg/detail/sensor_gyro_fft__type_support.hpp\n'}
[5.070906] (px4_msgs) StdoutLine: {'line': b'-- Up-to-date symlink: /home/ubuntu/px4_ros2_ws/install/px4_msgs/include/px4_msgs/px4_msgs/msg/detail/sensor_gyro_fifo__builder.hpp\n'}
[5.070953] (px4_msgs) StdoutLine: {'line': b'-- Up-to-date symlink: /home/ubuntu/px4_ros2_ws/install/px4_msgs/include/px4_msgs/px4_msgs/msg/detail/sensor_gyro_fifo__struct.hpp\n'}
[5.071000] (px4_msgs) StdoutLine: {'line': b'-- Up-to-date symlink: /home/ubuntu/px4_ros2_ws/install/px4_msgs/include/px4_msgs/px4_msgs/msg/detail/sensor_gyro_fifo__traits.hpp\n'}
[5.071050] (px4_msgs) StdoutLine: {'line': b'-- Up-to-date symlink: /home/ubuntu/px4_ros2_ws/install/px4_msgs/include/px4_msgs/px4_msgs/msg/detail/sensor_gyro_fifo__type_support.hpp\n'}
[5.071098] (px4_msgs) StdoutLine: {'line': b'-- Up-to-date symlink: /home/ubuntu/px4_ros2_ws/install/px4_msgs/include/px4_msgs/px4_msgs/msg/detail/sensor_hygrometer__builder.hpp\n'}
[5.071145] (px4_msgs) StdoutLine: {'line': b'-- Up-to-date symlink: /home/ubuntu/px4_ros2_ws/install/px4_msgs/include/px4_msgs/px4_msgs/msg/detail/sensor_hygrometer__struct.hpp\n'}
[5.071193] (px4_msgs) StdoutLine: {'line': b'-- Up-to-date symlink: /home/ubuntu/px4_ros2_ws/install/px4_msgs/include/px4_msgs/px4_msgs/msg/detail/sensor_hygrometer__traits.hpp\n'}
[5.071239] (px4_msgs) StdoutLine: {'line': b'-- Up-to-date symlink: /home/ubuntu/px4_ros2_ws/install/px4_msgs/include/px4_msgs/px4_msgs/msg/detail/sensor_hygrometer__type_support.hpp\n'}
[5.071288] (px4_msgs) StdoutLine: {'line': b'-- Up-to-date symlink: /home/ubuntu/px4_ros2_ws/install/px4_msgs/include/px4_msgs/px4_msgs/msg/detail/sensor_mag__builder.hpp\n'}
[5.071335] (px4_msgs) StdoutLine: {'line': b'-- Up-to-date symlink: /home/ubuntu/px4_ros2_ws/install/px4_msgs/include/px4_msgs/px4_msgs/msg/detail/sensor_mag__struct.hpp\n'}
[5.071382] (px4_msgs) StdoutLine: {'line': b'-- Up-to-date symlink: /home/ubuntu/px4_ros2_ws/install/px4_msgs/include/px4_msgs/px4_msgs/msg/detail/sensor_mag__traits.hpp\n'}
[5.071429] (px4_msgs) StdoutLine: {'line': b'-- Up-to-date symlink: /home/ubuntu/px4_ros2_ws/install/px4_msgs/include/px4_msgs/px4_msgs/msg/detail/sensor_mag__type_support.hpp\n'}
[5.071484] (px4_msgs) StdoutLine: {'line': b'-- Up-to-date symlink: /home/ubuntu/px4_ros2_ws/install/px4_msgs/include/px4_msgs/px4_msgs/msg/detail/sensor_optical_flow__builder.hpp\n'}
[5.071532] (px4_msgs) StdoutLine: {'line': b'-- Up-to-date symlink: /home/ubuntu/px4_ros2_ws/install/px4_msgs/include/px4_msgs/px4_msgs/msg/detail/sensor_optical_flow__struct.hpp\n'}
[5.071581] (px4_msgs) StdoutLine: {'line': b'-- Up-to-date symlink: /home/ubuntu/px4_ros2_ws/install/px4_msgs/include/px4_msgs/px4_msgs/msg/detail/sensor_optical_flow__traits.hpp\n'}
[5.071631] (px4_msgs) StdoutLine: {'line': b'-- Up-to-date symlink: /home/ubuntu/px4_ros2_ws/install/px4_msgs/include/px4_msgs/px4_msgs/msg/detail/sensor_optical_flow__type_support.hpp\n'}
[5.071679] (px4_msgs) StdoutLine: {'line': b'-- Up-to-date symlink: /home/ubuntu/px4_ros2_ws/install/px4_msgs/include/px4_msgs/px4_msgs/msg/detail/sensor_preflight_mag__builder.hpp\n'}
[5.071728] (px4_msgs) StdoutLine: {'line': b'-- Up-to-date symlink: /home/ubuntu/px4_ros2_ws/install/px4_msgs/include/px4_msgs/px4_msgs/msg/detail/sensor_preflight_mag__struct.hpp\n'}
[5.071779] (px4_msgs) StdoutLine: {'line': b'-- Up-to-date symlink: /home/ubuntu/px4_ros2_ws/install/px4_msgs/include/px4_msgs/px4_msgs/msg/detail/sensor_preflight_mag__traits.hpp\n'}
[5.071849] (px4_msgs) StdoutLine: {'line': b'-- Up-to-date symlink: /home/ubuntu/px4_ros2_ws/install/px4_msgs/include/px4_msgs/px4_msgs/msg/detail/sensor_preflight_mag__type_support.hpp\n'}
[5.071895] (px4_msgs) StdoutLine: {'line': b'-- Up-to-date symlink: /home/ubuntu/px4_ros2_ws/install/px4_msgs/include/px4_msgs/px4_msgs/msg/detail/sensor_selection__builder.hpp\n'}
[5.071944] (px4_msgs) StdoutLine: {'line': b'-- Up-to-date symlink: /home/ubuntu/px4_ros2_ws/install/px4_msgs/include/px4_msgs/px4_msgs/msg/detail/sensor_selection__struct.hpp\n'}
[5.071998] (px4_msgs) StdoutLine: {'line': b'-- Up-to-date symlink: /home/ubuntu/px4_ros2_ws/install/px4_msgs/include/px4_msgs/px4_msgs/msg/detail/sensor_selection__traits.hpp\n'}
[5.072054] (px4_msgs) StdoutLine: {'line': b'-- Up-to-date symlink: /home/ubuntu/px4_ros2_ws/install/px4_msgs/include/px4_msgs/px4_msgs/msg/detail/sensor_selection__type_support.hpp\n'}
[5.072107] (px4_msgs) StdoutLine: {'line': b'-- Up-to-date symlink: /home/ubuntu/px4_ros2_ws/install/px4_msgs/include/px4_msgs/px4_msgs/msg/detail/sensor_temp__builder.hpp\n'}
[5.072155] (px4_msgs) StdoutLine: {'line': b'-- Up-to-date symlink: /home/ubuntu/px4_ros2_ws/install/px4_msgs/include/px4_msgs/px4_msgs/msg/detail/sensor_temp__struct.hpp\n'}
[5.072203] (px4_msgs) StdoutLine: {'line': b'-- Up-to-date symlink: /home/ubuntu/px4_ros2_ws/install/px4_msgs/include/px4_msgs/px4_msgs/msg/detail/sensor_temp__traits.hpp\n'}
[5.072260] (px4_msgs) StdoutLine: {'line': b'-- Up-to-date symlink: /home/ubuntu/px4_ros2_ws/install/px4_msgs/include/px4_msgs/px4_msgs/msg/detail/sensor_temp__type_support.hpp\n'}
[5.072310] (px4_msgs) StdoutLine: {'line': b'-- Up-to-date symlink: /home/ubuntu/px4_ros2_ws/install/px4_msgs/include/px4_msgs/px4_msgs/msg/detail/sensor_uwb__builder.hpp\n'}
[5.072375] (px4_msgs) StdoutLine: {'line': b'-- Up-to-date symlink: /home/ubuntu/px4_ros2_ws/install/px4_msgs/include/px4_msgs/px4_msgs/msg/detail/sensor_uwb__struct.hpp\n'}
[5.072429] (px4_msgs) StdoutLine: {'line': b'-- Up-to-date symlink: /home/ubuntu/px4_ros2_ws/install/px4_msgs/include/px4_msgs/px4_msgs/msg/detail/sensor_uwb__traits.hpp\n'}
[5.072493] (px4_msgs) StdoutLine: {'line': b'-- Up-to-date symlink: /home/ubuntu/px4_ros2_ws/install/px4_msgs/include/px4_msgs/px4_msgs/msg/detail/sensor_uwb__type_support.hpp\n'}
[5.072541] (px4_msgs) StdoutLine: {'line': b'-- Up-to-date symlink: /home/ubuntu/px4_ros2_ws/install/px4_msgs/include/px4_msgs/px4_msgs/msg/detail/sensors_status__builder.hpp\n'}
[5.072588] (px4_msgs) StdoutLine: {'line': b'-- Up-to-date symlink: /home/ubuntu/px4_ros2_ws/install/px4_msgs/include/px4_msgs/px4_msgs/msg/detail/sensors_status__struct.hpp\n'}
[5.072641] (px4_msgs) StdoutLine: {'line': b'-- Up-to-date symlink: /home/ubuntu/px4_ros2_ws/install/px4_msgs/include/px4_msgs/px4_msgs/msg/detail/sensors_status__traits.hpp\n'}
[5.072689] (px4_msgs) StdoutLine: {'line': b'-- Up-to-date symlink: /home/ubuntu/px4_ros2_ws/install/px4_msgs/include/px4_msgs/px4_msgs/msg/detail/sensors_status__type_support.hpp\n'}
[5.072740] (px4_msgs) StdoutLine: {'line': b'-- Up-to-date symlink: /home/ubuntu/px4_ros2_ws/install/px4_msgs/include/px4_msgs/px4_msgs/msg/detail/sensors_status_imu__builder.hpp\n'}
[5.072874] (px4_msgs) StdoutLine: {'line': b'-- Up-to-date symlink: /home/ubuntu/px4_ros2_ws/install/px4_msgs/include/px4_msgs/px4_msgs/msg/detail/sensors_status_imu__struct.hpp\n'}
[5.072928] (px4_msgs) StdoutLine: {'line': b'-- Up-to-date symlink: /home/ubuntu/px4_ros2_ws/install/px4_msgs/include/px4_msgs/px4_msgs/msg/detail/sensors_status_imu__traits.hpp\n'}
[5.072958] (px4_msgs) StdoutLine: {'line': b'-- Up-to-date symlink: /home/ubuntu/px4_ros2_ws/install/px4_msgs/include/px4_msgs/px4_msgs/msg/detail/sensors_status_imu__type_support.hpp\n'}
[5.072999] (px4_msgs) StdoutLine: {'line': b'-- Up-to-date symlink: /home/ubuntu/px4_ros2_ws/install/px4_msgs/include/px4_msgs/px4_msgs/msg/detail/setpoint_config__builder.hpp\n'}
[5.073043] (px4_msgs) StdoutLine: {'line': b'-- Up-to-date symlink: /home/ubuntu/px4_ros2_ws/install/px4_msgs/include/px4_msgs/px4_msgs/msg/detail/setpoint_config__struct.hpp\n'}
[5.073089] (px4_msgs) StdoutLine: {'line': b'-- Up-to-date symlink: /home/ubuntu/px4_ros2_ws/install/px4_msgs/include/px4_msgs/px4_msgs/msg/detail/setpoint_config__traits.hpp\n'}
[5.073134] (px4_msgs) StdoutLine: {'line': b'-- Up-to-date symlink: /home/ubuntu/px4_ros2_ws/install/px4_msgs/include/px4_msgs/px4_msgs/msg/detail/setpoint_config__type_support.hpp\n'}
[5.073179] (px4_msgs) StdoutLine: {'line': b'-- Up-to-date symlink: /home/ubuntu/px4_ros2_ws/install/px4_msgs/include/px4_msgs/px4_msgs/msg/detail/setpoint_config_reply__builder.hpp\n'}
[5.073260] (px4_msgs) StdoutLine: {'line': b'-- Up-to-date symlink: /home/ubuntu/px4_ros2_ws/install/px4_msgs/include/px4_msgs/px4_msgs/msg/detail/setpoint_config_reply__struct.hpp\n'}
[5.073308] (px4_msgs) StdoutLine: {'line': b'-- Up-to-date symlink: /home/ubuntu/px4_ros2_ws/install/px4_msgs/include/px4_msgs/px4_msgs/msg/detail/setpoint_config_reply__traits.hpp\n'}
[5.073350] (px4_msgs) StdoutLine: {'line': b'-- Up-to-date symlink: /home/ubuntu/px4_ros2_ws/install/px4_msgs/include/px4_msgs/px4_msgs/msg/detail/setpoint_config_reply__type_support.hpp\n'}
[5.073398] (px4_msgs) StdoutLine: {'line': b'-- Up-to-date symlink: /home/ubuntu/px4_ros2_ws/install/px4_msgs/include/px4_msgs/px4_msgs/msg/detail/system_power__builder.hpp\n'}
[5.073445] (px4_msgs) StdoutLine: {'line': b'-- Up-to-date symlink: /home/ubuntu/px4_ros2_ws/install/px4_msgs/include/px4_msgs/px4_msgs/msg/detail/system_power__struct.hpp\n'}
[5.073499] (px4_msgs) StdoutLine: {'line': b'-- Up-to-date symlink: /home/ubuntu/px4_ros2_ws/install/px4_msgs/include/px4_msgs/px4_msgs/msg/detail/system_power__traits.hpp\n'}
[5.073547] (px4_msgs) StdoutLine: {'line': b'-- Up-to-date symlink: /home/ubuntu/px4_ros2_ws/install/px4_msgs/include/px4_msgs/px4_msgs/msg/detail/system_power__type_support.hpp\n'}
[5.073596] (px4_msgs) StdoutLine: {'line': b'-- Up-to-date symlink: /home/ubuntu/px4_ros2_ws/install/px4_msgs/include/px4_msgs/px4_msgs/msg/detail/takeoff_status__builder.hpp\n'}
[5.073646] (px4_msgs) StdoutLine: {'line': b'-- Up-to-date symlink: /home/ubuntu/px4_ros2_ws/install/px4_msgs/include/px4_msgs/px4_msgs/msg/detail/takeoff_status__struct.hpp\n'}
[5.073693] (px4_msgs) StdoutLine: {'line': b'-- Up-to-date symlink: /home/ubuntu/px4_ros2_ws/install/px4_msgs/include/px4_msgs/px4_msgs/msg/detail/takeoff_status__traits.hpp\n'}
[5.073740] (px4_msgs) StdoutLine: {'line': b'-- Up-to-date symlink: /home/ubuntu/px4_ros2_ws/install/px4_msgs/include/px4_msgs/px4_msgs/msg/detail/takeoff_status__type_support.hpp\n'}
[5.073789] (px4_msgs) StdoutLine: {'line': b'-- Up-to-date symlink: /home/ubuntu/px4_ros2_ws/install/px4_msgs/include/px4_msgs/px4_msgs/msg/detail/target_gnss__builder.hpp\n'}
[5.073836] (px4_msgs) StdoutLine: {'line': b'-- Up-to-date symlink: /home/ubuntu/px4_ros2_ws/install/px4_msgs/include/px4_msgs/px4_msgs/msg/detail/target_gnss__struct.hpp\n'}
[5.073884] (px4_msgs) StdoutLine: {'line': b'-- Up-to-date symlink: /home/ubuntu/px4_ros2_ws/install/px4_msgs/include/px4_msgs/px4_msgs/msg/detail/target_gnss__traits.hpp\n'}
[5.073933] (px4_msgs) StdoutLine: {'line': b'-- Up-to-date symlink: /home/ubuntu/px4_ros2_ws/install/px4_msgs/include/px4_msgs/px4_msgs/msg/detail/target_gnss__type_support.hpp\n'}
[5.073981] (px4_msgs) StdoutLine: {'line': b'-- Up-to-date symlink: /home/ubuntu/px4_ros2_ws/install/px4_msgs/include/px4_msgs/px4_msgs/msg/detail/task_stack_info__builder.hpp\n'}
[5.074029] (px4_msgs) StdoutLine: {'line': b'-- Up-to-date symlink: /home/ubuntu/px4_ros2_ws/install/px4_msgs/include/px4_msgs/px4_msgs/msg/detail/task_stack_info__struct.hpp\n'}
[5.074076] (px4_msgs) StdoutLine: {'line': b'-- Up-to-date symlink: /home/ubuntu/px4_ros2_ws/install/px4_msgs/include/px4_msgs/px4_msgs/msg/detail/task_stack_info__traits.hpp\n'}
[5.074124] (px4_msgs) StdoutLine: {'line': b'-- Up-to-date symlink: /home/ubuntu/px4_ros2_ws/install/px4_msgs/include/px4_msgs/px4_msgs/msg/detail/task_stack_info__type_support.hpp\n'}
[5.074173] (px4_msgs) StdoutLine: {'line': b'-- Up-to-date symlink: /home/ubuntu/px4_ros2_ws/install/px4_msgs/include/px4_msgs/px4_msgs/msg/detail/tecs_status__builder.hpp\n'}
[5.074228] (px4_msgs) StdoutLine: {'line': b'-- Up-to-date symlink: /home/ubuntu/px4_ros2_ws/install/px4_msgs/include/px4_msgs/px4_msgs/msg/detail/tecs_status__struct.hpp\n'}
[5.074275] (px4_msgs) StdoutLine: {'line': b'-- Up-to-date symlink: /home/ubuntu/px4_ros2_ws/install/px4_msgs/include/px4_msgs/px4_msgs/msg/detail/tecs_status__traits.hpp\n'}
[5.074325] (px4_msgs) StdoutLine: {'line': b'-- Up-to-date symlink: /home/ubuntu/px4_ros2_ws/install/px4_msgs/include/px4_msgs/px4_msgs/msg/detail/tecs_status__type_support.hpp\n'}
[5.074374] (px4_msgs) StdoutLine: {'line': b'-- Up-to-date symlink: /home/ubuntu/px4_ros2_ws/install/px4_msgs/include/px4_msgs/px4_msgs/msg/detail/telemetry_status__builder.hpp\n'}
[5.074424] (px4_msgs) StdoutLine: {'line': b'-- Up-to-date symlink: /home/ubuntu/px4_ros2_ws/install/px4_msgs/include/px4_msgs/px4_msgs/msg/detail/telemetry_status__struct.hpp\n'}
[5.074486] (px4_msgs) StdoutLine: {'line': b'-- Up-to-date symlink: /home/ubuntu/px4_ros2_ws/install/px4_msgs/include/px4_msgs/px4_msgs/msg/detail/telemetry_status__traits.hpp\n'}
[5.074533] (px4_msgs) StdoutLine: {'line': b'-- Up-to-date symlink: /home/ubuntu/px4_ros2_ws/install/px4_msgs/include/px4_msgs/px4_msgs/msg/detail/telemetry_status__type_support.hpp\n'}
[5.074583] (px4_msgs) StdoutLine: {'line': b'-- Up-to-date symlink: /home/ubuntu/px4_ros2_ws/install/px4_msgs/include/px4_msgs/px4_msgs/msg/detail/tiltrotor_extra_controls__builder.hpp\n'}
[5.074633] (px4_msgs) StdoutLine: {'line': b'-- Up-to-date symlink: /home/ubuntu/px4_ros2_ws/install/px4_msgs/include/px4_msgs/px4_msgs/msg/detail/tiltrotor_extra_controls__struct.hpp\n'}
[5.074681] (px4_msgs) StdoutLine: {'line': b'-- Up-to-date symlink: /home/ubuntu/px4_ros2_ws/install/px4_msgs/include/px4_msgs/px4_msgs/msg/detail/tiltrotor_extra_controls__traits.hpp\n'}
[5.074732] (px4_msgs) StdoutLine: {'line': b'-- Up-to-date symlink: /home/ubuntu/px4_ros2_ws/install/px4_msgs/include/px4_msgs/px4_msgs/msg/detail/tiltrotor_extra_controls__type_support.hpp\n'}
[5.074784] (px4_msgs) StdoutLine: {'line': b'-- Up-to-date symlink: /home/ubuntu/px4_ros2_ws/install/px4_msgs/include/px4_msgs/px4_msgs/msg/detail/timesync_status__builder.hpp\n'}
[5.074833] (px4_msgs) StdoutLine: {'line': b'-- Up-to-date symlink: /home/ubuntu/px4_ros2_ws/install/px4_msgs/include/px4_msgs/px4_msgs/msg/detail/timesync_status__struct.hpp\n'}
[5.074887] (px4_msgs) StdoutLine: {'line': b'-- Up-to-date symlink: /home/ubuntu/px4_ros2_ws/install/px4_msgs/include/px4_msgs/px4_msgs/msg/detail/timesync_status__traits.hpp\n'}
[5.074949] (px4_msgs) StdoutLine: {'line': b'-- Up-to-date symlink: /home/ubuntu/px4_ros2_ws/install/px4_msgs/include/px4_msgs/px4_msgs/msg/detail/timesync_status__type_support.hpp\n'}
[5.074992] (px4_msgs) StdoutLine: {'line': b'-- Up-to-date symlink: /home/ubuntu/px4_ros2_ws/install/px4_msgs/include/px4_msgs/px4_msgs/msg/detail/trajectory_setpoint6dof__builder.hpp\n'}
[5.075039] (px4_msgs) StdoutLine: {'line': b'-- Up-to-date symlink: /home/ubuntu/px4_ros2_ws/install/px4_msgs/include/px4_msgs/px4_msgs/msg/detail/trajectory_setpoint6dof__struct.hpp\n'}
[5.075088] (px4_msgs) StdoutLine: {'line': b'-- Up-to-date symlink: /home/ubuntu/px4_ros2_ws/install/px4_msgs/include/px4_msgs/px4_msgs/msg/detail/trajectory_setpoint6dof__traits.hpp\n'}
[5.075137] (px4_msgs) StdoutLine: {'line': b'-- Up-to-date symlink: /home/ubuntu/px4_ros2_ws/install/px4_msgs/include/px4_msgs/px4_msgs/msg/detail/trajectory_setpoint6dof__type_support.hpp\n'}
[5.075188] (px4_msgs) StdoutLine: {'line': b'-- Up-to-date symlink: /home/ubuntu/px4_ros2_ws/install/px4_msgs/include/px4_msgs/px4_msgs/msg/detail/trajectory_setpoint__builder.hpp\n'}
[5.075236] (px4_msgs) StdoutLine: {'line': b'-- Up-to-date symlink: /home/ubuntu/px4_ros2_ws/install/px4_msgs/include/px4_msgs/px4_msgs/msg/detail/trajectory_setpoint__struct.hpp\n'}
[5.075286] (px4_msgs) StdoutLine: {'line': b'-- Up-to-date symlink: /home/ubuntu/px4_ros2_ws/install/px4_msgs/include/px4_msgs/px4_msgs/msg/detail/trajectory_setpoint__traits.hpp\n'}
[5.075336] (px4_msgs) StdoutLine: {'line': b'-- Up-to-date symlink: /home/ubuntu/px4_ros2_ws/install/px4_msgs/include/px4_msgs/px4_msgs/msg/detail/trajectory_setpoint__type_support.hpp\n'}
[5.075388] (px4_msgs) StdoutLine: {'line': b'-- Up-to-date symlink: /home/ubuntu/px4_ros2_ws/install/px4_msgs/include/px4_msgs/px4_msgs/msg/detail/transponder_report__builder.hpp\n'}
[5.075437] (px4_msgs) StdoutLine: {'line': b'-- Up-to-date symlink: /home/ubuntu/px4_ros2_ws/install/px4_msgs/include/px4_msgs/px4_msgs/msg/detail/transponder_report__struct.hpp\n'}
[5.075496] (px4_msgs) StdoutLine: {'line': b'-- Up-to-date symlink: /home/ubuntu/px4_ros2_ws/install/px4_msgs/include/px4_msgs/px4_msgs/msg/detail/transponder_report__traits.hpp\n'}
[5.075542] (px4_msgs) StdoutLine: {'line': b'-- Up-to-date symlink: /home/ubuntu/px4_ros2_ws/install/px4_msgs/include/px4_msgs/px4_msgs/msg/detail/transponder_report__type_support.hpp\n'}
[5.075591] (px4_msgs) StdoutLine: {'line': b'-- Up-to-date symlink: /home/ubuntu/px4_ros2_ws/install/px4_msgs/include/px4_msgs/px4_msgs/msg/detail/tune_control__builder.hpp\n'}
[5.075645] (px4_msgs) StdoutLine: {'line': b'-- Up-to-date symlink: /home/ubuntu/px4_ros2_ws/install/px4_msgs/include/px4_msgs/px4_msgs/msg/detail/tune_control__struct.hpp\n'}
[5.075695] (px4_msgs) StdoutLine: {'line': b'-- Up-to-date symlink: /home/ubuntu/px4_ros2_ws/install/px4_msgs/include/px4_msgs/px4_msgs/msg/detail/tune_control__traits.hpp\n'}
[5.075749] (px4_msgs) StdoutLine: {'line': b'-- Up-to-date symlink: /home/ubuntu/px4_ros2_ws/install/px4_msgs/include/px4_msgs/px4_msgs/msg/detail/tune_control__type_support.hpp\n'}
[5.075797] (px4_msgs) StdoutLine: {'line': b'-- Up-to-date symlink: /home/ubuntu/px4_ros2_ws/install/px4_msgs/include/px4_msgs/px4_msgs/msg/detail/uavcan_parameter_request__builder.hpp\n'}
[5.075847] (px4_msgs) StdoutLine: {'line': b'-- Up-to-date symlink: /home/ubuntu/px4_ros2_ws/install/px4_msgs/include/px4_msgs/px4_msgs/msg/detail/uavcan_parameter_request__struct.hpp\n'}
[5.075898] (px4_msgs) StdoutLine: {'line': b'-- Up-to-date symlink: /home/ubuntu/px4_ros2_ws/install/px4_msgs/include/px4_msgs/px4_msgs/msg/detail/uavcan_parameter_request__traits.hpp\n'}
[5.075954] (px4_msgs) StdoutLine: {'line': b'-- Up-to-date symlink: /home/ubuntu/px4_ros2_ws/install/px4_msgs/include/px4_msgs/px4_msgs/msg/detail/uavcan_parameter_request__type_support.hpp\n'}
[5.076006] (px4_msgs) StdoutLine: {'line': b'-- Up-to-date symlink: /home/ubuntu/px4_ros2_ws/install/px4_msgs/include/px4_msgs/px4_msgs/msg/detail/uavcan_parameter_value__builder.hpp\n'}
[5.076059] (px4_msgs) StdoutLine: {'line': b'-- Up-to-date symlink: /home/ubuntu/px4_ros2_ws/install/px4_msgs/include/px4_msgs/px4_msgs/msg/detail/uavcan_parameter_value__struct.hpp\n'}
[5.076103] (px4_msgs) StdoutLine: {'line': b'-- Up-to-date symlink: /home/ubuntu/px4_ros2_ws/install/px4_msgs/include/px4_msgs/px4_msgs/msg/detail/uavcan_parameter_value__traits.hpp\n'}
[5.076152] (px4_msgs) StdoutLine: {'line': b'-- Up-to-date symlink: /home/ubuntu/px4_ros2_ws/install/px4_msgs/include/px4_msgs/px4_msgs/msg/detail/uavcan_parameter_value__type_support.hpp\n'}
[5.076200] (px4_msgs) StdoutLine: {'line': b'-- Up-to-date symlink: /home/ubuntu/px4_ros2_ws/install/px4_msgs/include/px4_msgs/px4_msgs/msg/detail/ulog_stream__builder.hpp\n'}
[5.076249] (px4_msgs) StdoutLine: {'line': b'-- Up-to-date symlink: /home/ubuntu/px4_ros2_ws/install/px4_msgs/include/px4_msgs/px4_msgs/msg/detail/ulog_stream__struct.hpp\n'}
[5.076296] (px4_msgs) StdoutLine: {'line': b'-- Up-to-date symlink: /home/ubuntu/px4_ros2_ws/install/px4_msgs/include/px4_msgs/px4_msgs/msg/detail/ulog_stream__traits.hpp\n'}
[5.076343] (px4_msgs) StdoutLine: {'line': b'-- Up-to-date symlink: /home/ubuntu/px4_ros2_ws/install/px4_msgs/include/px4_msgs/px4_msgs/msg/detail/ulog_stream__type_support.hpp\n'}
[5.076391] (px4_msgs) StdoutLine: {'line': b'-- Up-to-date symlink: /home/ubuntu/px4_ros2_ws/install/px4_msgs/include/px4_msgs/px4_msgs/msg/detail/ulog_stream_ack__builder.hpp\n'}
[5.076476] (px4_msgs) StdoutLine: {'line': b'-- Up-to-date symlink: /home/ubuntu/px4_ros2_ws/install/px4_msgs/include/px4_msgs/px4_msgs/msg/detail/ulog_stream_ack__struct.hpp\n'}
[5.076521] (px4_msgs) StdoutLine: {'line': b'-- Up-to-date symlink: /home/ubuntu/px4_ros2_ws/install/px4_msgs/include/px4_msgs/px4_msgs/msg/detail/ulog_stream_ack__traits.hpp\n'}
[5.076558] (px4_msgs) StdoutLine: {'line': b'-- Up-to-date symlink: /home/ubuntu/px4_ros2_ws/install/px4_msgs/include/px4_msgs/px4_msgs/msg/detail/ulog_stream_ack__type_support.hpp\n'}
[5.076605] (px4_msgs) StdoutLine: {'line': b'-- Up-to-date symlink: /home/ubuntu/px4_ros2_ws/install/px4_msgs/include/px4_msgs/px4_msgs/msg/detail/unregister_ext_component__builder.hpp\n'}
[5.076652] (px4_msgs) StdoutLine: {'line': b'-- Up-to-date symlink: /home/ubuntu/px4_ros2_ws/install/px4_msgs/include/px4_msgs/px4_msgs/msg/detail/unregister_ext_component__struct.hpp\n'}
[5.076700] (px4_msgs) StdoutLine: {'line': b'-- Up-to-date symlink: /home/ubuntu/px4_ros2_ws/install/px4_msgs/include/px4_msgs/px4_msgs/msg/detail/unregister_ext_component__traits.hpp\n'}
[5.076750] (px4_msgs) StdoutLine: {'line': b'-- Up-to-date symlink: /home/ubuntu/px4_ros2_ws/install/px4_msgs/include/px4_msgs/px4_msgs/msg/detail/unregister_ext_component__type_support.hpp\n'}
[5.076799] (px4_msgs) StdoutLine: {'line': b'-- Up-to-date symlink: /home/ubuntu/px4_ros2_ws/install/px4_msgs/include/px4_msgs/px4_msgs/msg/detail/vehicle_acceleration__builder.hpp\n'}
[5.076846] (px4_msgs) StdoutLine: {'line': b'-- Up-to-date symlink: /home/ubuntu/px4_ros2_ws/install/px4_msgs/include/px4_msgs/px4_msgs/msg/detail/vehicle_acceleration__struct.hpp\n'}
[5.076894] (px4_msgs) StdoutLine: {'line': b'-- Up-to-date symlink: /home/ubuntu/px4_ros2_ws/install/px4_msgs/include/px4_msgs/px4_msgs/msg/detail/vehicle_acceleration__traits.hpp\n'}
[5.076942] (px4_msgs) StdoutLine: {'line': b'-- Up-to-date symlink: /home/ubuntu/px4_ros2_ws/install/px4_msgs/include/px4_msgs/px4_msgs/msg/detail/vehicle_acceleration__type_support.hpp\n'}
[5.076989] (px4_msgs) StdoutLine: {'line': b'-- Up-to-date symlink: /home/ubuntu/px4_ros2_ws/install/px4_msgs/include/px4_msgs/px4_msgs/msg/detail/vehicle_air_data__builder.hpp\n'}
[5.077036] (px4_msgs) StdoutLine: {'line': b'-- Up-to-date symlink: /home/ubuntu/px4_ros2_ws/install/px4_msgs/include/px4_msgs/px4_msgs/msg/detail/vehicle_air_data__struct.hpp\n'}
[5.077084] (px4_msgs) StdoutLine: {'line': b'-- Up-to-date symlink: /home/ubuntu/px4_ros2_ws/install/px4_msgs/include/px4_msgs/px4_msgs/msg/detail/vehicle_air_data__traits.hpp\n'}
[5.077132] (px4_msgs) StdoutLine: {'line': b'-- Up-to-date symlink: /home/ubuntu/px4_ros2_ws/install/px4_msgs/include/px4_msgs/px4_msgs/msg/detail/vehicle_air_data__type_support.hpp\n'}
[5.077179] (px4_msgs) StdoutLine: {'line': b'-- Up-to-date symlink: /home/ubuntu/px4_ros2_ws/install/px4_msgs/include/px4_msgs/px4_msgs/msg/detail/vehicle_angular_velocity__builder.hpp\n'}
[5.077226] (px4_msgs) StdoutLine: {'line': b'-- Up-to-date symlink: /home/ubuntu/px4_ros2_ws/install/px4_msgs/include/px4_msgs/px4_msgs/msg/detail/vehicle_angular_velocity__struct.hpp\n'}
[5.077274] (px4_msgs) StdoutLine: {'line': b'-- Up-to-date symlink: /home/ubuntu/px4_ros2_ws/install/px4_msgs/include/px4_msgs/px4_msgs/msg/detail/vehicle_angular_velocity__traits.hpp\n'}
[5.077322] (px4_msgs) StdoutLine: {'line': b'-- Up-to-date symlink: /home/ubuntu/px4_ros2_ws/install/px4_msgs/include/px4_msgs/px4_msgs/msg/detail/vehicle_angular_velocity__type_support.hpp\n'}
[5.077371] (px4_msgs) StdoutLine: {'line': b'-- Up-to-date symlink: /home/ubuntu/px4_ros2_ws/install/px4_msgs/include/px4_msgs/px4_msgs/msg/detail/vehicle_attitude__builder.hpp\n'}
[5.077419] (px4_msgs) StdoutLine: {'line': b'-- Up-to-date symlink: /home/ubuntu/px4_ros2_ws/install/px4_msgs/include/px4_msgs/px4_msgs/msg/detail/vehicle_attitude__struct.hpp\n'}
[5.077470] (px4_msgs) StdoutLine: {'line': b'-- Up-to-date symlink: /home/ubuntu/px4_ros2_ws/install/px4_msgs/include/px4_msgs/px4_msgs/msg/detail/vehicle_attitude__traits.hpp\n'}
[5.077518] (px4_msgs) StdoutLine: {'line': b'-- Up-to-date symlink: /home/ubuntu/px4_ros2_ws/install/px4_msgs/include/px4_msgs/px4_msgs/msg/detail/vehicle_attitude__type_support.hpp\n'}
[5.077565] (px4_msgs) StdoutLine: {'line': b'-- Up-to-date symlink: /home/ubuntu/px4_ros2_ws/install/px4_msgs/include/px4_msgs/px4_msgs/msg/detail/vehicle_attitude_setpoint__builder.hpp\n'}
[5.077612] (px4_msgs) StdoutLine: {'line': b'-- Up-to-date symlink: /home/ubuntu/px4_ros2_ws/install/px4_msgs/include/px4_msgs/px4_msgs/msg/detail/vehicle_attitude_setpoint__struct.hpp\n'}
[5.077658] (px4_msgs) StdoutLine: {'line': b'-- Up-to-date symlink: /home/ubuntu/px4_ros2_ws/install/px4_msgs/include/px4_msgs/px4_msgs/msg/detail/vehicle_attitude_setpoint__traits.hpp\n'}
[5.077706] (px4_msgs) StdoutLine: {'line': b'-- Up-to-date symlink: /home/ubuntu/px4_ros2_ws/install/px4_msgs/include/px4_msgs/px4_msgs/msg/detail/vehicle_attitude_setpoint__type_support.hpp\n'}
[5.077755] (px4_msgs) StdoutLine: {'line': b'-- Up-to-date symlink: /home/ubuntu/px4_ros2_ws/install/px4_msgs/include/px4_msgs/px4_msgs/msg/detail/vehicle_command__builder.hpp\n'}
[5.077802] (px4_msgs) StdoutLine: {'line': b'-- Up-to-date symlink: /home/ubuntu/px4_ros2_ws/install/px4_msgs/include/px4_msgs/px4_msgs/msg/detail/vehicle_command__struct.hpp\n'}
[5.077849] (px4_msgs) StdoutLine: {'line': b'-- Up-to-date symlink: /home/ubuntu/px4_ros2_ws/install/px4_msgs/include/px4_msgs/px4_msgs/msg/detail/vehicle_command__traits.hpp\n'}
[5.077897] (px4_msgs) StdoutLine: {'line': b'-- Up-to-date symlink: /home/ubuntu/px4_ros2_ws/install/px4_msgs/include/px4_msgs/px4_msgs/msg/detail/vehicle_command__type_support.hpp\n'}
[5.077944] (px4_msgs) StdoutLine: {'line': b'-- Up-to-date symlink: /home/ubuntu/px4_ros2_ws/install/px4_msgs/include/px4_msgs/px4_msgs/msg/detail/vehicle_command_ack__builder.hpp\n'}
[5.077991] (px4_msgs) StdoutLine: {'line': b'-- Up-to-date symlink: /home/ubuntu/px4_ros2_ws/install/px4_msgs/include/px4_msgs/px4_msgs/msg/detail/vehicle_command_ack__struct.hpp\n'}
[5.078038] (px4_msgs) StdoutLine: {'line': b'-- Up-to-date symlink: /home/ubuntu/px4_ros2_ws/install/px4_msgs/include/px4_msgs/px4_msgs/msg/detail/vehicle_command_ack__traits.hpp\n'}
[5.078086] (px4_msgs) StdoutLine: {'line': b'-- Up-to-date symlink: /home/ubuntu/px4_ros2_ws/install/px4_msgs/include/px4_msgs/px4_msgs/msg/detail/vehicle_command_ack__type_support.hpp\n'}
[5.078132] (px4_msgs) StdoutLine: {'line': b'-- Up-to-date symlink: /home/ubuntu/px4_ros2_ws/install/px4_msgs/include/px4_msgs/px4_msgs/msg/detail/vehicle_constraints__builder.hpp\n'}
[5.078179] (px4_msgs) StdoutLine: {'line': b'-- Up-to-date symlink: /home/ubuntu/px4_ros2_ws/install/px4_msgs/include/px4_msgs/px4_msgs/msg/detail/vehicle_constraints__struct.hpp\n'}
[5.078225] (px4_msgs) StdoutLine: {'line': b'-- Up-to-date symlink: /home/ubuntu/px4_ros2_ws/install/px4_msgs/include/px4_msgs/px4_msgs/msg/detail/vehicle_constraints__traits.hpp\n'}
[5.078272] (px4_msgs) StdoutLine: {'line': b'-- Up-to-date symlink: /home/ubuntu/px4_ros2_ws/install/px4_msgs/include/px4_msgs/px4_msgs/msg/detail/vehicle_constraints__type_support.hpp\n'}
[5.078319] (px4_msgs) StdoutLine: {'line': b'-- Up-to-date symlink: /home/ubuntu/px4_ros2_ws/install/px4_msgs/include/px4_msgs/px4_msgs/msg/detail/vehicle_control_mode__builder.hpp\n'}
[5.078365] (px4_msgs) StdoutLine: {'line': b'-- Up-to-date symlink: /home/ubuntu/px4_ros2_ws/install/px4_msgs/include/px4_msgs/px4_msgs/msg/detail/vehicle_control_mode__struct.hpp\n'}
[5.078412] (px4_msgs) StdoutLine: {'line': b'-- Up-to-date symlink: /home/ubuntu/px4_ros2_ws/install/px4_msgs/include/px4_msgs/px4_msgs/msg/detail/vehicle_control_mode__traits.hpp\n'}
[5.078464] (px4_msgs) StdoutLine: {'line': b'-- Up-to-date symlink: /home/ubuntu/px4_ros2_ws/install/px4_msgs/include/px4_msgs/px4_msgs/msg/detail/vehicle_control_mode__type_support.hpp\n'}
[5.078525] (px4_msgs) StdoutLine: {'line': b'-- Up-to-date symlink: /home/ubuntu/px4_ros2_ws/install/px4_msgs/include/px4_msgs/px4_msgs/msg/detail/vehicle_global_position__builder.hpp\n'}
[5.078572] (px4_msgs) StdoutLine: {'line': b'-- Up-to-date symlink: /home/ubuntu/px4_ros2_ws/install/px4_msgs/include/px4_msgs/px4_msgs/msg/detail/vehicle_global_position__struct.hpp\n'}
[5.078619] (px4_msgs) StdoutLine: {'line': b'-- Up-to-date symlink: /home/ubuntu/px4_ros2_ws/install/px4_msgs/include/px4_msgs/px4_msgs/msg/detail/vehicle_global_position__traits.hpp\n'}
[5.078668] (px4_msgs) StdoutLine: {'line': b'-- Up-to-date symlink: /home/ubuntu/px4_ros2_ws/install/px4_msgs/include/px4_msgs/px4_msgs/msg/detail/vehicle_global_position__type_support.hpp\n'}
[5.078727] (px4_msgs) StdoutLine: {'line': b'-- Up-to-date symlink: /home/ubuntu/px4_ros2_ws/install/px4_msgs/include/px4_msgs/px4_msgs/msg/detail/vehicle_imu__builder.hpp\n'}
[5.078806] (px4_msgs) StdoutLine: {'line': b'-- Up-to-date symlink: /home/ubuntu/px4_ros2_ws/install/px4_msgs/include/px4_msgs/px4_msgs/msg/detail/vehicle_imu__struct.hpp\n'}
[5.078852] (px4_msgs) StdoutLine: {'line': b'-- Up-to-date symlink: /home/ubuntu/px4_ros2_ws/install/px4_msgs/include/px4_msgs/px4_msgs/msg/detail/vehicle_imu__traits.hpp\n'}
[5.078902] (px4_msgs) StdoutLine: {'line': b'-- Up-to-date symlink: /home/ubuntu/px4_ros2_ws/install/px4_msgs/include/px4_msgs/px4_msgs/msg/detail/vehicle_imu__type_support.hpp\n'}
[5.078952] (px4_msgs) StdoutLine: {'line': b'-- Up-to-date symlink: /home/ubuntu/px4_ros2_ws/install/px4_msgs/include/px4_msgs/px4_msgs/msg/detail/vehicle_imu_status__builder.hpp\n'}
[5.079003] (px4_msgs) StdoutLine: {'line': b'-- Up-to-date symlink: /home/ubuntu/px4_ros2_ws/install/px4_msgs/include/px4_msgs/px4_msgs/msg/detail/vehicle_imu_status__struct.hpp\n'}
[5.079051] (px4_msgs) StdoutLine: {'line': b'-- Up-to-date symlink: /home/ubuntu/px4_ros2_ws/install/px4_msgs/include/px4_msgs/px4_msgs/msg/detail/vehicle_imu_status__traits.hpp\n'}
[5.079100] (px4_msgs) StdoutLine: {'line': b'-- Up-to-date symlink: /home/ubuntu/px4_ros2_ws/install/px4_msgs/include/px4_msgs/px4_msgs/msg/detail/vehicle_imu_status__type_support.hpp\n'}
[5.079155] (px4_msgs) StdoutLine: {'line': b'-- Up-to-date symlink: /home/ubuntu/px4_ros2_ws/install/px4_msgs/include/px4_msgs/px4_msgs/msg/detail/vehicle_land_detected__builder.hpp\n'}
[5.079204] (px4_msgs) StdoutLine: {'line': b'-- Up-to-date symlink: /home/ubuntu/px4_ros2_ws/install/px4_msgs/include/px4_msgs/px4_msgs/msg/detail/vehicle_land_detected__struct.hpp\n'}
[5.079258] (px4_msgs) StdoutLine: {'line': b'-- Up-to-date symlink: /home/ubuntu/px4_ros2_ws/install/px4_msgs/include/px4_msgs/px4_msgs/msg/detail/vehicle_land_detected__traits.hpp\n'}
[5.079311] (px4_msgs) StdoutLine: {'line': b'-- Up-to-date symlink: /home/ubuntu/px4_ros2_ws/install/px4_msgs/include/px4_msgs/px4_msgs/msg/detail/vehicle_land_detected__type_support.hpp\n'}
[5.079368] (px4_msgs) StdoutLine: {'line': b'-- Up-to-date symlink: /home/ubuntu/px4_ros2_ws/install/px4_msgs/include/px4_msgs/px4_msgs/msg/detail/vehicle_local_position__builder.hpp\n'}
[5.079412] (px4_msgs) StdoutLine: {'line': b'-- Up-to-date symlink: /home/ubuntu/px4_ros2_ws/install/px4_msgs/include/px4_msgs/px4_msgs/msg/detail/vehicle_local_position__struct.hpp\n'}
[5.079466] (px4_msgs) StdoutLine: {'line': b'-- Up-to-date symlink: /home/ubuntu/px4_ros2_ws/install/px4_msgs/include/px4_msgs/px4_msgs/msg/detail/vehicle_local_position__traits.hpp\n'}
[5.079519] (px4_msgs) StdoutLine: {'line': b'-- Up-to-date symlink: /home/ubuntu/px4_ros2_ws/install/px4_msgs/include/px4_msgs/px4_msgs/msg/detail/vehicle_local_position__type_support.hpp\n'}
[5.079572] (px4_msgs) StdoutLine: {'line': b'-- Up-to-date symlink: /home/ubuntu/px4_ros2_ws/install/px4_msgs/include/px4_msgs/px4_msgs/msg/detail/vehicle_local_position_setpoint__builder.hpp\n'}
[5.079627] (px4_msgs) StdoutLine: {'line': b'-- Up-to-date symlink: /home/ubuntu/px4_ros2_ws/install/px4_msgs/include/px4_msgs/px4_msgs/msg/detail/vehicle_local_position_setpoint__struct.hpp\n'}
[5.079676] (px4_msgs) StdoutLine: {'line': b'-- Up-to-date symlink: /home/ubuntu/px4_ros2_ws/install/px4_msgs/include/px4_msgs/px4_msgs/msg/detail/vehicle_local_position_setpoint__traits.hpp\n'}
[5.079731] (px4_msgs) StdoutLine: {'line': b'-- Up-to-date symlink: /home/ubuntu/px4_ros2_ws/install/px4_msgs/include/px4_msgs/px4_msgs/msg/detail/vehicle_local_position_setpoint__type_support.hpp\n'}
[5.079786] (px4_msgs) StdoutLine: {'line': b'-- Up-to-date symlink: /home/ubuntu/px4_ros2_ws/install/px4_msgs/include/px4_msgs/px4_msgs/msg/detail/vehicle_magnetometer__builder.hpp\n'}
[5.079843] (px4_msgs) StdoutLine: {'line': b'-- Up-to-date symlink: /home/ubuntu/px4_ros2_ws/install/px4_msgs/include/px4_msgs/px4_msgs/msg/detail/vehicle_magnetometer__struct.hpp\n'}
[5.079896] (px4_msgs) StdoutLine: {'line': b'-- Up-to-date symlink: /home/ubuntu/px4_ros2_ws/install/px4_msgs/include/px4_msgs/px4_msgs/msg/detail/vehicle_magnetometer__traits.hpp\n'}
[5.079947] (px4_msgs) StdoutLine: {'line': b'-- Up-to-date symlink: /home/ubuntu/px4_ros2_ws/install/px4_msgs/include/px4_msgs/px4_msgs/msg/detail/vehicle_magnetometer__type_support.hpp\n'}
[5.080004] (px4_msgs) StdoutLine: {'line': b'-- Up-to-date symlink: /home/ubuntu/px4_ros2_ws/install/px4_msgs/include/px4_msgs/px4_msgs/msg/detail/vehicle_odometry__builder.hpp\n'}
[5.080050] (px4_msgs) StdoutLine: {'line': b'-- Up-to-date symlink: /home/ubuntu/px4_ros2_ws/install/px4_msgs/include/px4_msgs/px4_msgs/msg/detail/vehicle_odometry__struct.hpp\n'}
[5.080135] (px4_msgs) StdoutLine: {'line': b'-- Up-to-date symlink: /home/ubuntu/px4_ros2_ws/install/px4_msgs/include/px4_msgs/px4_msgs/msg/detail/vehicle_odometry__traits.hpp\n'}
[5.080182] (px4_msgs) StdoutLine: {'line': b'-- Up-to-date symlink: /home/ubuntu/px4_ros2_ws/install/px4_msgs/include/px4_msgs/px4_msgs/msg/detail/vehicle_odometry__type_support.hpp\n'}
[5.080237] (px4_msgs) StdoutLine: {'line': b'-- Up-to-date symlink: /home/ubuntu/px4_ros2_ws/install/px4_msgs/include/px4_msgs/px4_msgs/msg/detail/vehicle_optical_flow__builder.hpp\n'}
[5.080284] (px4_msgs) StdoutLine: {'line': b'-- Up-to-date symlink: /home/ubuntu/px4_ros2_ws/install/px4_msgs/include/px4_msgs/px4_msgs/msg/detail/vehicle_optical_flow__struct.hpp\n'}
[5.080332] (px4_msgs) StdoutLine: {'line': b'-- Up-to-date symlink: /home/ubuntu/px4_ros2_ws/install/px4_msgs/include/px4_msgs/px4_msgs/msg/detail/vehicle_optical_flow__traits.hpp\n'}
[5.080376] (px4_msgs) StdoutLine: {'line': b'-- Up-to-date symlink: /home/ubuntu/px4_ros2_ws/install/px4_msgs/include/px4_msgs/px4_msgs/msg/detail/vehicle_optical_flow__type_support.hpp\n'}
[5.080420] (px4_msgs) StdoutLine: {'line': b'-- Up-to-date symlink: /home/ubuntu/px4_ros2_ws/install/px4_msgs/include/px4_msgs/px4_msgs/msg/detail/vehicle_optical_flow_vel__builder.hpp\n'}
[5.080477] (px4_msgs) StdoutLine: {'line': b'-- Up-to-date symlink: /home/ubuntu/px4_ros2_ws/install/px4_msgs/include/px4_msgs/px4_msgs/msg/detail/vehicle_optical_flow_vel__struct.hpp\n'}
[5.080525] (px4_msgs) StdoutLine: {'line': b'-- Up-to-date symlink: /home/ubuntu/px4_ros2_ws/install/px4_msgs/include/px4_msgs/px4_msgs/msg/detail/vehicle_optical_flow_vel__traits.hpp\n'}
[5.080567] (px4_msgs) StdoutLine: {'line': b'-- Up-to-date symlink: /home/ubuntu/px4_ros2_ws/install/px4_msgs/include/px4_msgs/px4_msgs/msg/detail/vehicle_optical_flow_vel__type_support.hpp\n'}
[5.080613] (px4_msgs) StdoutLine: {'line': b'-- Up-to-date symlink: /home/ubuntu/px4_ros2_ws/install/px4_msgs/include/px4_msgs/px4_msgs/msg/detail/vehicle_rates_setpoint__builder.hpp\n'}
[5.080659] (px4_msgs) StdoutLine: {'line': b'-- Up-to-date symlink: /home/ubuntu/px4_ros2_ws/install/px4_msgs/include/px4_msgs/px4_msgs/msg/detail/vehicle_rates_setpoint__struct.hpp\n'}
[5.080707] (px4_msgs) StdoutLine: {'line': b'-- Up-to-date symlink: /home/ubuntu/px4_ros2_ws/install/px4_msgs/include/px4_msgs/px4_msgs/msg/detail/vehicle_rates_setpoint__traits.hpp\n'}
[5.080755] (px4_msgs) StdoutLine: {'line': b'-- Up-to-date symlink: /home/ubuntu/px4_ros2_ws/install/px4_msgs/include/px4_msgs/px4_msgs/msg/detail/vehicle_rates_setpoint__type_support.hpp\n'}
[5.080804] (px4_msgs) StdoutLine: {'line': b'-- Up-to-date symlink: /home/ubuntu/px4_ros2_ws/install/px4_msgs/include/px4_msgs/px4_msgs/msg/detail/vehicle_roi__builder.hpp\n'}
[5.080851] (px4_msgs) StdoutLine: {'line': b'-- Up-to-date symlink: /home/ubuntu/px4_ros2_ws/install/px4_msgs/include/px4_msgs/px4_msgs/msg/detail/vehicle_roi__struct.hpp\n'}
[5.080898] (px4_msgs) StdoutLine: {'line': b'-- Up-to-date symlink: /home/ubuntu/px4_ros2_ws/install/px4_msgs/include/px4_msgs/px4_msgs/msg/detail/vehicle_roi__traits.hpp\n'}
[5.080946] (px4_msgs) StdoutLine: {'line': b'-- Up-to-date symlink: /home/ubuntu/px4_ros2_ws/install/px4_msgs/include/px4_msgs/px4_msgs/msg/detail/vehicle_roi__type_support.hpp\n'}
[5.080995] (px4_msgs) StdoutLine: {'line': b'-- Up-to-date symlink: /home/ubuntu/px4_ros2_ws/install/px4_msgs/include/px4_msgs/px4_msgs/msg/detail/vehicle_status__builder.hpp\n'}
[5.081045] (px4_msgs) StdoutLine: {'line': b'-- Up-to-date symlink: /home/ubuntu/px4_ros2_ws/install/px4_msgs/include/px4_msgs/px4_msgs/msg/detail/vehicle_status__struct.hpp\n'}
[5.081095] (px4_msgs) StdoutLine: {'line': b'-- Up-to-date symlink: /home/ubuntu/px4_ros2_ws/install/px4_msgs/include/px4_msgs/px4_msgs/msg/detail/vehicle_status__traits.hpp\n'}
[5.081144] (px4_msgs) StdoutLine: {'line': b'-- Up-to-date symlink: /home/ubuntu/px4_ros2_ws/install/px4_msgs/include/px4_msgs/px4_msgs/msg/detail/vehicle_status__type_support.hpp\n'}
[5.081192] (px4_msgs) StdoutLine: {'line': b'-- Up-to-date symlink: /home/ubuntu/px4_ros2_ws/install/px4_msgs/include/px4_msgs/px4_msgs/msg/detail/vehicle_thrust_setpoint__builder.hpp\n'}
[5.081243] (px4_msgs) StdoutLine: {'line': b'-- Up-to-date symlink: /home/ubuntu/px4_ros2_ws/install/px4_msgs/include/px4_msgs/px4_msgs/msg/detail/vehicle_thrust_setpoint__struct.hpp\n'}
[5.081293] (px4_msgs) StdoutLine: {'line': b'-- Up-to-date symlink: /home/ubuntu/px4_ros2_ws/install/px4_msgs/include/px4_msgs/px4_msgs/msg/detail/vehicle_thrust_setpoint__traits.hpp\n'}
[5.081347] (px4_msgs) StdoutLine: {'line': b'-- Up-to-date symlink: /home/ubuntu/px4_ros2_ws/install/px4_msgs/include/px4_msgs/px4_msgs/msg/detail/vehicle_thrust_setpoint__type_support.hpp\n'}
[5.081401] (px4_msgs) StdoutLine: {'line': b'-- Up-to-date symlink: /home/ubuntu/px4_ros2_ws/install/px4_msgs/include/px4_msgs/px4_msgs/msg/detail/vehicle_torque_setpoint__builder.hpp\n'}
[5.081458] (px4_msgs) StdoutLine: {'line': b'-- Up-to-date symlink: /home/ubuntu/px4_ros2_ws/install/px4_msgs/include/px4_msgs/px4_msgs/msg/detail/vehicle_torque_setpoint__struct.hpp\n'}
[5.081511] (px4_msgs) StdoutLine: {'line': b'-- Up-to-date symlink: /home/ubuntu/px4_ros2_ws/install/px4_msgs/include/px4_msgs/px4_msgs/msg/detail/vehicle_torque_setpoint__traits.hpp\n'}
[5.081566] (px4_msgs) StdoutLine: {'line': b'-- Up-to-date symlink: /home/ubuntu/px4_ros2_ws/install/px4_msgs/include/px4_msgs/px4_msgs/msg/detail/vehicle_torque_setpoint__type_support.hpp\n'}
[5.081614] (px4_msgs) StdoutLine: {'line': b'-- Up-to-date symlink: /home/ubuntu/px4_ros2_ws/install/px4_msgs/include/px4_msgs/px4_msgs/msg/detail/velocity_limits__builder.hpp\n'}
[5.081664] (px4_msgs) StdoutLine: {'line': b'-- Up-to-date symlink: /home/ubuntu/px4_ros2_ws/install/px4_msgs/include/px4_msgs/px4_msgs/msg/detail/velocity_limits__struct.hpp\n'}
[5.081716] (px4_msgs) StdoutLine: {'line': b'-- Up-to-date symlink: /home/ubuntu/px4_ros2_ws/install/px4_msgs/include/px4_msgs/px4_msgs/msg/detail/velocity_limits__traits.hpp\n'}
[5.081777] (px4_msgs) StdoutLine: {'line': b'-- Up-to-date symlink: /home/ubuntu/px4_ros2_ws/install/px4_msgs/include/px4_msgs/px4_msgs/msg/detail/velocity_limits__type_support.hpp\n'}
[5.081822] (px4_msgs) StdoutLine: {'line': b'-- Up-to-date symlink: /home/ubuntu/px4_ros2_ws/install/px4_msgs/include/px4_msgs/px4_msgs/msg/detail/vte_aid_source1d__builder.hpp\n'}
[5.081862] (px4_msgs) StdoutLine: {'line': b'-- Up-to-date symlink: /home/ubuntu/px4_ros2_ws/install/px4_msgs/include/px4_msgs/px4_msgs/msg/detail/vte_aid_source1d__struct.hpp\n'}
[5.081910] (px4_msgs) StdoutLine: {'line': b'-- Up-to-date symlink: /home/ubuntu/px4_ros2_ws/install/px4_msgs/include/px4_msgs/px4_msgs/msg/detail/vte_aid_source1d__traits.hpp\n'}
[5.081959] (px4_msgs) StdoutLine: {'line': b'-- Up-to-date symlink: /home/ubuntu/px4_ros2_ws/install/px4_msgs/include/px4_msgs/px4_msgs/msg/detail/vte_aid_source1d__type_support.hpp\n'}
[5.082008] (px4_msgs) StdoutLine: {'line': b'-- Up-to-date symlink: /home/ubuntu/px4_ros2_ws/install/px4_msgs/include/px4_msgs/px4_msgs/msg/detail/vte_aid_source3d__builder.hpp\n'}
[5.082059] (px4_msgs) StdoutLine: {'line': b'-- Up-to-date symlink: /home/ubuntu/px4_ros2_ws/install/px4_msgs/include/px4_msgs/px4_msgs/msg/detail/vte_aid_source3d__struct.hpp\n'}
[5.082106] (px4_msgs) StdoutLine: {'line': b'-- Up-to-date symlink: /home/ubuntu/px4_ros2_ws/install/px4_msgs/include/px4_msgs/px4_msgs/msg/detail/vte_aid_source3d__traits.hpp\n'}
[5.082158] (px4_msgs) StdoutLine: {'line': b'-- Up-to-date symlink: /home/ubuntu/px4_ros2_ws/install/px4_msgs/include/px4_msgs/px4_msgs/msg/detail/vte_aid_source3d__type_support.hpp\n'}
[5.082213] (px4_msgs) StdoutLine: {'line': b'-- Up-to-date symlink: /home/ubuntu/px4_ros2_ws/install/px4_msgs/include/px4_msgs/px4_msgs/msg/detail/vte_bias_init_status__builder.hpp\n'}
[5.082262] (px4_msgs) StdoutLine: {'line': b'-- Up-to-date symlink: /home/ubuntu/px4_ros2_ws/install/px4_msgs/include/px4_msgs/px4_msgs/msg/detail/vte_bias_init_status__struct.hpp\n'}
[5.082312] (px4_msgs) StdoutLine: {'line': b'-- Up-to-date symlink: /home/ubuntu/px4_ros2_ws/install/px4_msgs/include/px4_msgs/px4_msgs/msg/detail/vte_bias_init_status__traits.hpp\n'}
[5.082364] (px4_msgs) StdoutLine: {'line': b'-- Up-to-date symlink: /home/ubuntu/px4_ros2_ws/install/px4_msgs/include/px4_msgs/px4_msgs/msg/detail/vte_bias_init_status__type_support.hpp\n'}
[5.082415] (px4_msgs) StdoutLine: {'line': b'-- Up-to-date symlink: /home/ubuntu/px4_ros2_ws/install/px4_msgs/include/px4_msgs/px4_msgs/msg/detail/vte_input__builder.hpp\n'}
[5.082482] (px4_msgs) StdoutLine: {'line': b'-- Up-to-date symlink: /home/ubuntu/px4_ros2_ws/install/px4_msgs/include/px4_msgs/px4_msgs/msg/detail/vte_input__struct.hpp\n'}
[5.082542] (px4_msgs) StdoutLine: {'line': b'-- Up-to-date symlink: /home/ubuntu/px4_ros2_ws/install/px4_msgs/include/px4_msgs/px4_msgs/msg/detail/vte_input__traits.hpp\n'}
[5.082587] (px4_msgs) StdoutLine: {'line': b'-- Up-to-date symlink: /home/ubuntu/px4_ros2_ws/install/px4_msgs/include/px4_msgs/px4_msgs/msg/detail/vte_input__type_support.hpp\n'}
[5.082632] (px4_msgs) StdoutLine: {'line': b'-- Up-to-date symlink: /home/ubuntu/px4_ros2_ws/install/px4_msgs/include/px4_msgs/px4_msgs/msg/detail/vte_orientation__builder.hpp\n'}
[5.082680] (px4_msgs) StdoutLine: {'line': b'-- Up-to-date symlink: /home/ubuntu/px4_ros2_ws/install/px4_msgs/include/px4_msgs/px4_msgs/msg/detail/vte_orientation__struct.hpp\n'}
[5.082731] (px4_msgs) StdoutLine: {'line': b'-- Up-to-date symlink: /home/ubuntu/px4_ros2_ws/install/px4_msgs/include/px4_msgs/px4_msgs/msg/detail/vte_orientation__traits.hpp\n'}
[5.082783] (px4_msgs) StdoutLine: {'line': b'-- Up-to-date symlink: /home/ubuntu/px4_ros2_ws/install/px4_msgs/include/px4_msgs/px4_msgs/msg/detail/vte_orientation__type_support.hpp\n'}
[5.082832] (px4_msgs) StdoutLine: {'line': b'-- Up-to-date symlink: /home/ubuntu/px4_ros2_ws/install/px4_msgs/include/px4_msgs/px4_msgs/msg/detail/vte_position__builder.hpp\n'}
[5.082885] (px4_msgs) StdoutLine: {'line': b'-- Up-to-date symlink: /home/ubuntu/px4_ros2_ws/install/px4_msgs/include/px4_msgs/px4_msgs/msg/detail/vte_position__struct.hpp\n'}
[5.082932] (px4_msgs) StdoutLine: {'line': b'-- Up-to-date symlink: /home/ubuntu/px4_ros2_ws/install/px4_msgs/include/px4_msgs/px4_msgs/msg/detail/vte_position__traits.hpp\n'}
[5.082979] (px4_msgs) StdoutLine: {'line': b'-- Up-to-date symlink: /home/ubuntu/px4_ros2_ws/install/px4_msgs/include/px4_msgs/px4_msgs/msg/detail/vte_position__type_support.hpp\n'}
[5.083026] (px4_msgs) StdoutLine: {'line': b'-- Up-to-date symlink: /home/ubuntu/px4_ros2_ws/install/px4_msgs/include/px4_msgs/px4_msgs/msg/detail/vtol_vehicle_status__builder.hpp\n'}
[5.083079] (px4_msgs) StdoutLine: {'line': b'-- Up-to-date symlink: /home/ubuntu/px4_ros2_ws/install/px4_msgs/include/px4_msgs/px4_msgs/msg/detail/vtol_vehicle_status__struct.hpp\n'}
[5.083127] (px4_msgs) StdoutLine: {'line': b'-- Up-to-date symlink: /home/ubuntu/px4_ros2_ws/install/px4_msgs/include/px4_msgs/px4_msgs/msg/detail/vtol_vehicle_status__traits.hpp\n'}
[5.083175] (px4_msgs) StdoutLine: {'line': b'-- Up-to-date symlink: /home/ubuntu/px4_ros2_ws/install/px4_msgs/include/px4_msgs/px4_msgs/msg/detail/vtol_vehicle_status__type_support.hpp\n'}
[5.083224] (px4_msgs) StdoutLine: {'line': b'-- Up-to-date symlink: /home/ubuntu/px4_ros2_ws/install/px4_msgs/include/px4_msgs/px4_msgs/msg/detail/vtx__builder.hpp\n'}
[5.083293] (px4_msgs) StdoutLine: {'line': b'-- Up-to-date symlink: /home/ubuntu/px4_ros2_ws/install/px4_msgs/include/px4_msgs/px4_msgs/msg/detail/vtx__struct.hpp\n'}
[5.083336] (px4_msgs) StdoutLine: {'line': b'-- Up-to-date symlink: /home/ubuntu/px4_ros2_ws/install/px4_msgs/include/px4_msgs/px4_msgs/msg/detail/vtx__traits.hpp\n'}
[5.083381] (px4_msgs) StdoutLine: {'line': b'-- Up-to-date symlink: /home/ubuntu/px4_ros2_ws/install/px4_msgs/include/px4_msgs/px4_msgs/msg/detail/vtx__type_support.hpp\n'}
[5.083429] (px4_msgs) StdoutLine: {'line': b'-- Up-to-date symlink: /home/ubuntu/px4_ros2_ws/install/px4_msgs/include/px4_msgs/px4_msgs/msg/detail/wheel_encoders__builder.hpp\n'}
[5.083480] (px4_msgs) StdoutLine: {'line': b'-- Up-to-date symlink: /home/ubuntu/px4_ros2_ws/install/px4_msgs/include/px4_msgs/px4_msgs/msg/detail/wheel_encoders__struct.hpp\n'}
[5.083527] (px4_msgs) StdoutLine: {'line': b'-- Up-to-date symlink: /home/ubuntu/px4_ros2_ws/install/px4_msgs/include/px4_msgs/px4_msgs/msg/detail/wheel_encoders__traits.hpp\n'}
[5.083575] (px4_msgs) StdoutLine: {'line': b'-- Up-to-date symlink: /home/ubuntu/px4_ros2_ws/install/px4_msgs/include/px4_msgs/px4_msgs/msg/detail/wheel_encoders__type_support.hpp\n'}
[5.083622] (px4_msgs) StdoutLine: {'line': b'-- Up-to-date symlink: /home/ubuntu/px4_ros2_ws/install/px4_msgs/include/px4_msgs/px4_msgs/msg/detail/wind__builder.hpp\n'}
[5.083670] (px4_msgs) StdoutLine: {'line': b'-- Up-to-date symlink: /home/ubuntu/px4_ros2_ws/install/px4_msgs/include/px4_msgs/px4_msgs/msg/detail/wind__struct.hpp\n'}
[5.083717] (px4_msgs) StdoutLine: {'line': b'-- Up-to-date symlink: /home/ubuntu/px4_ros2_ws/install/px4_msgs/include/px4_msgs/px4_msgs/msg/detail/wind__traits.hpp\n'}
[5.083764] (px4_msgs) StdoutLine: {'line': b'-- Up-to-date symlink: /home/ubuntu/px4_ros2_ws/install/px4_msgs/include/px4_msgs/px4_msgs/msg/detail/wind__type_support.hpp\n'}
[5.083813] (px4_msgs) StdoutLine: {'line': b'-- Up-to-date symlink: /home/ubuntu/px4_ros2_ws/install/px4_msgs/include/px4_msgs/px4_msgs/msg/detail/yaw_estimator_status__builder.hpp\n'}
[5.083860] (px4_msgs) StdoutLine: {'line': b'-- Up-to-date symlink: /home/ubuntu/px4_ros2_ws/install/px4_msgs/include/px4_msgs/px4_msgs/msg/detail/yaw_estimator_status__struct.hpp\n'}
[5.083907] (px4_msgs) StdoutLine: {'line': b'-- Up-to-date symlink: /home/ubuntu/px4_ros2_ws/install/px4_msgs/include/px4_msgs/px4_msgs/msg/detail/yaw_estimator_status__traits.hpp\n'}
[5.083955] (px4_msgs) StdoutLine: {'line': b'-- Up-to-date symlink: /home/ubuntu/px4_ros2_ws/install/px4_msgs/include/px4_msgs/px4_msgs/msg/detail/yaw_estimator_status__type_support.hpp\n'}
[5.084004] (px4_msgs) StdoutLine: {'line': b'-- Up-to-date symlink: /home/ubuntu/px4_ros2_ws/install/px4_msgs/include/px4_msgs/px4_msgs/msg/device_information.hpp\n'}
[5.084051] (px4_msgs) StdoutLine: {'line': b'-- Up-to-date symlink: /home/ubuntu/px4_ros2_ws/install/px4_msgs/include/px4_msgs/px4_msgs/msg/differential_pressure.hpp\n'}
[5.084102] (px4_msgs) StdoutLine: {'line': b'-- Up-to-date symlink: /home/ubuntu/px4_ros2_ws/install/px4_msgs/include/px4_msgs/px4_msgs/msg/distance_sensor.hpp\n'}
[5.084146] (px4_msgs) StdoutLine: {'line': b'-- Up-to-date symlink: /home/ubuntu/px4_ros2_ws/install/px4_msgs/include/px4_msgs/px4_msgs/msg/distance_sensor_mode_change_request.hpp\n'}
[5.084192] (px4_msgs) StdoutLine: {'line': b'-- Up-to-date symlink: /home/ubuntu/px4_ros2_ws/install/px4_msgs/include/px4_msgs/px4_msgs/msg/dronecan_node_status.hpp\n'}
[5.084240] (px4_msgs) StdoutLine: {'line': b'-- Up-to-date symlink: /home/ubuntu/px4_ros2_ws/install/px4_msgs/include/px4_msgs/px4_msgs/msg/ekf2_timestamps.hpp\n'}
[5.084287] (px4_msgs) StdoutLine: {'line': b'-- Up-to-date symlink: /home/ubuntu/px4_ros2_ws/install/px4_msgs/include/px4_msgs/px4_msgs/msg/esc_eeprom_read.hpp\n'}
[5.084334] (px4_msgs) StdoutLine: {'line': b'-- Up-to-date symlink: /home/ubuntu/px4_ros2_ws/install/px4_msgs/include/px4_msgs/px4_msgs/msg/esc_eeprom_write.hpp\n'}
[5.084380] (px4_msgs) StdoutLine: {'line': b'-- Up-to-date symlink: /home/ubuntu/px4_ros2_ws/install/px4_msgs/include/px4_msgs/px4_msgs/msg/esc_report.hpp\n'}
[5.084426] (px4_msgs) StdoutLine: {'line': b'-- Up-to-date symlink: /home/ubuntu/px4_ros2_ws/install/px4_msgs/include/px4_msgs/px4_msgs/msg/esc_status.hpp\n'}
[5.084477] (px4_msgs) StdoutLine: {'line': b'-- Up-to-date symlink: /home/ubuntu/px4_ros2_ws/install/px4_msgs/include/px4_msgs/px4_msgs/msg/estimator_aid_source1d.hpp\n'}
[5.084526] (px4_msgs) StdoutLine: {'line': b'-- Up-to-date symlink: /home/ubuntu/px4_ros2_ws/install/px4_msgs/include/px4_msgs/px4_msgs/msg/estimator_aid_source2d.hpp\n'}
[5.084572] (px4_msgs) StdoutLine: {'line': b'-- Up-to-date symlink: /home/ubuntu/px4_ros2_ws/install/px4_msgs/include/px4_msgs/px4_msgs/msg/estimator_aid_source3d.hpp\n'}
[5.084618] (px4_msgs) StdoutLine: {'line': b'-- Up-to-date symlink: /home/ubuntu/px4_ros2_ws/install/px4_msgs/include/px4_msgs/px4_msgs/msg/estimator_bias.hpp\n'}
[5.084665] (px4_msgs) StdoutLine: {'line': b'-- Up-to-date symlink: /home/ubuntu/px4_ros2_ws/install/px4_msgs/include/px4_msgs/px4_msgs/msg/estimator_bias3d.hpp\n'}
[5.084711] (px4_msgs) StdoutLine: {'line': b'-- Up-to-date symlink: /home/ubuntu/px4_ros2_ws/install/px4_msgs/include/px4_msgs/px4_msgs/msg/estimator_event_flags.hpp\n'}
[5.084757] (px4_msgs) StdoutLine: {'line': b'-- Up-to-date symlink: /home/ubuntu/px4_ros2_ws/install/px4_msgs/include/px4_msgs/px4_msgs/msg/estimator_fusion_control.hpp\n'}
[5.084803] (px4_msgs) StdoutLine: {'line': b'-- Up-to-date symlink: /home/ubuntu/px4_ros2_ws/install/px4_msgs/include/px4_msgs/px4_msgs/msg/estimator_gps_status.hpp\n'}
[5.084848] (px4_msgs) StdoutLine: {'line': b'-- Up-to-date symlink: /home/ubuntu/px4_ros2_ws/install/px4_msgs/include/px4_msgs/px4_msgs/msg/estimator_innovations.hpp\n'}
[5.084895] (px4_msgs) StdoutLine: {'line': b'-- Up-to-date symlink: /home/ubuntu/px4_ros2_ws/install/px4_msgs/include/px4_msgs/px4_msgs/msg/estimator_selector_status.hpp\n'}
[5.084941] (px4_msgs) StdoutLine: {'line': b'-- Up-to-date symlink: /home/ubuntu/px4_ros2_ws/install/px4_msgs/include/px4_msgs/px4_msgs/msg/estimator_sensor_bias.hpp\n'}
[5.084986] (px4_msgs) StdoutLine: {'line': b'-- Up-to-date symlink: /home/ubuntu/px4_ros2_ws/install/px4_msgs/include/px4_msgs/px4_msgs/msg/estimator_states.hpp\n'}
[5.085033] (px4_msgs) StdoutLine: {'line': b'-- Up-to-date symlink: /home/ubuntu/px4_ros2_ws/install/px4_msgs/include/px4_msgs/px4_msgs/msg/estimator_status.hpp\n'}
[5.085080] (px4_msgs) StdoutLine: {'line': b'-- Up-to-date symlink: /home/ubuntu/px4_ros2_ws/install/px4_msgs/include/px4_msgs/px4_msgs/msg/estimator_status_flags.hpp\n'}
[5.085127] (px4_msgs) StdoutLine: {'line': b'-- Up-to-date symlink: /home/ubuntu/px4_ros2_ws/install/px4_msgs/include/px4_msgs/px4_msgs/msg/event.hpp\n'}
[5.085174] (px4_msgs) StdoutLine: {'line': b'-- Up-to-date symlink: /home/ubuntu/px4_ros2_ws/install/px4_msgs/include/px4_msgs/px4_msgs/msg/failsafe_flags.hpp\n'}
[5.085223] (px4_msgs) StdoutLine: {'line': b'-- Up-to-date symlink: /home/ubuntu/px4_ros2_ws/install/px4_msgs/include/px4_msgs/px4_msgs/msg/failure_detector_status.hpp\n'}
[5.085268] (px4_msgs) StdoutLine: {'line': b'-- Up-to-date symlink: /home/ubuntu/px4_ros2_ws/install/px4_msgs/include/px4_msgs/px4_msgs/msg/failure_injection.hpp\n'}
[5.085315] (px4_msgs) StdoutLine: {'line': b'-- Up-to-date symlink: /home/ubuntu/px4_ros2_ws/install/px4_msgs/include/px4_msgs/px4_msgs/msg/fiducial_marker_pos_report.hpp\n'}
[5.085360] (px4_msgs) StdoutLine: {'line': b'-- Up-to-date symlink: /home/ubuntu/px4_ros2_ws/install/px4_msgs/include/px4_msgs/px4_msgs/msg/fiducial_marker_yaw_report.hpp\n'}
[5.085407] (px4_msgs) StdoutLine: {'line': b'-- Up-to-date symlink: /home/ubuntu/px4_ros2_ws/install/px4_msgs/include/px4_msgs/px4_msgs/msg/figure_eight_status.hpp\n'}
[5.085465] (px4_msgs) StdoutLine: {'line': b'-- Up-to-date symlink: /home/ubuntu/px4_ros2_ws/install/px4_msgs/include/px4_msgs/px4_msgs/msg/fixed_wing_lateral_guidance_status.hpp\n'}
[5.085511] (px4_msgs) StdoutLine: {'line': b'-- Up-to-date symlink: /home/ubuntu/px4_ros2_ws/install/px4_msgs/include/px4_msgs/px4_msgs/msg/fixed_wing_lateral_setpoint.hpp\n'}
[5.085557] (px4_msgs) StdoutLine: {'line': b'-- Up-to-date symlink: /home/ubuntu/px4_ros2_ws/install/px4_msgs/include/px4_msgs/px4_msgs/msg/fixed_wing_lateral_status.hpp\n'}
[5.085605] (px4_msgs) StdoutLine: {'line': b'-- Up-to-date symlink: /home/ubuntu/px4_ros2_ws/install/px4_msgs/include/px4_msgs/px4_msgs/msg/fixed_wing_longitudinal_setpoint.hpp\n'}
[5.085651] (px4_msgs) StdoutLine: {'line': b'-- Up-to-date symlink: /home/ubuntu/px4_ros2_ws/install/px4_msgs/include/px4_msgs/px4_msgs/msg/fixed_wing_runway_control.hpp\n'}
[5.085722] (px4_msgs) StdoutLine: {'line': b'-- Up-to-date symlink: /home/ubuntu/px4_ros2_ws/install/px4_msgs/include/px4_msgs/px4_msgs/msg/flight_phase_estimation.hpp\n'}
[5.085772] (px4_msgs) StdoutLine: {'line': b'-- Up-to-date symlink: /home/ubuntu/px4_ros2_ws/install/px4_msgs/include/px4_msgs/px4_msgs/msg/follow_target.hpp\n'}
[5.085818] (px4_msgs) StdoutLine: {'line': b'-- Up-to-date symlink: /home/ubuntu/px4_ros2_ws/install/px4_msgs/include/px4_msgs/px4_msgs/msg/follow_target_estimator.hpp\n'}
[5.085867] (px4_msgs) StdoutLine: {'line': b'-- Up-to-date symlink: /home/ubuntu/px4_ros2_ws/install/px4_msgs/include/px4_msgs/px4_msgs/msg/follow_target_status.hpp\n'}
[5.085917] (px4_msgs) StdoutLine: {'line': b'-- Up-to-date symlink: /home/ubuntu/px4_ros2_ws/install/px4_msgs/include/px4_msgs/px4_msgs/msg/fuel_tank_status.hpp\n'}
[5.085962] (px4_msgs) StdoutLine: {'line': b'-- Up-to-date symlink: /home/ubuntu/px4_ros2_ws/install/px4_msgs/include/px4_msgs/px4_msgs/msg/gain_compression.hpp\n'}
[5.086008] (px4_msgs) StdoutLine: {'line': b'-- Up-to-date symlink: /home/ubuntu/px4_ros2_ws/install/px4_msgs/include/px4_msgs/px4_msgs/msg/generator_status.hpp\n'}
[5.086054] (px4_msgs) StdoutLine: {'line': b'-- Up-to-date symlink: /home/ubuntu/px4_ros2_ws/install/px4_msgs/include/px4_msgs/px4_msgs/msg/geofence_result.hpp\n'}
[5.086106] (px4_msgs) StdoutLine: {'line': b'-- Up-to-date symlink: /home/ubuntu/px4_ros2_ws/install/px4_msgs/include/px4_msgs/px4_msgs/msg/geofence_status.hpp\n'}
[5.086159] (px4_msgs) StdoutLine: {'line': b'-- Up-to-date symlink: /home/ubuntu/px4_ros2_ws/install/px4_msgs/include/px4_msgs/px4_msgs/msg/gimbal_controls.hpp\n'}
[5.086211] (px4_msgs) StdoutLine: {'line': b'-- Up-to-date symlink: /home/ubuntu/px4_ros2_ws/install/px4_msgs/include/px4_msgs/px4_msgs/msg/gimbal_device_attitude_status.hpp\n'}
[5.086263] (px4_msgs) StdoutLine: {'line': b'-- Up-to-date symlink: /home/ubuntu/px4_ros2_ws/install/px4_msgs/include/px4_msgs/px4_msgs/msg/gimbal_device_information.hpp\n'}
[5.086312] (px4_msgs) StdoutLine: {'line': b'-- Up-to-date symlink: /home/ubuntu/px4_ros2_ws/install/px4_msgs/include/px4_msgs/px4_msgs/msg/gimbal_device_set_attitude.hpp\n'}
[5.086357] (px4_msgs) StdoutLine: {'line': b'-- Up-to-date symlink: /home/ubuntu/px4_ros2_ws/install/px4_msgs/include/px4_msgs/px4_msgs/msg/gimbal_manager_information.hpp\n'}
[5.086402] (px4_msgs) StdoutLine: {'line': b'-- Up-to-date symlink: /home/ubuntu/px4_ros2_ws/install/px4_msgs/include/px4_msgs/px4_msgs/msg/gimbal_manager_set_attitude.hpp\n'}
[5.086454] (px4_msgs) StdoutLine: {'line': b'-- Up-to-date symlink: /home/ubuntu/px4_ros2_ws/install/px4_msgs/include/px4_msgs/px4_msgs/msg/gimbal_manager_set_manual_control.hpp\n'}
[5.086510] (px4_msgs) StdoutLine: {'line': b'-- Up-to-date symlink: /home/ubuntu/px4_ros2_ws/install/px4_msgs/include/px4_msgs/px4_msgs/msg/gimbal_manager_status.hpp\n'}
[5.086558] (px4_msgs) StdoutLine: {'line': b'-- Up-to-date symlink: /home/ubuntu/px4_ros2_ws/install/px4_msgs/include/px4_msgs/px4_msgs/msg/goto_setpoint.hpp\n'}
[5.086608] (px4_msgs) StdoutLine: {'line': b'-- Up-to-date symlink: /home/ubuntu/px4_ros2_ws/install/px4_msgs/include/px4_msgs/px4_msgs/msg/gpio_config.hpp\n'}
[5.086663] (px4_msgs) StdoutLine: {'line': b'-- Up-to-date symlink: /home/ubuntu/px4_ros2_ws/install/px4_msgs/include/px4_msgs/px4_msgs/msg/gpio_in.hpp\n'}
[5.086712] (px4_msgs) StdoutLine: {'line': b'-- Up-to-date symlink: /home/ubuntu/px4_ros2_ws/install/px4_msgs/include/px4_msgs/px4_msgs/msg/gpio_out.hpp\n'}
[5.086768] (px4_msgs) StdoutLine: {'line': b'-- Up-to-date symlink: /home/ubuntu/px4_ros2_ws/install/px4_msgs/include/px4_msgs/px4_msgs/msg/gpio_request.hpp\n'}
[5.086815] (px4_msgs) StdoutLine: {'line': b'-- Up-to-date symlink: /home/ubuntu/px4_ros2_ws/install/px4_msgs/include/px4_msgs/px4_msgs/msg/gps_dump.hpp\n'}
[5.086866] (px4_msgs) StdoutLine: {'line': b'-- Up-to-date symlink: /home/ubuntu/px4_ros2_ws/install/px4_msgs/include/px4_msgs/px4_msgs/msg/gripper.hpp\n'}
[5.086918] (px4_msgs) StdoutLine: {'line': b'-- Up-to-date symlink: /home/ubuntu/px4_ros2_ws/install/px4_msgs/include/px4_msgs/px4_msgs/msg/health_report.hpp\n'}
[5.086970] (px4_msgs) StdoutLine: {'line': b'-- Up-to-date symlink: /home/ubuntu/px4_ros2_ws/install/px4_msgs/include/px4_msgs/px4_msgs/msg/heater_status.hpp\n'}
[5.087029] (px4_msgs) StdoutLine: {'line': b'-- Up-to-date symlink: /home/ubuntu/px4_ros2_ws/install/px4_msgs/include/px4_msgs/px4_msgs/msg/home_position.hpp\n'}
[5.087085] (px4_msgs) StdoutLine: {'line': b'-- Up-to-date symlink: /home/ubuntu/px4_ros2_ws/install/px4_msgs/include/px4_msgs/px4_msgs/msg/hover_thrust_estimate.hpp\n'}
[5.087130] (px4_msgs) StdoutLine: {'line': b'-- Up-to-date symlink: /home/ubuntu/px4_ros2_ws/install/px4_msgs/include/px4_msgs/px4_msgs/msg/input_rc.hpp\n'}
[5.087174] (px4_msgs) StdoutLine: {'line': b'-- Up-to-date symlink: /home/ubuntu/px4_ros2_ws/install/px4_msgs/include/px4_msgs/px4_msgs/msg/internal_combustion_engine_control.hpp\n'}
[5.087222] (px4_msgs) StdoutLine: {'line': b'-- Up-to-date symlink: /home/ubuntu/px4_ros2_ws/install/px4_msgs/include/px4_msgs/px4_msgs/msg/internal_combustion_engine_status.hpp\n'}
[5.087270] (px4_msgs) StdoutLine: {'line': b'-- Up-to-date symlink: /home/ubuntu/px4_ros2_ws/install/px4_msgs/include/px4_msgs/px4_msgs/msg/iridiumsbd_status.hpp\n'}
[5.087316] (px4_msgs) StdoutLine: {'line': b'-- Up-to-date symlink: /home/ubuntu/px4_ros2_ws/install/px4_msgs/include/px4_msgs/px4_msgs/msg/irlock_report.hpp\n'}
[5.087360] (px4_msgs) StdoutLine: {'line': b'-- Up-to-date symlink: /home/ubuntu/px4_ros2_ws/install/px4_msgs/include/px4_msgs/px4_msgs/msg/landing_gear.hpp\n'}
[5.087407] (px4_msgs) StdoutLine: {'line': b'-- Up-to-date symlink: /home/ubuntu/px4_ros2_ws/install/px4_msgs/include/px4_msgs/px4_msgs/msg/landing_gear_wheel.hpp\n'}
[5.087460] (px4_msgs) StdoutLine: {'line': b'-- Up-to-date symlink: /home/ubuntu/px4_ros2_ws/install/px4_msgs/include/px4_msgs/px4_msgs/msg/landing_target_innovations.hpp\n'}
[5.087509] (px4_msgs) StdoutLine: {'line': b'-- Up-to-date symlink: /home/ubuntu/px4_ros2_ws/install/px4_msgs/include/px4_msgs/px4_msgs/msg/landing_target_pose.hpp\n'}
[5.087554] (px4_msgs) StdoutLine: {'line': b'-- Up-to-date symlink: /home/ubuntu/px4_ros2_ws/install/px4_msgs/include/px4_msgs/px4_msgs/msg/lateral_control_configuration.hpp\n'}
[5.087601] (px4_msgs) StdoutLine: {'line': b'-- Up-to-date symlink: /home/ubuntu/px4_ros2_ws/install/px4_msgs/include/px4_msgs/px4_msgs/msg/launch_detection_status.hpp\n'}
[5.087646] (px4_msgs) StdoutLine: {'line': b'-- Up-to-date symlink: /home/ubuntu/px4_ros2_ws/install/px4_msgs/include/px4_msgs/px4_msgs/msg/led_control.hpp\n'}
[5.087693] (px4_msgs) StdoutLine: {'line': b'-- Up-to-date symlink: /home/ubuntu/px4_ros2_ws/install/px4_msgs/include/px4_msgs/px4_msgs/msg/log_message.hpp\n'}
[5.087738] (px4_msgs) StdoutLine: {'line': b'-- Up-to-date symlink: /home/ubuntu/px4_ros2_ws/install/px4_msgs/include/px4_msgs/px4_msgs/msg/logger_status.hpp\n'}
[5.087787] (px4_msgs) StdoutLine: {'line': b'-- Up-to-date symlink: /home/ubuntu/px4_ros2_ws/install/px4_msgs/include/px4_msgs/px4_msgs/msg/longitudinal_control_configuration.hpp\n'}
[5.087835] (px4_msgs) StdoutLine: {'line': b'-- Up-to-date symlink: /home/ubuntu/px4_ros2_ws/install/px4_msgs/include/px4_msgs/px4_msgs/msg/mag_worker_data.hpp\n'}
[5.087885] (px4_msgs) StdoutLine: {'line': b'-- Up-to-date symlink: /home/ubuntu/px4_ros2_ws/install/px4_msgs/include/px4_msgs/px4_msgs/msg/magnetometer_bias_estimate.hpp\n'}
[5.087935] (px4_msgs) StdoutLine: {'line': b'-- Up-to-date symlink: /home/ubuntu/px4_ros2_ws/install/px4_msgs/include/px4_msgs/px4_msgs/msg/manual_control_setpoint.hpp\n'}
[5.087984] (px4_msgs) StdoutLine: {'line': b'-- Up-to-date symlink: /home/ubuntu/px4_ros2_ws/install/px4_msgs/include/px4_msgs/px4_msgs/msg/manual_control_switches.hpp\n'}
[5.088036] (px4_msgs) StdoutLine: {'line': b'-- Up-to-date symlink: /home/ubuntu/px4_ros2_ws/install/px4_msgs/include/px4_msgs/px4_msgs/msg/mavlink_log.hpp\n'}
[5.088084] (px4_msgs) StdoutLine: {'line': b'-- Up-to-date symlink: /home/ubuntu/px4_ros2_ws/install/px4_msgs/include/px4_msgs/px4_msgs/msg/mavlink_tunnel.hpp\n'}
[5.088134] (px4_msgs) StdoutLine: {'line': b'-- Up-to-date symlink: /home/ubuntu/px4_ros2_ws/install/px4_msgs/include/px4_msgs/px4_msgs/msg/message_format_request.hpp\n'}
[5.088180] (px4_msgs) StdoutLine: {'line': b'-- Up-to-date symlink: /home/ubuntu/px4_ros2_ws/install/px4_msgs/include/px4_msgs/px4_msgs/msg/message_format_response.hpp\n'}
[5.088229] (px4_msgs) StdoutLine: {'line': b'-- Up-to-date symlink: /home/ubuntu/px4_ros2_ws/install/px4_msgs/include/px4_msgs/px4_msgs/msg/mission.hpp\n'}
[5.088280] (px4_msgs) StdoutLine: {'line': b'-- Up-to-date symlink: /home/ubuntu/px4_ros2_ws/install/px4_msgs/include/px4_msgs/px4_msgs/msg/mission_result.hpp\n'}
[5.088329] (px4_msgs) StdoutLine: {'line': b'-- Up-to-date symlink: /home/ubuntu/px4_ros2_ws/install/px4_msgs/include/px4_msgs/px4_msgs/msg/mode_completed.hpp\n'}
[5.088376] (px4_msgs) StdoutLine: {'line': b'-- Up-to-date symlink: /home/ubuntu/px4_ros2_ws/install/px4_msgs/include/px4_msgs/px4_msgs/msg/mount_orientation.hpp\n'}
[5.088424] (px4_msgs) StdoutLine: {'line': b'-- Up-to-date symlink: /home/ubuntu/px4_ros2_ws/install/px4_msgs/include/px4_msgs/px4_msgs/msg/navigator_mission_item.hpp\n'}
[5.088488] (px4_msgs) StdoutLine: {'line': b'-- Up-to-date symlink: /home/ubuntu/px4_ros2_ws/install/px4_msgs/include/px4_msgs/px4_msgs/msg/navigator_status.hpp\n'}
[5.088678] (px4_msgs) StdoutLine: {'line': b'-- Up-to-date symlink: /home/ubuntu/px4_ros2_ws/install/px4_msgs/include/px4_msgs/px4_msgs/msg/neural_control.hpp\n'}
[5.088820] (px4_msgs) StdoutLine: {'line': b'-- Up-to-date symlink: /home/ubuntu/px4_ros2_ws/install/px4_msgs/include/px4_msgs/px4_msgs/msg/normalized_unsigned_setpoint.hpp\n'}
[5.088936] (px4_msgs) StdoutLine: {'line': b'-- Up-to-date symlink: /home/ubuntu/px4_ros2_ws/install/px4_msgs/include/px4_msgs/px4_msgs/msg/obstacle_distance.hpp\n'}
[5.089045] (px4_msgs) StdoutLine: {'line': b'-- Up-to-date symlink: /home/ubuntu/px4_ros2_ws/install/px4_msgs/include/px4_msgs/px4_msgs/msg/offboard_control_mode.hpp\n'}
[5.089150] (px4_msgs) StdoutLine: {'line': b'-- Up-to-date symlink: /home/ubuntu/px4_ros2_ws/install/px4_msgs/include/px4_msgs/px4_msgs/msg/onboard_computer_status.hpp\n'}
[5.089256] (px4_msgs) StdoutLine: {'line': b'-- Up-to-date symlink: /home/ubuntu/px4_ros2_ws/install/px4_msgs/include/px4_msgs/px4_msgs/msg/open_drone_id_arm_status.hpp\n'}
[5.089357] (px4_msgs) StdoutLine: {'line': b'-- Up-to-date symlink: /home/ubuntu/px4_ros2_ws/install/px4_msgs/include/px4_msgs/px4_msgs/msg/open_drone_id_basic_id.hpp\n'}
[5.089486] (px4_msgs) StdoutLine: {'line': b'-- Up-to-date symlink: /home/ubuntu/px4_ros2_ws/install/px4_msgs/include/px4_msgs/px4_msgs/msg/open_drone_id_operator_id.hpp\n'}
[5.089581] (px4_msgs) StdoutLine: {'line': b'-- Up-to-date symlink: /home/ubuntu/px4_ros2_ws/install/px4_msgs/include/px4_msgs/px4_msgs/msg/open_drone_id_self_id.hpp\n'}
[5.089690] (px4_msgs) StdoutLine: {'line': b'-- Up-to-date symlink: /home/ubuntu/px4_ros2_ws/install/px4_msgs/include/px4_msgs/px4_msgs/msg/open_drone_id_system.hpp\n'}
[5.089795] (px4_msgs) StdoutLine: {'line': b'-- Up-to-date symlink: /home/ubuntu/px4_ros2_ws/install/px4_msgs/include/px4_msgs/px4_msgs/msg/orb_test.hpp\n'}
[5.089902] (px4_msgs) StdoutLine: {'line': b'-- Up-to-date symlink: /home/ubuntu/px4_ros2_ws/install/px4_msgs/include/px4_msgs/px4_msgs/msg/orb_test_large.hpp\n'}
[5.090008] (px4_msgs) StdoutLine: {'line': b'-- Up-to-date symlink: /home/ubuntu/px4_ros2_ws/install/px4_msgs/include/px4_msgs/px4_msgs/msg/orb_test_medium.hpp\n'}
[5.090114] (px4_msgs) StdoutLine: {'line': b'-- Up-to-date symlink: /home/ubuntu/px4_ros2_ws/install/px4_msgs/include/px4_msgs/px4_msgs/msg/orbit_status.hpp\n'}
[5.090224] (px4_msgs) StdoutLine: {'line': b'-- Up-to-date symlink: /home/ubuntu/px4_ros2_ws/install/px4_msgs/include/px4_msgs/px4_msgs/msg/parameter_reset_request.hpp\n'}
[5.090332] (px4_msgs) StdoutLine: {'line': b'-- Up-to-date symlink: /home/ubuntu/px4_ros2_ws/install/px4_msgs/include/px4_msgs/px4_msgs/msg/parameter_set_used_request.hpp\n'}
[5.090439] (px4_msgs) StdoutLine: {'line': b'-- Up-to-date symlink: /home/ubuntu/px4_ros2_ws/install/px4_msgs/include/px4_msgs/px4_msgs/msg/parameter_set_value_request.hpp\n'}
[5.090567] (px4_msgs) StdoutLine: {'line': b'-- Up-to-date symlink: /home/ubuntu/px4_ros2_ws/install/px4_msgs/include/px4_msgs/px4_msgs/msg/parameter_set_value_response.hpp\n'}
[5.090684] (px4_msgs) StdoutLine: {'line': b'-- Up-to-date symlink: /home/ubuntu/px4_ros2_ws/install/px4_msgs/include/px4_msgs/px4_msgs/msg/parameter_update.hpp\n'}
[5.090800] (px4_msgs) StdoutLine: {'line': b'-- Up-to-date symlink: /home/ubuntu/px4_ros2_ws/install/px4_msgs/include/px4_msgs/px4_msgs/msg/ping.hpp\n'}
[5.090912] (px4_msgs) StdoutLine: {'line': b'-- Up-to-date symlink: /home/ubuntu/px4_ros2_ws/install/px4_msgs/include/px4_msgs/px4_msgs/msg/position_controller_landing_status.hpp\n'}
[5.091024] (px4_msgs) StdoutLine: {'line': b'-- Up-to-date symlink: /home/ubuntu/px4_ros2_ws/install/px4_msgs/include/px4_msgs/px4_msgs/msg/position_controller_status.hpp\n'}
[5.091152] (px4_msgs) StdoutLine: {'line': b'-- Up-to-date symlink: /home/ubuntu/px4_ros2_ws/install/px4_msgs/include/px4_msgs/px4_msgs/msg/position_setpoint.hpp\n'}
[5.091265] (px4_msgs) StdoutLine: {'line': b'-- Up-to-date symlink: /home/ubuntu/px4_ros2_ws/install/px4_msgs/include/px4_msgs/px4_msgs/msg/position_setpoint_triplet.hpp\n'}
[5.091377] (px4_msgs) StdoutLine: {'line': b'-- Up-to-date symlink: /home/ubuntu/px4_ros2_ws/install/px4_msgs/include/px4_msgs/px4_msgs/msg/power_button_state.hpp\n'}
[5.091499] (px4_msgs) StdoutLine: {'line': b'-- Up-to-date symlink: /home/ubuntu/px4_ros2_ws/install/px4_msgs/include/px4_msgs/px4_msgs/msg/power_monitor.hpp\n'}
[5.091614] (px4_msgs) StdoutLine: {'line': b'-- Up-to-date symlink: /home/ubuntu/px4_ros2_ws/install/px4_msgs/include/px4_msgs/px4_msgs/msg/pps_capture.hpp\n'}
[5.091732] (px4_msgs) StdoutLine: {'line': b'-- Up-to-date symlink: /home/ubuntu/px4_ros2_ws/install/px4_msgs/include/px4_msgs/px4_msgs/msg/prec_land_status.hpp\n'}
[5.091851] (px4_msgs) StdoutLine: {'line': b'-- Up-to-date symlink: /home/ubuntu/px4_ros2_ws/install/px4_msgs/include/px4_msgs/px4_msgs/msg/pure_pursuit_status.hpp\n'}
[5.091967] (px4_msgs) StdoutLine: {'line': b'-- Up-to-date symlink: /home/ubuntu/px4_ros2_ws/install/px4_msgs/include/px4_msgs/px4_msgs/msg/pwm_input.hpp\n'}
[5.092078] (px4_msgs) StdoutLine: {'line': b'-- Up-to-date symlink: /home/ubuntu/px4_ros2_ws/install/px4_msgs/include/px4_msgs/px4_msgs/msg/px4io_status.hpp\n'}
[5.092189] (px4_msgs) StdoutLine: {'line': b'-- Up-to-date symlink: /home/ubuntu/px4_ros2_ws/install/px4_msgs/include/px4_msgs/px4_msgs/msg/qshell_req.hpp\n'}
[5.092295] (px4_msgs) StdoutLine: {'line': b'-- Up-to-date symlink: /home/ubuntu/px4_ros2_ws/install/px4_msgs/include/px4_msgs/px4_msgs/msg/qshell_retval.hpp\n'}
[5.092407] (px4_msgs) StdoutLine: {'line': b'-- Up-to-date symlink: /home/ubuntu/px4_ros2_ws/install/px4_msgs/include/px4_msgs/px4_msgs/msg/radio_status.hpp\n'}
[5.092528] (px4_msgs) StdoutLine: {'line': b'-- Up-to-date symlink: /home/ubuntu/px4_ros2_ws/install/px4_msgs/include/px4_msgs/px4_msgs/msg/ranging_beacon.hpp\n'}
[5.092644] (px4_msgs) StdoutLine: {'line': b'-- Up-to-date symlink: /home/ubuntu/px4_ros2_ws/install/px4_msgs/include/px4_msgs/px4_msgs/msg/raptor_input.hpp\n'}
[5.092760] (px4_msgs) StdoutLine: {'line': b'-- Up-to-date symlink: /home/ubuntu/px4_ros2_ws/install/px4_msgs/include/px4_msgs/px4_msgs/msg/raptor_status.hpp\n'}
[5.092880] (px4_msgs) StdoutLine: {'line': b'-- Up-to-date symlink: /home/ubuntu/px4_ros2_ws/install/px4_msgs/include/px4_msgs/px4_msgs/msg/rate_ctrl_status.hpp\n'}
[5.093037] (px4_msgs) StdoutLine: {'line': b'-- Up-to-date symlink: /home/ubuntu/px4_ros2_ws/install/px4_msgs/include/px4_msgs/px4_msgs/msg/rc_channels.hpp\n'}
[5.093171] (px4_msgs) StdoutLine: {'line': b'-- Up-to-date symlink: /home/ubuntu/px4_ros2_ws/install/px4_msgs/include/px4_msgs/px4_msgs/msg/rc_parameter_map.hpp\n'}
[5.093307] (px4_msgs) StdoutLine: {'line': b'-- Up-to-date symlink: /home/ubuntu/px4_ros2_ws/install/px4_msgs/include/px4_msgs/px4_msgs/msg/register_ext_component_reply.hpp\n'}
[5.093421] (px4_msgs) StdoutLine: {'line': b'-- Up-to-date symlink: /home/ubuntu/px4_ros2_ws/install/px4_msgs/include/px4_msgs/px4_msgs/msg/register_ext_component_request.hpp\n'}
[5.093559] (px4_msgs) StdoutLine: {'line': b'-- Up-to-date symlink: /home/ubuntu/px4_ros2_ws/install/px4_msgs/include/px4_msgs/px4_msgs/msg/rosidl_generator_cpp__visibility_control.hpp\n'}
[5.093668] (px4_msgs) StdoutLine: {'line': b'-- Up-to-date symlink: /home/ubuntu/px4_ros2_ws/install/px4_msgs/include/px4_msgs/px4_msgs/msg/rover_attitude_setpoint.hpp\n'}
[5.093784] (px4_msgs) StdoutLine: {'line': b'-- Up-to-date symlink: /home/ubuntu/px4_ros2_ws/install/px4_msgs/include/px4_msgs/px4_msgs/msg/rover_attitude_status.hpp\n'}
[5.093899] (px4_msgs) StdoutLine: {'line': b'-- Up-to-date symlink: /home/ubuntu/px4_ros2_ws/install/px4_msgs/include/px4_msgs/px4_msgs/msg/rover_position_setpoint.hpp\n'}
[5.094018] (px4_msgs) StdoutLine: {'line': b'-- Up-to-date symlink: /home/ubuntu/px4_ros2_ws/install/px4_msgs/include/px4_msgs/px4_msgs/msg/rover_rate_setpoint.hpp\n'}
[5.094199] (px4_msgs) StdoutLine: {'line': b'-- Up-to-date symlink: /home/ubuntu/px4_ros2_ws/install/px4_msgs/include/px4_msgs/px4_msgs/msg/rover_rate_status.hpp\n'}
[5.094397] (px4_msgs) StdoutLine: {'line': b'-- Up-to-date symlink: /home/ubuntu/px4_ros2_ws/install/px4_msgs/include/px4_msgs/px4_msgs/msg/rover_speed_setpoint.hpp\n'}
[5.094499] (px4_msgs) StdoutLine: {'line': b'-- Up-to-date symlink: /home/ubuntu/px4_ros2_ws/install/px4_msgs/include/px4_msgs/px4_msgs/msg/rover_speed_status.hpp\n'}
[5.094580] (px4_msgs) StdoutLine: {'line': b'-- Up-to-date symlink: /home/ubuntu/px4_ros2_ws/install/px4_msgs/include/px4_msgs/px4_msgs/msg/rover_steering_setpoint.hpp\n'}
[5.094690] (px4_msgs) StdoutLine: {'line': b'-- Up-to-date symlink: /home/ubuntu/px4_ros2_ws/install/px4_msgs/include/px4_msgs/px4_msgs/msg/rover_throttle_setpoint.hpp\n'}
[5.094806] (px4_msgs) StdoutLine: {'line': b'-- Up-to-date symlink: /home/ubuntu/px4_ros2_ws/install/px4_msgs/include/px4_msgs/px4_msgs/msg/rpm.hpp\n'}
[5.094917] (px4_msgs) StdoutLine: {'line': b'-- Up-to-date symlink: /home/ubuntu/px4_ros2_ws/install/px4_msgs/include/px4_msgs/px4_msgs/msg/rtcm_data.hpp\n'}
[5.095037] (px4_msgs) StdoutLine: {'line': b'-- Up-to-date symlink: /home/ubuntu/px4_ros2_ws/install/px4_msgs/include/px4_msgs/px4_msgs/msg/rtl_status.hpp\n'}
[5.095151] (px4_msgs) StdoutLine: {'line': b'-- Up-to-date symlink: /home/ubuntu/px4_ros2_ws/install/px4_msgs/include/px4_msgs/px4_msgs/msg/rtl_time_estimate.hpp\n'}
[5.095265] (px4_msgs) StdoutLine: {'line': b'-- Up-to-date symlink: /home/ubuntu/px4_ros2_ws/install/px4_msgs/include/px4_msgs/px4_msgs/msg/satellite_info.hpp\n'}
[5.095379] (px4_msgs) StdoutLine: {'line': b'-- Up-to-date symlink: /home/ubuntu/px4_ros2_ws/install/px4_msgs/include/px4_msgs/px4_msgs/msg/sensor_accel.hpp\n'}
[5.095488] (px4_msgs) StdoutLine: {'line': b'-- Up-to-date symlink: /home/ubuntu/px4_ros2_ws/install/px4_msgs/include/px4_msgs/px4_msgs/msg/sensor_accel_fifo.hpp\n'}
[5.095595] (px4_msgs) StdoutLine: {'line': b'-- Up-to-date symlink: /home/ubuntu/px4_ros2_ws/install/px4_msgs/include/px4_msgs/px4_msgs/msg/sensor_airflow.hpp\n'}
[5.095699] (px4_msgs) StdoutLine: {'line': b'-- Up-to-date symlink: /home/ubuntu/px4_ros2_ws/install/px4_msgs/include/px4_msgs/px4_msgs/msg/sensor_baro.hpp\n'}
[5.095805] (px4_msgs) StdoutLine: {'line': b'-- Up-to-date symlink: /home/ubuntu/px4_ros2_ws/install/px4_msgs/include/px4_msgs/px4_msgs/msg/sensor_combined.hpp\n'}
[5.095924] (px4_msgs) StdoutLine: {'line': b'-- Up-to-date symlink: /home/ubuntu/px4_ros2_ws/install/px4_msgs/include/px4_msgs/px4_msgs/msg/sensor_correction.hpp\n'}
[5.096023] (px4_msgs) StdoutLine: {'line': b'-- Up-to-date symlink: /home/ubuntu/px4_ros2_ws/install/px4_msgs/include/px4_msgs/px4_msgs/msg/sensor_gnss_relative.hpp\n'}
[5.096138] (px4_msgs) StdoutLine: {'line': b'-- Up-to-date symlink: /home/ubuntu/px4_ros2_ws/install/px4_msgs/include/px4_msgs/px4_msgs/msg/sensor_gnss_status.hpp\n'}
[5.096239] (px4_msgs) StdoutLine: {'line': b'-- Up-to-date symlink: /home/ubuntu/px4_ros2_ws/install/px4_msgs/include/px4_msgs/px4_msgs/msg/sensor_gps.hpp\n'}
[5.096347] (px4_msgs) StdoutLine: {'line': b'-- Up-to-date symlink: /home/ubuntu/px4_ros2_ws/install/px4_msgs/include/px4_msgs/px4_msgs/msg/sensor_gyro.hpp\n'}
[5.096474] (px4_msgs) StdoutLine: {'line': b'-- Up-to-date symlink: /home/ubuntu/px4_ros2_ws/install/px4_msgs/include/px4_msgs/px4_msgs/msg/sensor_gyro_fft.hpp\n'}
[5.096709] (px4_msgs) StdoutLine: {'line': b'-- Up-to-date symlink: /home/ubuntu/px4_ros2_ws/install/px4_msgs/include/px4_msgs/px4_msgs/msg/sensor_gyro_fifo.hpp\n'}
[5.096820] (px4_msgs) StdoutLine: {'line': b'-- Up-to-date symlink: /home/ubuntu/px4_ros2_ws/install/px4_msgs/include/px4_msgs/px4_msgs/msg/sensor_hygrometer.hpp\n'}
[5.096915] (px4_msgs) StdoutLine: {'line': b'-- Up-to-date symlink: /home/ubuntu/px4_ros2_ws/install/px4_msgs/include/px4_msgs/px4_msgs/msg/sensor_mag.hpp\n'}
[5.097011] (px4_msgs) StdoutLine: {'line': b'-- Up-to-date symlink: /home/ubuntu/px4_ros2_ws/install/px4_msgs/include/px4_msgs/px4_msgs/msg/sensor_optical_flow.hpp\n'}
[5.097084] (px4_msgs) StdoutLine: {'line': b'-- Up-to-date symlink: /home/ubuntu/px4_ros2_ws/install/px4_msgs/include/px4_msgs/px4_msgs/msg/sensor_preflight_mag.hpp\n'}
[5.097165] (px4_msgs) StdoutLine: {'line': b'-- Up-to-date symlink: /home/ubuntu/px4_ros2_ws/install/px4_msgs/include/px4_msgs/px4_msgs/msg/sensor_selection.hpp\n'}
[5.097245] (px4_msgs) StdoutLine: {'line': b'-- Up-to-date symlink: /home/ubuntu/px4_ros2_ws/install/px4_msgs/include/px4_msgs/px4_msgs/msg/sensor_temp.hpp\n'}
[5.097328] (px4_msgs) StdoutLine: {'line': b'-- Up-to-date symlink: /home/ubuntu/px4_ros2_ws/install/px4_msgs/include/px4_msgs/px4_msgs/msg/sensor_uwb.hpp\n'}
[5.097411] (px4_msgs) StdoutLine: {'line': b'-- Up-to-date symlink: /home/ubuntu/px4_ros2_ws/install/px4_msgs/include/px4_msgs/px4_msgs/msg/sensors_status.hpp\n'}
[5.097501] (px4_msgs) StdoutLine: {'line': b'-- Up-to-date symlink: /home/ubuntu/px4_ros2_ws/install/px4_msgs/include/px4_msgs/px4_msgs/msg/sensors_status_imu.hpp\n'}
[5.097587] (px4_msgs) StdoutLine: {'line': b'-- Up-to-date symlink: /home/ubuntu/px4_ros2_ws/install/px4_msgs/include/px4_msgs/px4_msgs/msg/setpoint_config.hpp\n'}
[5.097672] (px4_msgs) StdoutLine: {'line': b'-- Up-to-date symlink: /home/ubuntu/px4_ros2_ws/install/px4_msgs/include/px4_msgs/px4_msgs/msg/setpoint_config_reply.hpp\n'}
[5.097760] (px4_msgs) StdoutLine: {'line': b'-- Up-to-date symlink: /home/ubuntu/px4_ros2_ws/install/px4_msgs/include/px4_msgs/px4_msgs/msg/system_power.hpp\n'}
[5.097853] (px4_msgs) StdoutLine: {'line': b'-- Up-to-date symlink: /home/ubuntu/px4_ros2_ws/install/px4_msgs/include/px4_msgs/px4_msgs/msg/takeoff_status.hpp\n'}
[5.097933] (px4_msgs) StdoutLine: {'line': b'-- Up-to-date symlink: /home/ubuntu/px4_ros2_ws/install/px4_msgs/include/px4_msgs/px4_msgs/msg/target_gnss.hpp\n'}
[5.098022] (px4_msgs) StdoutLine: {'line': b'-- Up-to-date symlink: /home/ubuntu/px4_ros2_ws/install/px4_msgs/include/px4_msgs/px4_msgs/msg/task_stack_info.hpp\n'}
[5.098106] (px4_msgs) StdoutLine: {'line': b'-- Up-to-date symlink: /home/ubuntu/px4_ros2_ws/install/px4_msgs/include/px4_msgs/px4_msgs/msg/tecs_status.hpp\n'}
[5.098188] (px4_msgs) StdoutLine: {'line': b'-- Up-to-date symlink: /home/ubuntu/px4_ros2_ws/install/px4_msgs/include/px4_msgs/px4_msgs/msg/telemetry_status.hpp\n'}
[5.098271] (px4_msgs) StdoutLine: {'line': b'-- Up-to-date symlink: /home/ubuntu/px4_ros2_ws/install/px4_msgs/include/px4_msgs/px4_msgs/msg/tiltrotor_extra_controls.hpp\n'}
[5.098354] (px4_msgs) StdoutLine: {'line': b'-- Up-to-date symlink: /home/ubuntu/px4_ros2_ws/install/px4_msgs/include/px4_msgs/px4_msgs/msg/timesync_status.hpp\n'}
[5.098435] (px4_msgs) StdoutLine: {'line': b'-- Up-to-date symlink: /home/ubuntu/px4_ros2_ws/install/px4_msgs/include/px4_msgs/px4_msgs/msg/trajectory_setpoint.hpp\n'}
[5.098546] (px4_msgs) StdoutLine: {'line': b'-- Up-to-date symlink: /home/ubuntu/px4_ros2_ws/install/px4_msgs/include/px4_msgs/px4_msgs/msg/trajectory_setpoint6dof.hpp\n'}
[5.098621] (px4_msgs) StdoutLine: {'line': b'-- Up-to-date symlink: /home/ubuntu/px4_ros2_ws/install/px4_msgs/include/px4_msgs/px4_msgs/msg/transponder_report.hpp\n'}
[5.098699] (px4_msgs) StdoutLine: {'line': b'-- Up-to-date symlink: /home/ubuntu/px4_ros2_ws/install/px4_msgs/include/px4_msgs/px4_msgs/msg/tune_control.hpp\n'}
[5.098779] (px4_msgs) StdoutLine: {'line': b'-- Up-to-date symlink: /home/ubuntu/px4_ros2_ws/install/px4_msgs/include/px4_msgs/px4_msgs/msg/uavcan_parameter_request.hpp\n'}
[5.098866] (px4_msgs) StdoutLine: {'line': b'-- Up-to-date symlink: /home/ubuntu/px4_ros2_ws/install/px4_msgs/include/px4_msgs/px4_msgs/msg/uavcan_parameter_value.hpp\n'}
[5.098934] (px4_msgs) StdoutLine: {'line': b'-- Up-to-date symlink: /home/ubuntu/px4_ros2_ws/install/px4_msgs/include/px4_msgs/px4_msgs/msg/ulog_stream.hpp\n'}
[5.099014] (px4_msgs) StdoutLine: {'line': b'-- Up-to-date symlink: /home/ubuntu/px4_ros2_ws/install/px4_msgs/include/px4_msgs/px4_msgs/msg/ulog_stream_ack.hpp\n'}
[5.099095] (px4_msgs) StdoutLine: {'line': b'-- Up-to-date symlink: /home/ubuntu/px4_ros2_ws/install/px4_msgs/include/px4_msgs/px4_msgs/msg/unregister_ext_component.hpp\n'}
[5.099175] (px4_msgs) StdoutLine: {'line': b'-- Up-to-date symlink: /home/ubuntu/px4_ros2_ws/install/px4_msgs/include/px4_msgs/px4_msgs/msg/vehicle_acceleration.hpp\n'}
[5.099254] (px4_msgs) StdoutLine: {'line': b'-- Up-to-date symlink: /home/ubuntu/px4_ros2_ws/install/px4_msgs/include/px4_msgs/px4_msgs/msg/vehicle_air_data.hpp\n'}
[5.099345] (px4_msgs) StdoutLine: {'line': b'-- Up-to-date symlink: /home/ubuntu/px4_ros2_ws/install/px4_msgs/include/px4_msgs/px4_msgs/msg/vehicle_angular_velocity.hpp\n'}
[5.099411] (px4_msgs) StdoutLine: {'line': b'-- Up-to-date symlink: /home/ubuntu/px4_ros2_ws/install/px4_msgs/include/px4_msgs/px4_msgs/msg/vehicle_attitude.hpp\n'}
[5.099505] (px4_msgs) StdoutLine: {'line': b'-- Up-to-date symlink: /home/ubuntu/px4_ros2_ws/install/px4_msgs/include/px4_msgs/px4_msgs/msg/vehicle_attitude_setpoint.hpp\n'}
[5.099584] (px4_msgs) StdoutLine: {'line': b'-- Up-to-date symlink: /home/ubuntu/px4_ros2_ws/install/px4_msgs/include/px4_msgs/px4_msgs/msg/vehicle_command.hpp\n'}
[5.099666] (px4_msgs) StdoutLine: {'line': b'-- Up-to-date symlink: /home/ubuntu/px4_ros2_ws/install/px4_msgs/include/px4_msgs/px4_msgs/msg/vehicle_command_ack.hpp\n'}
[5.099752] (px4_msgs) StdoutLine: {'line': b'-- Up-to-date symlink: /home/ubuntu/px4_ros2_ws/install/px4_msgs/include/px4_msgs/px4_msgs/msg/vehicle_constraints.hpp\n'}
[5.099851] (px4_msgs) StdoutLine: {'line': b'-- Up-to-date symlink: /home/ubuntu/px4_ros2_ws/install/px4_msgs/include/px4_msgs/px4_msgs/msg/vehicle_control_mode.hpp\n'}
[5.099954] (px4_msgs) StdoutLine: {'line': b'-- Up-to-date symlink: /home/ubuntu/px4_ros2_ws/install/px4_msgs/include/px4_msgs/px4_msgs/msg/vehicle_global_position.hpp\n'}
[5.100038] (px4_msgs) StdoutLine: {'line': b'-- Up-to-date symlink: /home/ubuntu/px4_ros2_ws/install/px4_msgs/include/px4_msgs/px4_msgs/msg/vehicle_imu.hpp\n'}
[5.100128] (px4_msgs) StdoutLine: {'line': b'-- Up-to-date symlink: /home/ubuntu/px4_ros2_ws/install/px4_msgs/include/px4_msgs/px4_msgs/msg/vehicle_imu_status.hpp\n'}
[5.100215] (px4_msgs) StdoutLine: {'line': b'-- Up-to-date symlink: /home/ubuntu/px4_ros2_ws/install/px4_msgs/include/px4_msgs/px4_msgs/msg/vehicle_land_detected.hpp\n'}
[5.100296] (px4_msgs) StdoutLine: {'line': b'-- Up-to-date symlink: /home/ubuntu/px4_ros2_ws/install/px4_msgs/include/px4_msgs/px4_msgs/msg/vehicle_local_position.hpp\n'}
[5.100396] (px4_msgs) StdoutLine: {'line': b'-- Up-to-date symlink: /home/ubuntu/px4_ros2_ws/install/px4_msgs/include/px4_msgs/px4_msgs/msg/vehicle_local_position_setpoint.hpp\n'}
[5.100607] (px4_msgs) StdoutLine: {'line': b'-- Up-to-date symlink: /home/ubuntu/px4_ros2_ws/install/px4_msgs/include/px4_msgs/px4_msgs/msg/vehicle_magnetometer.hpp\n'}
[5.100672] (px4_msgs) StdoutLine: {'line': b'-- Up-to-date symlink: /home/ubuntu/px4_ros2_ws/install/px4_msgs/include/px4_msgs/px4_msgs/msg/vehicle_odometry.hpp\n'}
[5.100718] (px4_msgs) StdoutLine: {'line': b'-- Up-to-date symlink: /home/ubuntu/px4_ros2_ws/install/px4_msgs/include/px4_msgs/px4_msgs/msg/vehicle_optical_flow.hpp\n'}
[5.100789] (px4_msgs) StdoutLine: {'line': b'-- Up-to-date symlink: /home/ubuntu/px4_ros2_ws/install/px4_msgs/include/px4_msgs/px4_msgs/msg/vehicle_optical_flow_vel.hpp\n'}
[5.100846] (px4_msgs) StdoutLine: {'line': b'-- Up-to-date symlink: /home/ubuntu/px4_ros2_ws/install/px4_msgs/include/px4_msgs/px4_msgs/msg/vehicle_rates_setpoint.hpp\n'}
[5.100890] (px4_msgs) StdoutLine: {'line': b'-- Up-to-date symlink: /home/ubuntu/px4_ros2_ws/install/px4_msgs/include/px4_msgs/px4_msgs/msg/vehicle_roi.hpp\n'}
[5.100953] (px4_msgs) StdoutLine: {'line': b'-- Up-to-date symlink: /home/ubuntu/px4_ros2_ws/install/px4_msgs/include/px4_msgs/px4_msgs/msg/vehicle_status.hpp\n'}
[5.100997] (px4_msgs) StdoutLine: {'line': b'-- Up-to-date symlink: /home/ubuntu/px4_ros2_ws/install/px4_msgs/include/px4_msgs/px4_msgs/msg/vehicle_thrust_setpoint.hpp\n'}
[5.101053] (px4_msgs) StdoutLine: {'line': b'-- Up-to-date symlink: /home/ubuntu/px4_ros2_ws/install/px4_msgs/include/px4_msgs/px4_msgs/msg/vehicle_torque_setpoint.hpp\n'}
[5.101094] (px4_msgs) StdoutLine: {'line': b'-- Up-to-date symlink: /home/ubuntu/px4_ros2_ws/install/px4_msgs/include/px4_msgs/px4_msgs/msg/velocity_limits.hpp\n'}
[5.101157] (px4_msgs) StdoutLine: {'line': b'-- Up-to-date symlink: /home/ubuntu/px4_ros2_ws/install/px4_msgs/include/px4_msgs/px4_msgs/msg/vte_aid_source1d.hpp\n'}
[5.101215] (px4_msgs) StdoutLine: {'line': b'-- Up-to-date symlink: /home/ubuntu/px4_ros2_ws/install/px4_msgs/include/px4_msgs/px4_msgs/msg/vte_aid_source3d.hpp\n'}
[5.101268] (px4_msgs) StdoutLine: {'line': b'-- Up-to-date symlink: /home/ubuntu/px4_ros2_ws/install/px4_msgs/include/px4_msgs/px4_msgs/msg/vte_bias_init_status.hpp\n'}
[5.101313] (px4_msgs) StdoutLine: {'line': b'-- Up-to-date symlink: /home/ubuntu/px4_ros2_ws/install/px4_msgs/include/px4_msgs/px4_msgs/msg/vte_input.hpp\n'}
[5.101355] (px4_msgs) StdoutLine: {'line': b'-- Up-to-date symlink: /home/ubuntu/px4_ros2_ws/install/px4_msgs/include/px4_msgs/px4_msgs/msg/vte_orientation.hpp\n'}
[5.101391] (px4_msgs) StdoutLine: {'line': b'-- Up-to-date symlink: /home/ubuntu/px4_ros2_ws/install/px4_msgs/include/px4_msgs/px4_msgs/msg/vte_position.hpp\n'}
[5.101463] (px4_msgs) StdoutLine: {'line': b'-- Up-to-date symlink: /home/ubuntu/px4_ros2_ws/install/px4_msgs/include/px4_msgs/px4_msgs/msg/vtol_vehicle_status.hpp\n'}
[5.101509] (px4_msgs) StdoutLine: {'line': b'-- Up-to-date symlink: /home/ubuntu/px4_ros2_ws/install/px4_msgs/include/px4_msgs/px4_msgs/msg/vtx.hpp\n'}
[5.101566] (px4_msgs) StdoutLine: {'line': b'-- Up-to-date symlink: /home/ubuntu/px4_ros2_ws/install/px4_msgs/include/px4_msgs/px4_msgs/msg/wheel_encoders.hpp\n'}
[5.101616] (px4_msgs) StdoutLine: {'line': b'-- Up-to-date symlink: /home/ubuntu/px4_ros2_ws/install/px4_msgs/include/px4_msgs/px4_msgs/msg/wind.hpp\n'}
[5.101670] (px4_msgs) StdoutLine: {'line': b'-- Up-to-date symlink: /home/ubuntu/px4_ros2_ws/install/px4_msgs/include/px4_msgs/px4_msgs/msg/yaw_estimator_status.hpp\n'}
[5.101724] (px4_msgs) StdoutLine: {'line': b'-- Up-to-date symlink: /home/ubuntu/px4_ros2_ws/install/px4_msgs/include/px4_msgs/px4_msgs/srv/detail/vehicle_command__builder.hpp\n'}
[5.101775] (px4_msgs) StdoutLine: {'line': b'-- Up-to-date symlink: /home/ubuntu/px4_ros2_ws/install/px4_msgs/include/px4_msgs/px4_msgs/srv/detail/vehicle_command__struct.hpp\n'}
[5.101831] (px4_msgs) StdoutLine: {'line': b'-- Up-to-date symlink: /home/ubuntu/px4_ros2_ws/install/px4_msgs/include/px4_msgs/px4_msgs/srv/detail/vehicle_command__traits.hpp\n'}
[5.101891] (px4_msgs) StdoutLine: {'line': b'-- Up-to-date symlink: /home/ubuntu/px4_ros2_ws/install/px4_msgs/include/px4_msgs/px4_msgs/srv/detail/vehicle_command__type_support.hpp\n'}
[5.101948] (px4_msgs) StdoutLine: {'line': b'-- Up-to-date symlink: /home/ubuntu/px4_ros2_ws/install/px4_msgs/include/px4_msgs/px4_msgs/srv/vehicle_command.hpp\n'}
[5.106790] (px4_msgs) StdoutLine: {'line': b'-- Up-to-date symlink: /home/ubuntu/px4_ros2_ws/install/px4_msgs/include/px4_msgs/px4_msgs/msg/detail/action_request__rosidl_typesupport_fastrtps_cpp.hpp\n'}
[5.107028] (px4_msgs) StdoutLine: {'line': b'-- Up-to-date symlink: /home/ubuntu/px4_ros2_ws/install/px4_msgs/include/px4_msgs/px4_msgs/msg/detail/actuator_armed__rosidl_typesupport_fastrtps_cpp.hpp\n'}
[5.107088] (px4_msgs) StdoutLine: {'line': b'-- Up-to-date symlink: /home/ubuntu/px4_ros2_ws/install/px4_msgs/include/px4_msgs/px4_msgs/msg/detail/actuator_controls_status__rosidl_typesupport_fastrtps_cpp.hpp\n'}
[5.107138] (px4_msgs) StdoutLine: {'line': b'-- Up-to-date symlink: /home/ubuntu/px4_ros2_ws/install/px4_msgs/include/px4_msgs/px4_msgs/msg/detail/actuator_motors__rosidl_typesupport_fastrtps_cpp.hpp\n'}
[5.107218] (px4_msgs) StdoutLine: {'line': b'-- Up-to-date symlink: /home/ubuntu/px4_ros2_ws/install/px4_msgs/include/px4_msgs/px4_msgs/msg/detail/actuator_outputs__rosidl_typesupport_fastrtps_cpp.hpp\n'}
[5.107270] (px4_msgs) StdoutLine: {'line': b'-- Up-to-date symlink: /home/ubuntu/px4_ros2_ws/install/px4_msgs/include/px4_msgs/px4_msgs/msg/detail/actuator_servos__rosidl_typesupport_fastrtps_cpp.hpp\n'}
[5.107326] (px4_msgs) StdoutLine: {'line': b'-- Up-to-date symlink: /home/ubuntu/px4_ros2_ws/install/px4_msgs/include/px4_msgs/px4_msgs/msg/detail/actuator_servos_trim__rosidl_typesupport_fastrtps_cpp.hpp\n'}
[5.107370] (px4_msgs) StdoutLine: {'line': b'-- Up-to-date symlink: /home/ubuntu/px4_ros2_ws/install/px4_msgs/include/px4_msgs/px4_msgs/msg/detail/actuator_test__rosidl_typesupport_fastrtps_cpp.hpp\n'}
[5.107412] (px4_msgs) StdoutLine: {'line': b'-- Up-to-date symlink: /home/ubuntu/px4_ros2_ws/install/px4_msgs/include/px4_msgs/px4_msgs/msg/detail/adc_report__rosidl_typesupport_fastrtps_cpp.hpp\n'}
[5.107470] (px4_msgs) StdoutLine: {'line': b'-- Up-to-date symlink: /home/ubuntu/px4_ros2_ws/install/px4_msgs/include/px4_msgs/px4_msgs/msg/detail/airspeed__rosidl_typesupport_fastrtps_cpp.hpp\n'}
[5.107548] (px4_msgs) StdoutLine: {'line': b'-- Up-to-date symlink: /home/ubuntu/px4_ros2_ws/install/px4_msgs/include/px4_msgs/px4_msgs/msg/detail/airspeed_validated__rosidl_typesupport_fastrtps_cpp.hpp\n'}
[5.107586] (px4_msgs) StdoutLine: {'line': b'-- Up-to-date symlink: /home/ubuntu/px4_ros2_ws/install/px4_msgs/include/px4_msgs/px4_msgs/msg/detail/airspeed_wind__rosidl_typesupport_fastrtps_cpp.hpp\n'}
[5.107629] (px4_msgs) StdoutLine: {'line': b'-- Up-to-date symlink: /home/ubuntu/px4_ros2_ws/install/px4_msgs/include/px4_msgs/px4_msgs/msg/detail/arming_check_reply__rosidl_typesupport_fastrtps_cpp.hpp\n'}
[5.107671] (px4_msgs) StdoutLine: {'line': b'-- Up-to-date symlink: /home/ubuntu/px4_ros2_ws/install/px4_msgs/include/px4_msgs/px4_msgs/msg/detail/arming_check_request__rosidl_typesupport_fastrtps_cpp.hpp\n'}
[5.107725] (px4_msgs) StdoutLine: {'line': b'-- Up-to-date symlink: /home/ubuntu/px4_ros2_ws/install/px4_msgs/include/px4_msgs/px4_msgs/msg/detail/autotune_attitude_control_status__rosidl_typesupport_fastrtps_cpp.hpp\n'}
[5.107773] (px4_msgs) StdoutLine: {'line': b'-- Up-to-date symlink: /home/ubuntu/px4_ros2_ws/install/px4_msgs/include/px4_msgs/px4_msgs/msg/detail/aux_global_position__rosidl_typesupport_fastrtps_cpp.hpp\n'}
[5.107833] (px4_msgs) StdoutLine: {'line': b'-- Up-to-date symlink: /home/ubuntu/px4_ros2_ws/install/px4_msgs/include/px4_msgs/px4_msgs/msg/detail/battery_info__rosidl_typesupport_fastrtps_cpp.hpp\n'}
[5.107884] (px4_msgs) StdoutLine: {'line': b'-- Up-to-date symlink: /home/ubuntu/px4_ros2_ws/install/px4_msgs/include/px4_msgs/px4_msgs/msg/detail/battery_status__rosidl_typesupport_fastrtps_cpp.hpp\n'}
[5.107920] (px4_msgs) StdoutLine: {'line': b'-- Up-to-date symlink: /home/ubuntu/px4_ros2_ws/install/px4_msgs/include/px4_msgs/px4_msgs/msg/detail/button_event__rosidl_typesupport_fastrtps_cpp.hpp\n'}
[5.107980] (px4_msgs) StdoutLine: {'line': b'-- Up-to-date symlink: /home/ubuntu/px4_ros2_ws/install/px4_msgs/include/px4_msgs/px4_msgs/msg/detail/camera_capture__rosidl_typesupport_fastrtps_cpp.hpp\n'}
[5.108057] (px4_msgs) StdoutLine: {'line': b'-- Up-to-date symlink: /home/ubuntu/px4_ros2_ws/install/px4_msgs/include/px4_msgs/px4_msgs/msg/detail/camera_status__rosidl_typesupport_fastrtps_cpp.hpp\n'}
[5.108095] (px4_msgs) StdoutLine: {'line': b'-- Up-to-date symlink: /home/ubuntu/px4_ros2_ws/install/px4_msgs/include/px4_msgs/px4_msgs/msg/detail/camera_trigger__rosidl_typesupport_fastrtps_cpp.hpp\n'}
[5.108135] (px4_msgs) StdoutLine: {'line': b'-- Up-to-date symlink: /home/ubuntu/px4_ros2_ws/install/px4_msgs/include/px4_msgs/px4_msgs/msg/detail/can_interface_status__rosidl_typesupport_fastrtps_cpp.hpp\n'}
[5.108176] (px4_msgs) StdoutLine: {'line': b'-- Up-to-date symlink: /home/ubuntu/px4_ros2_ws/install/px4_msgs/include/px4_msgs/px4_msgs/msg/detail/cellular_status__rosidl_typesupport_fastrtps_cpp.hpp\n'}
[5.108241] (px4_msgs) StdoutLine: {'line': b'-- Up-to-date symlink: /home/ubuntu/px4_ros2_ws/install/px4_msgs/include/px4_msgs/px4_msgs/msg/detail/collision_constraints__rosidl_typesupport_fastrtps_cpp.hpp\n'}
[5.108283] (px4_msgs) StdoutLine: {'line': b'-- Up-to-date symlink: /home/ubuntu/px4_ros2_ws/install/px4_msgs/include/px4_msgs/px4_msgs/msg/detail/config_overrides__rosidl_typesupport_fastrtps_cpp.hpp\n'}
[5.108325] (px4_msgs) StdoutLine: {'line': b'-- Up-to-date symlink: /home/ubuntu/px4_ros2_ws/install/px4_msgs/include/px4_msgs/px4_msgs/msg/detail/control_allocator_status__rosidl_typesupport_fastrtps_cpp.hpp\n'}
[5.108366] (px4_msgs) StdoutLine: {'line': b'-- Up-to-date symlink: /home/ubuntu/px4_ros2_ws/install/px4_msgs/include/px4_msgs/px4_msgs/msg/detail/cpuload__rosidl_typesupport_fastrtps_cpp.hpp\n'}
[5.108407] (px4_msgs) StdoutLine: {'line': b'-- Up-to-date symlink: /home/ubuntu/px4_ros2_ws/install/px4_msgs/include/px4_msgs/px4_msgs/msg/detail/dataman_request__rosidl_typesupport_fastrtps_cpp.hpp\n'}
[5.108447] (px4_msgs) StdoutLine: {'line': b'-- Up-to-date symlink: /home/ubuntu/px4_ros2_ws/install/px4_msgs/include/px4_msgs/px4_msgs/msg/detail/dataman_response__rosidl_typesupport_fastrtps_cpp.hpp\n'}
[5.108515] (px4_msgs) StdoutLine: {'line': b'-- Up-to-date symlink: /home/ubuntu/px4_ros2_ws/install/px4_msgs/include/px4_msgs/px4_msgs/msg/detail/debug_array__rosidl_typesupport_fastrtps_cpp.hpp\n'}
[5.108559] (px4_msgs) StdoutLine: {'line': b'-- Up-to-date symlink: /home/ubuntu/px4_ros2_ws/install/px4_msgs/include/px4_msgs/px4_msgs/msg/detail/debug_key_value__rosidl_typesupport_fastrtps_cpp.hpp\n'}
[5.108600] (px4_msgs) StdoutLine: {'line': b'-- Up-to-date symlink: /home/ubuntu/px4_ros2_ws/install/px4_msgs/include/px4_msgs/px4_msgs/msg/detail/debug_value__rosidl_typesupport_fastrtps_cpp.hpp\n'}
[5.108642] (px4_msgs) StdoutLine: {'line': b'-- Up-to-date symlink: /home/ubuntu/px4_ros2_ws/install/px4_msgs/include/px4_msgs/px4_msgs/msg/detail/debug_vect__rosidl_typesupport_fastrtps_cpp.hpp\n'}
[5.108682] (px4_msgs) StdoutLine: {'line': b'-- Up-to-date symlink: /home/ubuntu/px4_ros2_ws/install/px4_msgs/include/px4_msgs/px4_msgs/msg/detail/device_information__rosidl_typesupport_fastrtps_cpp.hpp\n'}
[5.108723] (px4_msgs) StdoutLine: {'line': b'-- Up-to-date symlink: /home/ubuntu/px4_ros2_ws/install/px4_msgs/include/px4_msgs/px4_msgs/msg/detail/differential_pressure__rosidl_typesupport_fastrtps_cpp.hpp\n'}
[5.108784] (px4_msgs) StdoutLine: {'line': b'-- Up-to-date symlink: /home/ubuntu/px4_ros2_ws/install/px4_msgs/include/px4_msgs/px4_msgs/msg/detail/distance_sensor__rosidl_typesupport_fastrtps_cpp.hpp\n'}
[5.108846] (px4_msgs) StdoutLine: {'line': b'-- Up-to-date symlink: /home/ubuntu/px4_ros2_ws/install/px4_msgs/include/px4_msgs/px4_msgs/msg/detail/distance_sensor_mode_change_request__rosidl_typesupport_fastrtps_cpp.hpp\n'}
[5.108890] (px4_msgs) StdoutLine: {'line': b'-- Up-to-date symlink: /home/ubuntu/px4_ros2_ws/install/px4_msgs/include/px4_msgs/px4_msgs/msg/detail/dronecan_node_status__rosidl_typesupport_fastrtps_cpp.hpp\n'}
[5.108930] (px4_msgs) StdoutLine: {'line': b'-- Up-to-date symlink: /home/ubuntu/px4_ros2_ws/install/px4_msgs/include/px4_msgs/px4_msgs/msg/detail/ekf2_timestamps__rosidl_typesupport_fastrtps_cpp.hpp\n'}
[5.108971] (px4_msgs) StdoutLine: {'line': b'-- Up-to-date symlink: /home/ubuntu/px4_ros2_ws/install/px4_msgs/include/px4_msgs/px4_msgs/msg/detail/esc_eeprom_read__rosidl_typesupport_fastrtps_cpp.hpp\n'}
[5.109012] (px4_msgs) StdoutLine: {'line': b'-- Up-to-date symlink: /home/ubuntu/px4_ros2_ws/install/px4_msgs/include/px4_msgs/px4_msgs/msg/detail/esc_eeprom_write__rosidl_typesupport_fastrtps_cpp.hpp\n'}
[5.109112] (px4_msgs) StdoutLine: {'line': b'-- Up-to-date symlink: /home/ubuntu/px4_ros2_ws/install/px4_msgs/include/px4_msgs/px4_msgs/msg/detail/esc_report__rosidl_typesupport_fastrtps_cpp.hpp\n'}
[5.109169] (px4_msgs) StdoutLine: {'line': b'-- Up-to-date symlink: /home/ubuntu/px4_ros2_ws/install/px4_msgs/include/px4_msgs/px4_msgs/msg/detail/esc_status__rosidl_typesupport_fastrtps_cpp.hpp\n'}
[5.109204] (px4_msgs) StdoutLine: {'line': b'-- Up-to-date symlink: /home/ubuntu/px4_ros2_ws/install/px4_msgs/include/px4_msgs/px4_msgs/msg/detail/estimator_aid_source1d__rosidl_typesupport_fastrtps_cpp.hpp\n'}
[5.109252] (px4_msgs) StdoutLine: {'line': b'-- Up-to-date symlink: /home/ubuntu/px4_ros2_ws/install/px4_msgs/include/px4_msgs/px4_msgs/msg/detail/estimator_aid_source2d__rosidl_typesupport_fastrtps_cpp.hpp\n'}
[5.109294] (px4_msgs) StdoutLine: {'line': b'-- Up-to-date symlink: /home/ubuntu/px4_ros2_ws/install/px4_msgs/include/px4_msgs/px4_msgs/msg/detail/estimator_aid_source3d__rosidl_typesupport_fastrtps_cpp.hpp\n'}
[5.109335] (px4_msgs) StdoutLine: {'line': b'-- Up-to-date symlink: /home/ubuntu/px4_ros2_ws/install/px4_msgs/include/px4_msgs/px4_msgs/msg/detail/estimator_bias3d__rosidl_typesupport_fastrtps_cpp.hpp\n'}
[5.109375] (px4_msgs) StdoutLine: {'line': b'-- Up-to-date symlink: /home/ubuntu/px4_ros2_ws/install/px4_msgs/include/px4_msgs/px4_msgs/msg/detail/estimator_bias__rosidl_typesupport_fastrtps_cpp.hpp\n'}
[5.109439] (px4_msgs) StdoutLine: {'line': b'-- Up-to-date symlink: /home/ubuntu/px4_ros2_ws/install/px4_msgs/include/px4_msgs/px4_msgs/msg/detail/estimator_event_flags__rosidl_typesupport_fastrtps_cpp.hpp\n'}
[5.109490] (px4_msgs) StdoutLine: {'line': b'-- Up-to-date symlink: /home/ubuntu/px4_ros2_ws/install/px4_msgs/include/px4_msgs/px4_msgs/msg/detail/estimator_fusion_control__rosidl_typesupport_fastrtps_cpp.hpp\n'}
[5.109535] (px4_msgs) StdoutLine: {'line': b'-- Up-to-date symlink: /home/ubuntu/px4_ros2_ws/install/px4_msgs/include/px4_msgs/px4_msgs/msg/detail/estimator_gps_status__rosidl_typesupport_fastrtps_cpp.hpp\n'}
[5.109575] (px4_msgs) StdoutLine: {'line': b'-- Up-to-date symlink: /home/ubuntu/px4_ros2_ws/install/px4_msgs/include/px4_msgs/px4_msgs/msg/detail/estimator_innovations__rosidl_typesupport_fastrtps_cpp.hpp\n'}
[5.109615] (px4_msgs) StdoutLine: {'line': b'-- Up-to-date symlink: /home/ubuntu/px4_ros2_ws/install/px4_msgs/include/px4_msgs/px4_msgs/msg/detail/estimator_selector_status__rosidl_typesupport_fastrtps_cpp.hpp\n'}
[5.109656] (px4_msgs) StdoutLine: {'line': b'-- Up-to-date symlink: /home/ubuntu/px4_ros2_ws/install/px4_msgs/include/px4_msgs/px4_msgs/msg/detail/estimator_sensor_bias__rosidl_typesupport_fastrtps_cpp.hpp\n'}
[5.109697] (px4_msgs) StdoutLine: {'line': b'-- Up-to-date symlink: /home/ubuntu/px4_ros2_ws/install/px4_msgs/include/px4_msgs/px4_msgs/msg/detail/estimator_states__rosidl_typesupport_fastrtps_cpp.hpp\n'}
[5.109782] (px4_msgs) StdoutLine: {'line': b'-- Up-to-date symlink: /home/ubuntu/px4_ros2_ws/install/px4_msgs/include/px4_msgs/px4_msgs/msg/detail/estimator_status__rosidl_typesupport_fastrtps_cpp.hpp\n'}
[5.109821] (px4_msgs) StdoutLine: {'line': b'-- Up-to-date symlink: /home/ubuntu/px4_ros2_ws/install/px4_msgs/include/px4_msgs/px4_msgs/msg/detail/estimator_status_flags__rosidl_typesupport_fastrtps_cpp.hpp\n'}
[5.109875] (px4_msgs) StdoutLine: {'line': b'-- Up-to-date symlink: /home/ubuntu/px4_ros2_ws/install/px4_msgs/include/px4_msgs/px4_msgs/msg/detail/event__rosidl_typesupport_fastrtps_cpp.hpp\n'}
[5.109917] (px4_msgs) StdoutLine: {'line': b'-- Up-to-date symlink: /home/ubuntu/px4_ros2_ws/install/px4_msgs/include/px4_msgs/px4_msgs/msg/detail/failsafe_flags__rosidl_typesupport_fastrtps_cpp.hpp\n'}
[5.109973] (px4_msgs) StdoutLine: {'line': b'-- Up-to-date symlink: /home/ubuntu/px4_ros2_ws/install/px4_msgs/include/px4_msgs/px4_msgs/msg/detail/failure_detector_status__rosidl_typesupport_fastrtps_cpp.hpp\n'}
[5.110016] (px4_msgs) StdoutLine: {'line': b'-- Up-to-date symlink: /home/ubuntu/px4_ros2_ws/install/px4_msgs/include/px4_msgs/px4_msgs/msg/detail/failure_injection__rosidl_typesupport_fastrtps_cpp.hpp\n'}
[5.110056] (px4_msgs) StdoutLine: {'line': b'-- Up-to-date symlink: /home/ubuntu/px4_ros2_ws/install/px4_msgs/include/px4_msgs/px4_msgs/msg/detail/fiducial_marker_pos_report__rosidl_typesupport_fastrtps_cpp.hpp\n'}
[5.110096] (px4_msgs) StdoutLine: {'line': b'-- Up-to-date symlink: /home/ubuntu/px4_ros2_ws/install/px4_msgs/include/px4_msgs/px4_msgs/msg/detail/fiducial_marker_yaw_report__rosidl_typesupport_fastrtps_cpp.hpp\n'}
[5.110137] (px4_msgs) StdoutLine: {'line': b'-- Up-to-date symlink: /home/ubuntu/px4_ros2_ws/install/px4_msgs/include/px4_msgs/px4_msgs/msg/detail/figure_eight_status__rosidl_typesupport_fastrtps_cpp.hpp\n'}
[5.110189] (px4_msgs) StdoutLine: {'line': b'-- Up-to-date symlink: /home/ubuntu/px4_ros2_ws/install/px4_msgs/include/px4_msgs/px4_msgs/msg/detail/fixed_wing_lateral_guidance_status__rosidl_typesupport_fastrtps_cpp.hpp\n'}
[5.110251] (px4_msgs) StdoutLine: {'line': b'-- Up-to-date symlink: /home/ubuntu/px4_ros2_ws/install/px4_msgs/include/px4_msgs/px4_msgs/msg/detail/fixed_wing_lateral_setpoint__rosidl_typesupport_fastrtps_cpp.hpp\n'}
[5.110310] (px4_msgs) StdoutLine: {'line': b'-- Up-to-date symlink: /home/ubuntu/px4_ros2_ws/install/px4_msgs/include/px4_msgs/px4_msgs/msg/detail/fixed_wing_lateral_status__rosidl_typesupport_fastrtps_cpp.hpp\n'}
[5.110354] (px4_msgs) StdoutLine: {'line': b'-- Up-to-date symlink: /home/ubuntu/px4_ros2_ws/install/px4_msgs/include/px4_msgs/px4_msgs/msg/detail/fixed_wing_longitudinal_setpoint__rosidl_typesupport_fastrtps_cpp.hpp\n'}
[5.110413] (px4_msgs) StdoutLine: {'line': b'-- Up-to-date symlink: /home/ubuntu/px4_ros2_ws/install/px4_msgs/include/px4_msgs/px4_msgs/msg/detail/fixed_wing_runway_control__rosidl_typesupport_fastrtps_cpp.hpp\n'}
[5.110460] (px4_msgs) StdoutLine: {'line': b'-- Up-to-date symlink: /home/ubuntu/px4_ros2_ws/install/px4_msgs/include/px4_msgs/px4_msgs/msg/detail/flight_phase_estimation__rosidl_typesupport_fastrtps_cpp.hpp\n'}
[5.110516] (px4_msgs) StdoutLine: {'line': b'-- Up-to-date symlink: /home/ubuntu/px4_ros2_ws/install/px4_msgs/include/px4_msgs/px4_msgs/msg/detail/follow_target__rosidl_typesupport_fastrtps_cpp.hpp\n'}
[5.110573] (px4_msgs) StdoutLine: {'line': b'-- Up-to-date symlink: /home/ubuntu/px4_ros2_ws/install/px4_msgs/include/px4_msgs/px4_msgs/msg/detail/follow_target_estimator__rosidl_typesupport_fastrtps_cpp.hpp\n'}
[5.110616] (px4_msgs) StdoutLine: {'line': b'-- Up-to-date symlink: /home/ubuntu/px4_ros2_ws/install/px4_msgs/include/px4_msgs/px4_msgs/msg/detail/follow_target_status__rosidl_typesupport_fastrtps_cpp.hpp\n'}
[5.110657] (px4_msgs) StdoutLine: {'line': b'-- Up-to-date symlink: /home/ubuntu/px4_ros2_ws/install/px4_msgs/include/px4_msgs/px4_msgs/msg/detail/fuel_tank_status__rosidl_typesupport_fastrtps_cpp.hpp\n'}
[5.110698] (px4_msgs) StdoutLine: {'line': b'-- Up-to-date symlink: /home/ubuntu/px4_ros2_ws/install/px4_msgs/include/px4_msgs/px4_msgs/msg/detail/gain_compression__rosidl_typesupport_fastrtps_cpp.hpp\n'}
[5.110754] (px4_msgs) StdoutLine: {'line': b'-- Up-to-date symlink: /home/ubuntu/px4_ros2_ws/install/px4_msgs/include/px4_msgs/px4_msgs/msg/detail/generator_status__rosidl_typesupport_fastrtps_cpp.hpp\n'}
[5.110796] (px4_msgs) StdoutLine: {'line': b'-- Up-to-date symlink: /home/ubuntu/px4_ros2_ws/install/px4_msgs/include/px4_msgs/px4_msgs/msg/detail/geofence_result__rosidl_typesupport_fastrtps_cpp.hpp\n'}
[5.110839] (px4_msgs) StdoutLine: {'line': b'-- Up-to-date symlink: /home/ubuntu/px4_ros2_ws/install/px4_msgs/include/px4_msgs/px4_msgs/msg/detail/geofence_status__rosidl_typesupport_fastrtps_cpp.hpp\n'}
[5.110879] (px4_msgs) StdoutLine: {'line': b'-- Up-to-date symlink: /home/ubuntu/px4_ros2_ws/install/px4_msgs/include/px4_msgs/px4_msgs/msg/detail/gimbal_controls__rosidl_typesupport_fastrtps_cpp.hpp\n'}
[5.110920] (px4_msgs) StdoutLine: {'line': b'-- Up-to-date symlink: /home/ubuntu/px4_ros2_ws/install/px4_msgs/include/px4_msgs/px4_msgs/msg/detail/gimbal_device_attitude_status__rosidl_typesupport_fastrtps_cpp.hpp\n'}
[5.110975] (px4_msgs) StdoutLine: {'line': b'-- Up-to-date symlink: /home/ubuntu/px4_ros2_ws/install/px4_msgs/include/px4_msgs/px4_msgs/msg/detail/gimbal_device_information__rosidl_typesupport_fastrtps_cpp.hpp\n'}
[5.111045] (px4_msgs) StdoutLine: {'line': b'-- Up-to-date symlink: /home/ubuntu/px4_ros2_ws/install/px4_msgs/include/px4_msgs/px4_msgs/msg/detail/gimbal_device_set_attitude__rosidl_typesupport_fastrtps_cpp.hpp\n'}
[5.111092] (px4_msgs) StdoutLine: {'line': b'-- Up-to-date symlink: /home/ubuntu/px4_ros2_ws/install/px4_msgs/include/px4_msgs/px4_msgs/msg/detail/gimbal_manager_information__rosidl_typesupport_fastrtps_cpp.hpp\n'}
[5.111141] (px4_msgs) StdoutLine: {'line': b'-- Up-to-date symlink: /home/ubuntu/px4_ros2_ws/install/px4_msgs/include/px4_msgs/px4_msgs/msg/detail/gimbal_manager_set_attitude__rosidl_typesupport_fastrtps_cpp.hpp\n'}
[5.111182] (px4_msgs) StdoutLine: {'line': b'-- Up-to-date symlink: /home/ubuntu/px4_ros2_ws/install/px4_msgs/include/px4_msgs/px4_msgs/msg/detail/gimbal_manager_set_manual_control__rosidl_typesupport_fastrtps_cpp.hpp\n'}
[5.111223] (px4_msgs) StdoutLine: {'line': b'-- Up-to-date symlink: /home/ubuntu/px4_ros2_ws/install/px4_msgs/include/px4_msgs/px4_msgs/msg/detail/gimbal_manager_status__rosidl_typesupport_fastrtps_cpp.hpp\n'}
[5.111263] (px4_msgs) StdoutLine: {'line': b'-- Up-to-date symlink: /home/ubuntu/px4_ros2_ws/install/px4_msgs/include/px4_msgs/px4_msgs/msg/detail/goto_setpoint__rosidl_typesupport_fastrtps_cpp.hpp\n'}
[5.111317] (px4_msgs) StdoutLine: {'line': b'-- Up-to-date symlink: /home/ubuntu/px4_ros2_ws/install/px4_msgs/include/px4_msgs/px4_msgs/msg/detail/gpio_config__rosidl_typesupport_fastrtps_cpp.hpp\n'}
[5.111371] (px4_msgs) StdoutLine: {'line': b'-- Up-to-date symlink: /home/ubuntu/px4_ros2_ws/install/px4_msgs/include/px4_msgs/px4_msgs/msg/detail/gpio_in__rosidl_typesupport_fastrtps_cpp.hpp\n'}
[5.111445] (px4_msgs) StdoutLine: {'line': b'-- Up-to-date symlink: /home/ubuntu/px4_ros2_ws/install/px4_msgs/include/px4_msgs/px4_msgs/msg/detail/gpio_out__rosidl_typesupport_fastrtps_cpp.hpp\n'}
[5.111501] (px4_msgs) StdoutLine: {'line': b'-- Up-to-date symlink: /home/ubuntu/px4_ros2_ws/install/px4_msgs/include/px4_msgs/px4_msgs/msg/detail/gpio_request__rosidl_typesupport_fastrtps_cpp.hpp\n'}
[5.111545] (px4_msgs) StdoutLine: {'line': b'-- Up-to-date symlink: /home/ubuntu/px4_ros2_ws/install/px4_msgs/include/px4_msgs/px4_msgs/msg/detail/gps_dump__rosidl_typesupport_fastrtps_cpp.hpp\n'}
[5.111588] (px4_msgs) StdoutLine: {'line': b'-- Up-to-date symlink: /home/ubuntu/px4_ros2_ws/install/px4_msgs/include/px4_msgs/px4_msgs/msg/detail/gripper__rosidl_typesupport_fastrtps_cpp.hpp\n'}
[5.111629] (px4_msgs) StdoutLine: {'line': b'-- Up-to-date symlink: /home/ubuntu/px4_ros2_ws/install/px4_msgs/include/px4_msgs/px4_msgs/msg/detail/health_report__rosidl_typesupport_fastrtps_cpp.hpp\n'}
[5.111685] (px4_msgs) StdoutLine: {'line': b'-- Up-to-date symlink: /home/ubuntu/px4_ros2_ws/install/px4_msgs/include/px4_msgs/px4_msgs/msg/detail/heater_status__rosidl_typesupport_fastrtps_cpp.hpp\n'}
[5.111729] (px4_msgs) StdoutLine: {'line': b'-- Up-to-date symlink: /home/ubuntu/px4_ros2_ws/install/px4_msgs/include/px4_msgs/px4_msgs/msg/detail/home_position__rosidl_typesupport_fastrtps_cpp.hpp\n'}
[5.111771] (px4_msgs) StdoutLine: {'line': b'-- Up-to-date symlink: /home/ubuntu/px4_ros2_ws/install/px4_msgs/include/px4_msgs/px4_msgs/msg/detail/hover_thrust_estimate__rosidl_typesupport_fastrtps_cpp.hpp\n'}
[5.111828] (px4_msgs) StdoutLine: {'line': b'-- Up-to-date symlink: /home/ubuntu/px4_ros2_ws/install/px4_msgs/include/px4_msgs/px4_msgs/msg/detail/input_rc__rosidl_typesupport_fastrtps_cpp.hpp\n'}
[5.111872] (px4_msgs) StdoutLine: {'line': b'-- Up-to-date symlink: /home/ubuntu/px4_ros2_ws/install/px4_msgs/include/px4_msgs/px4_msgs/msg/detail/internal_combustion_engine_control__rosidl_typesupport_fastrtps_cpp.hpp\n'}
[5.111913] (px4_msgs) StdoutLine: {'line': b'-- Up-to-date symlink: /home/ubuntu/px4_ros2_ws/install/px4_msgs/include/px4_msgs/px4_msgs/msg/detail/internal_combustion_engine_status__rosidl_typesupport_fastrtps_cpp.hpp\n'}
[5.111952] (px4_msgs) StdoutLine: {'line': b'-- Up-to-date symlink: /home/ubuntu/px4_ros2_ws/install/px4_msgs/include/px4_msgs/px4_msgs/msg/detail/iridiumsbd_status__rosidl_typesupport_fastrtps_cpp.hpp\n'}
[5.111991] (px4_msgs) StdoutLine: {'line': b'-- Up-to-date symlink: /home/ubuntu/px4_ros2_ws/install/px4_msgs/include/px4_msgs/px4_msgs/msg/detail/irlock_report__rosidl_typesupport_fastrtps_cpp.hpp\n'}
[5.112047] (px4_msgs) StdoutLine: {'line': b'-- Up-to-date symlink: /home/ubuntu/px4_ros2_ws/install/px4_msgs/include/px4_msgs/px4_msgs/msg/detail/landing_gear__rosidl_typesupport_fastrtps_cpp.hpp\n'}
[5.112105] (px4_msgs) StdoutLine: {'line': b'-- Up-to-date symlink: /home/ubuntu/px4_ros2_ws/install/px4_msgs/include/px4_msgs/px4_msgs/msg/detail/landing_gear_wheel__rosidl_typesupport_fastrtps_cpp.hpp\n'}
[5.112149] (px4_msgs) StdoutLine: {'line': b'-- Up-to-date symlink: /home/ubuntu/px4_ros2_ws/install/px4_msgs/include/px4_msgs/px4_msgs/msg/detail/landing_target_innovations__rosidl_typesupport_fastrtps_cpp.hpp\n'}
[5.112191] (px4_msgs) StdoutLine: {'line': b'-- Up-to-date symlink: /home/ubuntu/px4_ros2_ws/install/px4_msgs/include/px4_msgs/px4_msgs/msg/detail/landing_target_pose__rosidl_typesupport_fastrtps_cpp.hpp\n'}
[5.112231] (px4_msgs) StdoutLine: {'line': b'-- Up-to-date symlink: /home/ubuntu/px4_ros2_ws/install/px4_msgs/include/px4_msgs/px4_msgs/msg/detail/lateral_control_configuration__rosidl_typesupport_fastrtps_cpp.hpp\n'}
[5.112270] (px4_msgs) StdoutLine: {'line': b'-- Up-to-date symlink: /home/ubuntu/px4_ros2_ws/install/px4_msgs/include/px4_msgs/px4_msgs/msg/detail/launch_detection_status__rosidl_typesupport_fastrtps_cpp.hpp\n'}
[5.112308] (px4_msgs) StdoutLine: {'line': b'-- Up-to-date symlink: /home/ubuntu/px4_ros2_ws/install/px4_msgs/include/px4_msgs/px4_msgs/msg/detail/led_control__rosidl_typesupport_fastrtps_cpp.hpp\n'}
[5.112359] (px4_msgs) StdoutLine: {'line': b'-- Up-to-date symlink: /home/ubuntu/px4_ros2_ws/install/px4_msgs/include/px4_msgs/px4_msgs/msg/detail/log_message__rosidl_typesupport_fastrtps_cpp.hpp\n'}
[5.112426] (px4_msgs) StdoutLine: {'line': b'-- Up-to-date symlink: /home/ubuntu/px4_ros2_ws/install/px4_msgs/include/px4_msgs/px4_msgs/msg/detail/logger_status__rosidl_typesupport_fastrtps_cpp.hpp\n'}
[5.112479] (px4_msgs) StdoutLine: {'line': b'-- Up-to-date symlink: /home/ubuntu/px4_ros2_ws/install/px4_msgs/include/px4_msgs/px4_msgs/msg/detail/longitudinal_control_configuration__rosidl_typesupport_fastrtps_cpp.hpp\n'}
[5.112526] (px4_msgs) StdoutLine: {'line': b'-- Up-to-date symlink: /home/ubuntu/px4_ros2_ws/install/px4_msgs/include/px4_msgs/px4_msgs/msg/detail/mag_worker_data__rosidl_typesupport_fastrtps_cpp.hpp\n'}
[5.112569] (px4_msgs) StdoutLine: {'line': b'-- Up-to-date symlink: /home/ubuntu/px4_ros2_ws/install/px4_msgs/include/px4_msgs/px4_msgs/msg/detail/magnetometer_bias_estimate__rosidl_typesupport_fastrtps_cpp.hpp\n'}
[5.112608] (px4_msgs) StdoutLine: {'line': b'-- Up-to-date symlink: /home/ubuntu/px4_ros2_ws/install/px4_msgs/include/px4_msgs/px4_msgs/msg/detail/manual_control_setpoint__rosidl_typesupport_fastrtps_cpp.hpp\n'}
[5.112647] (px4_msgs) StdoutLine: {'line': b'-- Up-to-date symlink: /home/ubuntu/px4_ros2_ws/install/px4_msgs/include/px4_msgs/px4_msgs/msg/detail/manual_control_switches__rosidl_typesupport_fastrtps_cpp.hpp\n'}
[5.112686] (px4_msgs) StdoutLine: {'line': b'-- Up-to-date symlink: /home/ubuntu/px4_ros2_ws/install/px4_msgs/include/px4_msgs/px4_msgs/msg/detail/mavlink_log__rosidl_typesupport_fastrtps_cpp.hpp\n'}
[5.112739] (px4_msgs) StdoutLine: {'line': b'-- Up-to-date symlink: /home/ubuntu/px4_ros2_ws/install/px4_msgs/include/px4_msgs/px4_msgs/msg/detail/mavlink_tunnel__rosidl_typesupport_fastrtps_cpp.hpp\n'}
[5.112808] (px4_msgs) StdoutLine: {'line': b'-- Up-to-date symlink: /home/ubuntu/px4_ros2_ws/install/px4_msgs/include/px4_msgs/px4_msgs/msg/detail/message_format_request__rosidl_typesupport_fastrtps_cpp.hpp\n'}
[5.112856] (px4_msgs) StdoutLine: {'line': b'-- Up-to-date symlink: /home/ubuntu/px4_ros2_ws/install/px4_msgs/include/px4_msgs/px4_msgs/msg/detail/message_format_response__rosidl_typesupport_fastrtps_cpp.hpp\n'}
[5.112896] (px4_msgs) StdoutLine: {'line': b'-- Up-to-date symlink: /home/ubuntu/px4_ros2_ws/install/px4_msgs/include/px4_msgs/px4_msgs/msg/detail/mission__rosidl_typesupport_fastrtps_cpp.hpp\n'}
[5.112949] (px4_msgs) StdoutLine: {'line': b'-- Up-to-date symlink: /home/ubuntu/px4_ros2_ws/install/px4_msgs/include/px4_msgs/px4_msgs/msg/detail/mission_result__rosidl_typesupport_fastrtps_cpp.hpp\n'}
[5.112991] (px4_msgs) StdoutLine: {'line': b'-- Up-to-date symlink: /home/ubuntu/px4_ros2_ws/install/px4_msgs/include/px4_msgs/px4_msgs/msg/detail/mode_completed__rosidl_typesupport_fastrtps_cpp.hpp\n'}
[5.113037] (px4_msgs) StdoutLine: {'line': b'-- Up-to-date symlink: /home/ubuntu/px4_ros2_ws/install/px4_msgs/include/px4_msgs/px4_msgs/msg/detail/mount_orientation__rosidl_typesupport_fastrtps_cpp.hpp\n'}
[5.113077] (px4_msgs) StdoutLine: {'line': b'-- Up-to-date symlink: /home/ubuntu/px4_ros2_ws/install/px4_msgs/include/px4_msgs/px4_msgs/msg/detail/navigator_mission_item__rosidl_typesupport_fastrtps_cpp.hpp\n'}
[5.113116] (px4_msgs) StdoutLine: {'line': b'-- Up-to-date symlink: /home/ubuntu/px4_ros2_ws/install/px4_msgs/include/px4_msgs/px4_msgs/msg/detail/navigator_status__rosidl_typesupport_fastrtps_cpp.hpp\n'}
[5.113155] (px4_msgs) StdoutLine: {'line': b'-- Up-to-date symlink: /home/ubuntu/px4_ros2_ws/install/px4_msgs/include/px4_msgs/px4_msgs/msg/detail/neural_control__rosidl_typesupport_fastrtps_cpp.hpp\n'}
[5.113195] (px4_msgs) StdoutLine: {'line': b'-- Up-to-date symlink: /home/ubuntu/px4_ros2_ws/install/px4_msgs/include/px4_msgs/px4_msgs/msg/detail/normalized_unsigned_setpoint__rosidl_typesupport_fastrtps_cpp.hpp\n'}
[5.113246] (px4_msgs) StdoutLine: {'line': b'-- Up-to-date symlink: /home/ubuntu/px4_ros2_ws/install/px4_msgs/include/px4_msgs/px4_msgs/msg/detail/obstacle_distance__rosidl_typesupport_fastrtps_cpp.hpp\n'}
[5.113315] (px4_msgs) StdoutLine: {'line': b'-- Up-to-date symlink: /home/ubuntu/px4_ros2_ws/install/px4_msgs/include/px4_msgs/px4_msgs/msg/detail/offboard_control_mode__rosidl_typesupport_fastrtps_cpp.hpp\n'}
[5.113357] (px4_msgs) StdoutLine: {'line': b'-- Up-to-date symlink: /home/ubuntu/px4_ros2_ws/install/px4_msgs/include/px4_msgs/px4_msgs/msg/detail/onboard_computer_status__rosidl_typesupport_fastrtps_cpp.hpp\n'}
[5.113398] (px4_msgs) StdoutLine: {'line': b'-- Up-to-date symlink: /home/ubuntu/px4_ros2_ws/install/px4_msgs/include/px4_msgs/px4_msgs/msg/detail/open_drone_id_arm_status__rosidl_typesupport_fastrtps_cpp.hpp\n'}
[5.113439] (px4_msgs) StdoutLine: {'line': b'-- Up-to-date symlink: /home/ubuntu/px4_ros2_ws/install/px4_msgs/include/px4_msgs/px4_msgs/msg/detail/open_drone_id_basic_id__rosidl_typesupport_fastrtps_cpp.hpp\n'}
[5.113514] (px4_msgs) StdoutLine: {'line': b'-- Up-to-date symlink: /home/ubuntu/px4_ros2_ws/install/px4_msgs/include/px4_msgs/px4_msgs/msg/detail/open_drone_id_operator_id__rosidl_typesupport_fastrtps_cpp.hpp\n'}
[5.113548] (px4_msgs) StdoutLine: {'line': b'-- Up-to-date symlink: /home/ubuntu/px4_ros2_ws/install/px4_msgs/include/px4_msgs/px4_msgs/msg/detail/open_drone_id_self_id__rosidl_typesupport_fastrtps_cpp.hpp\n'}
[5.113615] (px4_msgs) StdoutLine: {'line': b'-- Up-to-date symlink: /home/ubuntu/px4_ros2_ws/install/px4_msgs/include/px4_msgs/px4_msgs/msg/detail/open_drone_id_system__rosidl_typesupport_fastrtps_cpp.hpp\n'}
[5.113650] (px4_msgs) StdoutLine: {'line': b'-- Up-to-date symlink: /home/ubuntu/px4_ros2_ws/install/px4_msgs/include/px4_msgs/px4_msgs/msg/detail/orb_test__rosidl_typesupport_fastrtps_cpp.hpp\n'}
[5.113687] (px4_msgs) StdoutLine: {'line': b'-- Up-to-date symlink: /home/ubuntu/px4_ros2_ws/install/px4_msgs/include/px4_msgs/px4_msgs/msg/detail/orb_test_large__rosidl_typesupport_fastrtps_cpp.hpp\n'}
[5.113722] (px4_msgs) StdoutLine: {'line': b'-- Up-to-date symlink: /home/ubuntu/px4_ros2_ws/install/px4_msgs/include/px4_msgs/px4_msgs/msg/detail/orb_test_medium__rosidl_typesupport_fastrtps_cpp.hpp\n'}
[5.113779] (px4_msgs) StdoutLine: {'line': b'-- Up-to-date symlink: /home/ubuntu/px4_ros2_ws/install/px4_msgs/include/px4_msgs/px4_msgs/msg/detail/orbit_status__rosidl_typesupport_fastrtps_cpp.hpp\n'}
[5.113815] (px4_msgs) StdoutLine: {'line': b'-- Up-to-date symlink: /home/ubuntu/px4_ros2_ws/install/px4_msgs/include/px4_msgs/px4_msgs/msg/detail/parameter_reset_request__rosidl_typesupport_fastrtps_cpp.hpp\n'}
[5.113863] (px4_msgs) StdoutLine: {'line': b'-- Up-to-date symlink: /home/ubuntu/px4_ros2_ws/install/px4_msgs/include/px4_msgs/px4_msgs/msg/detail/parameter_set_used_request__rosidl_typesupport_fastrtps_cpp.hpp\n'}
[5.113915] (px4_msgs) StdoutLine: {'line': b'-- Up-to-date symlink: /home/ubuntu/px4_ros2_ws/install/px4_msgs/include/px4_msgs/px4_msgs/msg/detail/parameter_set_value_request__rosidl_typesupport_fastrtps_cpp.hpp\n'}
[5.113968] (px4_msgs) StdoutLine: {'line': b'-- Up-to-date symlink: /home/ubuntu/px4_ros2_ws/install/px4_msgs/include/px4_msgs/px4_msgs/msg/detail/parameter_set_value_response__rosidl_typesupport_fastrtps_cpp.hpp\n'}
[5.114019] (px4_msgs) StdoutLine: {'line': b'-- Up-to-date symlink: /home/ubuntu/px4_ros2_ws/install/px4_msgs/include/px4_msgs/px4_msgs/msg/detail/parameter_update__rosidl_typesupport_fastrtps_cpp.hpp\n'}
[5.114077] (px4_msgs) StdoutLine: {'line': b'-- Up-to-date symlink: /home/ubuntu/px4_ros2_ws/install/px4_msgs/include/px4_msgs/px4_msgs/msg/detail/ping__rosidl_typesupport_fastrtps_cpp.hpp\n'}
[5.114133] (px4_msgs) StdoutLine: {'line': b'-- Up-to-date symlink: /home/ubuntu/px4_ros2_ws/install/px4_msgs/include/px4_msgs/px4_msgs/msg/detail/position_controller_landing_status__rosidl_typesupport_fastrtps_cpp.hpp\n'}
[5.114185] (px4_msgs) StdoutLine: {'line': b'-- Up-to-date symlink: /home/ubuntu/px4_ros2_ws/install/px4_msgs/include/px4_msgs/px4_msgs/msg/detail/position_controller_status__rosidl_typesupport_fastrtps_cpp.hpp\n'}
[5.114240] (px4_msgs) StdoutLine: {'line': b'-- Up-to-date symlink: /home/ubuntu/px4_ros2_ws/install/px4_msgs/include/px4_msgs/px4_msgs/msg/detail/position_setpoint__rosidl_typesupport_fastrtps_cpp.hpp\n'}
[5.114300] (px4_msgs) StdoutLine: {'line': b'-- Up-to-date symlink: /home/ubuntu/px4_ros2_ws/install/px4_msgs/include/px4_msgs/px4_msgs/msg/detail/position_setpoint_triplet__rosidl_typesupport_fastrtps_cpp.hpp\n'}
[5.114357] (px4_msgs) StdoutLine: {'line': b'-- Up-to-date symlink: /home/ubuntu/px4_ros2_ws/install/px4_msgs/include/px4_msgs/px4_msgs/msg/detail/power_button_state__rosidl_typesupport_fastrtps_cpp.hpp\n'}
[5.114418] (px4_msgs) StdoutLine: {'line': b'-- Up-to-date symlink: /home/ubuntu/px4_ros2_ws/install/px4_msgs/include/px4_msgs/px4_msgs/msg/detail/power_monitor__rosidl_typesupport_fastrtps_cpp.hpp\n'}
[5.114493] (px4_msgs) StdoutLine: {'line': b'-- Up-to-date symlink: /home/ubuntu/px4_ros2_ws/install/px4_msgs/include/px4_msgs/px4_msgs/msg/detail/pps_capture__rosidl_typesupport_fastrtps_cpp.hpp\n'}
[5.114557] (px4_msgs) StdoutLine: {'line': b'-- Up-to-date symlink: /home/ubuntu/px4_ros2_ws/install/px4_msgs/include/px4_msgs/px4_msgs/msg/detail/prec_land_status__rosidl_typesupport_fastrtps_cpp.hpp\n'}
[5.114620] (px4_msgs) StdoutLine: {'line': b'-- Up-to-date symlink: /home/ubuntu/px4_ros2_ws/install/px4_msgs/include/px4_msgs/px4_msgs/msg/detail/pure_pursuit_status__rosidl_typesupport_fastrtps_cpp.hpp\n'}
[5.114684] (px4_msgs) StdoutLine: {'line': b'-- Up-to-date symlink: /home/ubuntu/px4_ros2_ws/install/px4_msgs/include/px4_msgs/px4_msgs/msg/detail/pwm_input__rosidl_typesupport_fastrtps_cpp.hpp\n'}
[5.114737] (px4_msgs) StdoutLine: {'line': b'-- Up-to-date symlink: /home/ubuntu/px4_ros2_ws/install/px4_msgs/include/px4_msgs/px4_msgs/msg/detail/px4io_status__rosidl_typesupport_fastrtps_cpp.hpp\n'}
[5.114800] (px4_msgs) StdoutLine: {'line': b'-- Up-to-date symlink: /home/ubuntu/px4_ros2_ws/install/px4_msgs/include/px4_msgs/px4_msgs/msg/detail/qshell_req__rosidl_typesupport_fastrtps_cpp.hpp\n'}
[5.114894] (px4_msgs) StdoutLine: {'line': b'-- Up-to-date symlink: /home/ubuntu/px4_ros2_ws/install/px4_msgs/include/px4_msgs/px4_msgs/msg/detail/qshell_retval__rosidl_typesupport_fastrtps_cpp.hpp\n'}
[5.114935] (px4_msgs) StdoutLine: {'line': b'-- Up-to-date symlink: /home/ubuntu/px4_ros2_ws/install/px4_msgs/include/px4_msgs/px4_msgs/msg/detail/radio_status__rosidl_typesupport_fastrtps_cpp.hpp\n'}
[5.114989] (px4_msgs) StdoutLine: {'line': b'-- Up-to-date symlink: /home/ubuntu/px4_ros2_ws/install/px4_msgs/include/px4_msgs/px4_msgs/msg/detail/ranging_beacon__rosidl_typesupport_fastrtps_cpp.hpp\n'}
[5.115041] (px4_msgs) StdoutLine: {'line': b'-- Up-to-date symlink: /home/ubuntu/px4_ros2_ws/install/px4_msgs/include/px4_msgs/px4_msgs/msg/detail/raptor_input__rosidl_typesupport_fastrtps_cpp.hpp\n'}
[5.115100] (px4_msgs) StdoutLine: {'line': b'-- Up-to-date symlink: /home/ubuntu/px4_ros2_ws/install/px4_msgs/include/px4_msgs/px4_msgs/msg/detail/raptor_status__rosidl_typesupport_fastrtps_cpp.hpp\n'}
[5.115150] (px4_msgs) StdoutLine: {'line': b'-- Up-to-date symlink: /home/ubuntu/px4_ros2_ws/install/px4_msgs/include/px4_msgs/px4_msgs/msg/detail/rate_ctrl_status__rosidl_typesupport_fastrtps_cpp.hpp\n'}
[5.115205] (px4_msgs) StdoutLine: {'line': b'-- Up-to-date symlink: /home/ubuntu/px4_ros2_ws/install/px4_msgs/include/px4_msgs/px4_msgs/msg/detail/rc_channels__rosidl_typesupport_fastrtps_cpp.hpp\n'}
[5.115258] (px4_msgs) StdoutLine: {'line': b'-- Up-to-date symlink: /home/ubuntu/px4_ros2_ws/install/px4_msgs/include/px4_msgs/px4_msgs/msg/detail/rc_parameter_map__rosidl_typesupport_fastrtps_cpp.hpp\n'}
[5.115312] (px4_msgs) StdoutLine: {'line': b'-- Up-to-date symlink: /home/ubuntu/px4_ros2_ws/install/px4_msgs/include/px4_msgs/px4_msgs/msg/detail/register_ext_component_reply__rosidl_typesupport_fastrtps_cpp.hpp\n'}
[5.115368] (px4_msgs) StdoutLine: {'line': b'-- Up-to-date symlink: /home/ubuntu/px4_ros2_ws/install/px4_msgs/include/px4_msgs/px4_msgs/msg/detail/register_ext_component_request__rosidl_typesupport_fastrtps_cpp.hpp\n'}
[5.115417] (px4_msgs) StdoutLine: {'line': b'-- Up-to-date symlink: /home/ubuntu/px4_ros2_ws/install/px4_msgs/include/px4_msgs/px4_msgs/msg/detail/rover_attitude_setpoint__rosidl_typesupport_fastrtps_cpp.hpp\n'}
[5.115497] (px4_msgs) StdoutLine: {'line': b'-- Up-to-date symlink: /home/ubuntu/px4_ros2_ws/install/px4_msgs/include/px4_msgs/px4_msgs/msg/detail/rover_attitude_status__rosidl_typesupport_fastrtps_cpp.hpp\n'}
[5.115629] (px4_msgs) StdoutLine: {'line': b'-- Up-to-date symlink: /home/ubuntu/px4_ros2_ws/install/px4_msgs/include/px4_msgs/px4_msgs/msg/detail/rover_position_setpoint__rosidl_typesupport_fastrtps_cpp.hpp\n'}
[5.115684] (px4_msgs) StdoutLine: {'line': b'-- Up-to-date symlink: /home/ubuntu/px4_ros2_ws/install/px4_msgs/include/px4_msgs/px4_msgs/msg/detail/rover_rate_setpoint__rosidl_typesupport_fastrtps_cpp.hpp\n'}
[5.115722] (px4_msgs) StdoutLine: {'line': b'-- Up-to-date symlink: /home/ubuntu/px4_ros2_ws/install/px4_msgs/include/px4_msgs/px4_msgs/msg/detail/rover_rate_status__rosidl_typesupport_fastrtps_cpp.hpp\n'}
[5.115781] (px4_msgs) StdoutLine: {'line': b'-- Up-to-date symlink: /home/ubuntu/px4_ros2_ws/install/px4_msgs/include/px4_msgs/px4_msgs/msg/detail/rover_speed_setpoint__rosidl_typesupport_fastrtps_cpp.hpp\n'}
[5.115813] (px4_msgs) StdoutLine: {'line': b'-- Up-to-date symlink: /home/ubuntu/px4_ros2_ws/install/px4_msgs/include/px4_msgs/px4_msgs/msg/detail/rover_speed_status__rosidl_typesupport_fastrtps_cpp.hpp\n'}
[5.115862] (px4_msgs) StdoutLine: {'line': b'-- Up-to-date symlink: /home/ubuntu/px4_ros2_ws/install/px4_msgs/include/px4_msgs/px4_msgs/msg/detail/rover_steering_setpoint__rosidl_typesupport_fastrtps_cpp.hpp\n'}
[5.115908] (px4_msgs) StdoutLine: {'line': b'-- Up-to-date symlink: /home/ubuntu/px4_ros2_ws/install/px4_msgs/include/px4_msgs/px4_msgs/msg/detail/rover_throttle_setpoint__rosidl_typesupport_fastrtps_cpp.hpp\n'}
[5.115958] (px4_msgs) StdoutLine: {'line': b'-- Up-to-date symlink: /home/ubuntu/px4_ros2_ws/install/px4_msgs/include/px4_msgs/px4_msgs/msg/detail/rpm__rosidl_typesupport_fastrtps_cpp.hpp\n'}
[5.116019] (px4_msgs) StdoutLine: {'line': b'-- Up-to-date symlink: /home/ubuntu/px4_ros2_ws/install/px4_msgs/include/px4_msgs/px4_msgs/msg/detail/rtcm_data__rosidl_typesupport_fastrtps_cpp.hpp\n'}
[5.116079] (px4_msgs) StdoutLine: {'line': b'-- Up-to-date symlink: /home/ubuntu/px4_ros2_ws/install/px4_msgs/include/px4_msgs/px4_msgs/msg/detail/rtl_status__rosidl_typesupport_fastrtps_cpp.hpp\n'}
[5.116144] (px4_msgs) StdoutLine: {'line': b'-- Up-to-date symlink: /home/ubuntu/px4_ros2_ws/install/px4_msgs/include/px4_msgs/px4_msgs/msg/detail/rtl_time_estimate__rosidl_typesupport_fastrtps_cpp.hpp\n'}
[5.116216] (px4_msgs) StdoutLine: {'line': b'-- Up-to-date symlink: /home/ubuntu/px4_ros2_ws/install/px4_msgs/include/px4_msgs/px4_msgs/msg/detail/satellite_info__rosidl_typesupport_fastrtps_cpp.hpp\n'}
[5.116261] (px4_msgs) StdoutLine: {'line': b'-- Up-to-date symlink: /home/ubuntu/px4_ros2_ws/install/px4_msgs/include/px4_msgs/px4_msgs/msg/detail/sensor_accel__rosidl_typesupport_fastrtps_cpp.hpp\n'}
[5.116311] (px4_msgs) StdoutLine: {'line': b'-- Up-to-date symlink: /home/ubuntu/px4_ros2_ws/install/px4_msgs/include/px4_msgs/px4_msgs/msg/detail/sensor_accel_fifo__rosidl_typesupport_fastrtps_cpp.hpp\n'}
[5.116367] (px4_msgs) StdoutLine: {'line': b'-- Up-to-date symlink: /home/ubuntu/px4_ros2_ws/install/px4_msgs/include/px4_msgs/px4_msgs/msg/detail/sensor_airflow__rosidl_typesupport_fastrtps_cpp.hpp\n'}
[5.116428] (px4_msgs) StdoutLine: {'line': b'-- Up-to-date symlink: /home/ubuntu/px4_ros2_ws/install/px4_msgs/include/px4_msgs/px4_msgs/msg/detail/sensor_baro__rosidl_typesupport_fastrtps_cpp.hpp\n'}
[5.116494] (px4_msgs) StdoutLine: {'line': b'-- Up-to-date symlink: /home/ubuntu/px4_ros2_ws/install/px4_msgs/include/px4_msgs/px4_msgs/msg/detail/sensor_combined__rosidl_typesupport_fastrtps_cpp.hpp\n'}
[5.116565] (px4_msgs) StdoutLine: {'line': b'-- Up-to-date symlink: /home/ubuntu/px4_ros2_ws/install/px4_msgs/include/px4_msgs/px4_msgs/msg/detail/sensor_correction__rosidl_typesupport_fastrtps_cpp.hpp\n'}
[5.116616] (px4_msgs) StdoutLine: {'line': b'-- Up-to-date symlink: /home/ubuntu/px4_ros2_ws/install/px4_msgs/include/px4_msgs/px4_msgs/msg/detail/sensor_gnss_relative__rosidl_typesupport_fastrtps_cpp.hpp\n'}
[5.116666] (px4_msgs) StdoutLine: {'line': b'-- Up-to-date symlink: /home/ubuntu/px4_ros2_ws/install/px4_msgs/include/px4_msgs/px4_msgs/msg/detail/sensor_gnss_status__rosidl_typesupport_fastrtps_cpp.hpp\n'}
[5.116719] (px4_msgs) StdoutLine: {'line': b'-- Up-to-date symlink: /home/ubuntu/px4_ros2_ws/install/px4_msgs/include/px4_msgs/px4_msgs/msg/detail/sensor_gps__rosidl_typesupport_fastrtps_cpp.hpp\n'}
[5.116774] (px4_msgs) StdoutLine: {'line': b'-- Up-to-date symlink: /home/ubuntu/px4_ros2_ws/install/px4_msgs/include/px4_msgs/px4_msgs/msg/detail/sensor_gyro__rosidl_typesupport_fastrtps_cpp.hpp\n'}
[5.116830] (px4_msgs) StdoutLine: {'line': b'-- Up-to-date symlink: /home/ubuntu/px4_ros2_ws/install/px4_msgs/include/px4_msgs/px4_msgs/msg/detail/sensor_gyro_fft__rosidl_typesupport_fastrtps_cpp.hpp\n'}
[5.116885] (px4_msgs) StdoutLine: {'line': b'-- Up-to-date symlink: /home/ubuntu/px4_ros2_ws/install/px4_msgs/include/px4_msgs/px4_msgs/msg/detail/sensor_gyro_fifo__rosidl_typesupport_fastrtps_cpp.hpp\n'}
[5.116941] (px4_msgs) StdoutLine: {'line': b'-- Up-to-date symlink: /home/ubuntu/px4_ros2_ws/install/px4_msgs/include/px4_msgs/px4_msgs/msg/detail/sensor_hygrometer__rosidl_typesupport_fastrtps_cpp.hpp\n'}
[5.116978] (-) TimerEvent: {}
[5.117127] (px4_msgs) StdoutLine: {'line': b'-- Up-to-date symlink: /home/ubuntu/px4_ros2_ws/install/px4_msgs/include/px4_msgs/px4_msgs/msg/detail/sensor_mag__rosidl_typesupport_fastrtps_cpp.hpp\n'}
[5.117198] (px4_msgs) StdoutLine: {'line': b'-- Up-to-date symlink: /home/ubuntu/px4_ros2_ws/install/px4_msgs/include/px4_msgs/px4_msgs/msg/detail/sensor_optical_flow__rosidl_typesupport_fastrtps_cpp.hpp\n'}
[5.117254] (px4_msgs) StdoutLine: {'line': b'-- Up-to-date symlink: /home/ubuntu/px4_ros2_ws/install/px4_msgs/include/px4_msgs/px4_msgs/msg/detail/sensor_preflight_mag__rosidl_typesupport_fastrtps_cpp.hpp\n'}
[5.117313] (px4_msgs) StdoutLine: {'line': b'-- Up-to-date symlink: /home/ubuntu/px4_ros2_ws/install/px4_msgs/include/px4_msgs/px4_msgs/msg/detail/sensor_selection__rosidl_typesupport_fastrtps_cpp.hpp\n'}
[5.117353] (px4_msgs) StdoutLine: {'line': b'-- Up-to-date symlink: /home/ubuntu/px4_ros2_ws/install/px4_msgs/include/px4_msgs/px4_msgs/msg/detail/sensor_temp__rosidl_typesupport_fastrtps_cpp.hpp\n'}
[5.117390] (px4_msgs) StdoutLine: {'line': b'-- Up-to-date symlink: /home/ubuntu/px4_ros2_ws/install/px4_msgs/include/px4_msgs/px4_msgs/msg/detail/sensor_uwb__rosidl_typesupport_fastrtps_cpp.hpp\n'}
[5.117463] (px4_msgs) StdoutLine: {'line': b'-- Up-to-date symlink: /home/ubuntu/px4_ros2_ws/install/px4_msgs/include/px4_msgs/px4_msgs/msg/detail/sensors_status__rosidl_typesupport_fastrtps_cpp.hpp\n'}
[5.117522] (px4_msgs) StdoutLine: {'line': b'-- Up-to-date symlink: /home/ubuntu/px4_ros2_ws/install/px4_msgs/include/px4_msgs/px4_msgs/msg/detail/sensors_status_imu__rosidl_typesupport_fastrtps_cpp.hpp\n'}
[5.117561] (px4_msgs) StdoutLine: {'line': b'-- Up-to-date symlink: /home/ubuntu/px4_ros2_ws/install/px4_msgs/include/px4_msgs/px4_msgs/msg/detail/setpoint_config__rosidl_typesupport_fastrtps_cpp.hpp\n'}
[5.117637] (px4_msgs) StdoutLine: {'line': b'-- Up-to-date symlink: /home/ubuntu/px4_ros2_ws/install/px4_msgs/include/px4_msgs/px4_msgs/msg/detail/setpoint_config_reply__rosidl_typesupport_fastrtps_cpp.hpp\n'}
[5.117686] (px4_msgs) StdoutLine: {'line': b'-- Up-to-date symlink: /home/ubuntu/px4_ros2_ws/install/px4_msgs/include/px4_msgs/px4_msgs/msg/detail/system_power__rosidl_typesupport_fastrtps_cpp.hpp\n'}
[5.117766] (px4_msgs) StdoutLine: {'line': b'-- Up-to-date symlink: /home/ubuntu/px4_ros2_ws/install/px4_msgs/include/px4_msgs/px4_msgs/msg/detail/takeoff_status__rosidl_typesupport_fastrtps_cpp.hpp\n'}
[5.117806] (px4_msgs) StdoutLine: {'line': b'-- Up-to-date symlink: /home/ubuntu/px4_ros2_ws/install/px4_msgs/include/px4_msgs/px4_msgs/msg/detail/target_gnss__rosidl_typesupport_fastrtps_cpp.hpp\n'}
[5.117862] (px4_msgs) StdoutLine: {'line': b'-- Up-to-date symlink: /home/ubuntu/px4_ros2_ws/install/px4_msgs/include/px4_msgs/px4_msgs/msg/detail/task_stack_info__rosidl_typesupport_fastrtps_cpp.hpp\n'}
[5.117895] (px4_msgs) StdoutLine: {'line': b'-- Up-to-date symlink: /home/ubuntu/px4_ros2_ws/install/px4_msgs/include/px4_msgs/px4_msgs/msg/detail/tecs_status__rosidl_typesupport_fastrtps_cpp.hpp\n'}
[5.117950] (px4_msgs) StdoutLine: {'line': b'-- Up-to-date symlink: /home/ubuntu/px4_ros2_ws/install/px4_msgs/include/px4_msgs/px4_msgs/msg/detail/telemetry_status__rosidl_typesupport_fastrtps_cpp.hpp\n'}
[5.117997] (px4_msgs) StdoutLine: {'line': b'-- Up-to-date symlink: /home/ubuntu/px4_ros2_ws/install/px4_msgs/include/px4_msgs/px4_msgs/msg/detail/tiltrotor_extra_controls__rosidl_typesupport_fastrtps_cpp.hpp\n'}
[5.118046] (px4_msgs) StdoutLine: {'line': b'-- Up-to-date symlink: /home/ubuntu/px4_ros2_ws/install/px4_msgs/include/px4_msgs/px4_msgs/msg/detail/timesync_status__rosidl_typesupport_fastrtps_cpp.hpp\n'}
[5.118093] (px4_msgs) StdoutLine: {'line': b'-- Up-to-date symlink: /home/ubuntu/px4_ros2_ws/install/px4_msgs/include/px4_msgs/px4_msgs/msg/detail/trajectory_setpoint6dof__rosidl_typesupport_fastrtps_cpp.hpp\n'}
[5.118170] (px4_msgs) StdoutLine: {'line': b'-- Up-to-date symlink: /home/ubuntu/px4_ros2_ws/install/px4_msgs/include/px4_msgs/px4_msgs/msg/detail/trajectory_setpoint__rosidl_typesupport_fastrtps_cpp.hpp\n'}
[5.118220] (px4_msgs) StdoutLine: {'line': b'-- Up-to-date symlink: /home/ubuntu/px4_ros2_ws/install/px4_msgs/include/px4_msgs/px4_msgs/msg/detail/transponder_report__rosidl_typesupport_fastrtps_cpp.hpp\n'}
[5.118271] (px4_msgs) StdoutLine: {'line': b'-- Up-to-date symlink: /home/ubuntu/px4_ros2_ws/install/px4_msgs/include/px4_msgs/px4_msgs/msg/detail/tune_control__rosidl_typesupport_fastrtps_cpp.hpp\n'}
[5.118323] (px4_msgs) StdoutLine: {'line': b'-- Up-to-date symlink: /home/ubuntu/px4_ros2_ws/install/px4_msgs/include/px4_msgs/px4_msgs/msg/detail/uavcan_parameter_request__rosidl_typesupport_fastrtps_cpp.hpp\n'}
[5.118375] (px4_msgs) StdoutLine: {'line': b'-- Up-to-date symlink: /home/ubuntu/px4_ros2_ws/install/px4_msgs/include/px4_msgs/px4_msgs/msg/detail/uavcan_parameter_value__rosidl_typesupport_fastrtps_cpp.hpp\n'}
[5.118426] (px4_msgs) StdoutLine: {'line': b'-- Up-to-date symlink: /home/ubuntu/px4_ros2_ws/install/px4_msgs/include/px4_msgs/px4_msgs/msg/detail/ulog_stream__rosidl_typesupport_fastrtps_cpp.hpp\n'}
[5.118482] (px4_msgs) StdoutLine: {'line': b'-- Up-to-date symlink: /home/ubuntu/px4_ros2_ws/install/px4_msgs/include/px4_msgs/px4_msgs/msg/detail/ulog_stream_ack__rosidl_typesupport_fastrtps_cpp.hpp\n'}
[5.118534] (px4_msgs) StdoutLine: {'line': b'-- Up-to-date symlink: /home/ubuntu/px4_ros2_ws/install/px4_msgs/include/px4_msgs/px4_msgs/msg/detail/unregister_ext_component__rosidl_typesupport_fastrtps_cpp.hpp\n'}
[5.118588] (px4_msgs) StdoutLine: {'line': b'-- Up-to-date symlink: /home/ubuntu/px4_ros2_ws/install/px4_msgs/include/px4_msgs/px4_msgs/msg/detail/vehicle_acceleration__rosidl_typesupport_fastrtps_cpp.hpp\n'}
[5.118640] (px4_msgs) StdoutLine: {'line': b'-- Up-to-date symlink: /home/ubuntu/px4_ros2_ws/install/px4_msgs/include/px4_msgs/px4_msgs/msg/detail/vehicle_air_data__rosidl_typesupport_fastrtps_cpp.hpp\n'}
[5.118691] (px4_msgs) StdoutLine: {'line': b'-- Up-to-date symlink: /home/ubuntu/px4_ros2_ws/install/px4_msgs/include/px4_msgs/px4_msgs/msg/detail/vehicle_angular_velocity__rosidl_typesupport_fastrtps_cpp.hpp\n'}
[5.118743] (px4_msgs) StdoutLine: {'line': b'-- Up-to-date symlink: /home/ubuntu/px4_ros2_ws/install/px4_msgs/include/px4_msgs/px4_msgs/msg/detail/vehicle_attitude__rosidl_typesupport_fastrtps_cpp.hpp\n'}
[5.118795] (px4_msgs) StdoutLine: {'line': b'-- Up-to-date symlink: /home/ubuntu/px4_ros2_ws/install/px4_msgs/include/px4_msgs/px4_msgs/msg/detail/vehicle_attitude_setpoint__rosidl_typesupport_fastrtps_cpp.hpp\n'}
[5.118847] (px4_msgs) StdoutLine: {'line': b'-- Up-to-date symlink: /home/ubuntu/px4_ros2_ws/install/px4_msgs/include/px4_msgs/px4_msgs/msg/detail/vehicle_command__rosidl_typesupport_fastrtps_cpp.hpp\n'}
[5.118898] (px4_msgs) StdoutLine: {'line': b'-- Up-to-date symlink: /home/ubuntu/px4_ros2_ws/install/px4_msgs/include/px4_msgs/px4_msgs/msg/detail/vehicle_command_ack__rosidl_typesupport_fastrtps_cpp.hpp\n'}
[5.118950] (px4_msgs) StdoutLine: {'line': b'-- Up-to-date symlink: /home/ubuntu/px4_ros2_ws/install/px4_msgs/include/px4_msgs/px4_msgs/msg/detail/vehicle_constraints__rosidl_typesupport_fastrtps_cpp.hpp\n'}
[5.119001] (px4_msgs) StdoutLine: {'line': b'-- Up-to-date symlink: /home/ubuntu/px4_ros2_ws/install/px4_msgs/include/px4_msgs/px4_msgs/msg/detail/vehicle_control_mode__rosidl_typesupport_fastrtps_cpp.hpp\n'}
[5.119052] (px4_msgs) StdoutLine: {'line': b'-- Up-to-date symlink: /home/ubuntu/px4_ros2_ws/install/px4_msgs/include/px4_msgs/px4_msgs/msg/detail/vehicle_global_position__rosidl_typesupport_fastrtps_cpp.hpp\n'}
[5.119106] (px4_msgs) StdoutLine: {'line': b'-- Up-to-date symlink: /home/ubuntu/px4_ros2_ws/install/px4_msgs/include/px4_msgs/px4_msgs/msg/detail/vehicle_imu__rosidl_typesupport_fastrtps_cpp.hpp\n'}
[5.119157] (px4_msgs) StdoutLine: {'line': b'-- Up-to-date symlink: /home/ubuntu/px4_ros2_ws/install/px4_msgs/include/px4_msgs/px4_msgs/msg/detail/vehicle_imu_status__rosidl_typesupport_fastrtps_cpp.hpp\n'}
[5.119209] (px4_msgs) StdoutLine: {'line': b'-- Up-to-date symlink: /home/ubuntu/px4_ros2_ws/install/px4_msgs/include/px4_msgs/px4_msgs/msg/detail/vehicle_land_detected__rosidl_typesupport_fastrtps_cpp.hpp\n'}
[5.119261] (px4_msgs) StdoutLine: {'line': b'-- Up-to-date symlink: /home/ubuntu/px4_ros2_ws/install/px4_msgs/include/px4_msgs/px4_msgs/msg/detail/vehicle_local_position__rosidl_typesupport_fastrtps_cpp.hpp\n'}
[5.119314] (px4_msgs) StdoutLine: {'line': b'-- Up-to-date symlink: /home/ubuntu/px4_ros2_ws/install/px4_msgs/include/px4_msgs/px4_msgs/msg/detail/vehicle_local_position_setpoint__rosidl_typesupport_fastrtps_cpp.hpp\n'}
[5.119365] (px4_msgs) StdoutLine: {'line': b'-- Up-to-date symlink: /home/ubuntu/px4_ros2_ws/install/px4_msgs/include/px4_msgs/px4_msgs/msg/detail/vehicle_magnetometer__rosidl_typesupport_fastrtps_cpp.hpp\n'}
[5.119417] (px4_msgs) StdoutLine: {'line': b'-- Up-to-date symlink: /home/ubuntu/px4_ros2_ws/install/px4_msgs/include/px4_msgs/px4_msgs/msg/detail/vehicle_odometry__rosidl_typesupport_fastrtps_cpp.hpp\n'}
[5.119472] (px4_msgs) StdoutLine: {'line': b'-- Up-to-date symlink: /home/ubuntu/px4_ros2_ws/install/px4_msgs/include/px4_msgs/px4_msgs/msg/detail/vehicle_optical_flow__rosidl_typesupport_fastrtps_cpp.hpp\n'}
[5.119526] (px4_msgs) StdoutLine: {'line': b'-- Up-to-date symlink: /home/ubuntu/px4_ros2_ws/install/px4_msgs/include/px4_msgs/px4_msgs/msg/detail/vehicle_optical_flow_vel__rosidl_typesupport_fastrtps_cpp.hpp\n'}
[5.119577] (px4_msgs) StdoutLine: {'line': b'-- Up-to-date symlink: /home/ubuntu/px4_ros2_ws/install/px4_msgs/include/px4_msgs/px4_msgs/msg/detail/vehicle_rates_setpoint__rosidl_typesupport_fastrtps_cpp.hpp\n'}
[5.119630] (px4_msgs) StdoutLine: {'line': b'-- Up-to-date symlink: /home/ubuntu/px4_ros2_ws/install/px4_msgs/include/px4_msgs/px4_msgs/msg/detail/vehicle_roi__rosidl_typesupport_fastrtps_cpp.hpp\n'}
[5.119681] (px4_msgs) StdoutLine: {'line': b'-- Up-to-date symlink: /home/ubuntu/px4_ros2_ws/install/px4_msgs/include/px4_msgs/px4_msgs/msg/detail/vehicle_status__rosidl_typesupport_fastrtps_cpp.hpp\n'}
[5.119734] (px4_msgs) StdoutLine: {'line': b'-- Up-to-date symlink: /home/ubuntu/px4_ros2_ws/install/px4_msgs/include/px4_msgs/px4_msgs/msg/detail/vehicle_thrust_setpoint__rosidl_typesupport_fastrtps_cpp.hpp\n'}
[5.119786] (px4_msgs) StdoutLine: {'line': b'-- Up-to-date symlink: /home/ubuntu/px4_ros2_ws/install/px4_msgs/include/px4_msgs/px4_msgs/msg/detail/vehicle_torque_setpoint__rosidl_typesupport_fastrtps_cpp.hpp\n'}
[5.119839] (px4_msgs) StdoutLine: {'line': b'-- Up-to-date symlink: /home/ubuntu/px4_ros2_ws/install/px4_msgs/include/px4_msgs/px4_msgs/msg/detail/velocity_limits__rosidl_typesupport_fastrtps_cpp.hpp\n'}
[5.119892] (px4_msgs) StdoutLine: {'line': b'-- Up-to-date symlink: /home/ubuntu/px4_ros2_ws/install/px4_msgs/include/px4_msgs/px4_msgs/msg/detail/vte_aid_source1d__rosidl_typesupport_fastrtps_cpp.hpp\n'}
[5.119942] (px4_msgs) StdoutLine: {'line': b'-- Up-to-date symlink: /home/ubuntu/px4_ros2_ws/install/px4_msgs/include/px4_msgs/px4_msgs/msg/detail/vte_aid_source3d__rosidl_typesupport_fastrtps_cpp.hpp\n'}
[5.119995] (px4_msgs) StdoutLine: {'line': b'-- Up-to-date symlink: /home/ubuntu/px4_ros2_ws/install/px4_msgs/include/px4_msgs/px4_msgs/msg/detail/vte_bias_init_status__rosidl_typesupport_fastrtps_cpp.hpp\n'}
[5.120048] (px4_msgs) StdoutLine: {'line': b'-- Up-to-date symlink: /home/ubuntu/px4_ros2_ws/install/px4_msgs/include/px4_msgs/px4_msgs/msg/detail/vte_input__rosidl_typesupport_fastrtps_cpp.hpp\n'}
[5.120099] (px4_msgs) StdoutLine: {'line': b'-- Up-to-date symlink: /home/ubuntu/px4_ros2_ws/install/px4_msgs/include/px4_msgs/px4_msgs/msg/detail/vte_orientation__rosidl_typesupport_fastrtps_cpp.hpp\n'}
[5.120153] (px4_msgs) StdoutLine: {'line': b'-- Up-to-date symlink: /home/ubuntu/px4_ros2_ws/install/px4_msgs/include/px4_msgs/px4_msgs/msg/detail/vte_position__rosidl_typesupport_fastrtps_cpp.hpp\n'}
[5.120209] (px4_msgs) StdoutLine: {'line': b'-- Up-to-date symlink: /home/ubuntu/px4_ros2_ws/install/px4_msgs/include/px4_msgs/px4_msgs/msg/detail/vtol_vehicle_status__rosidl_typesupport_fastrtps_cpp.hpp\n'}
[5.120263] (px4_msgs) StdoutLine: {'line': b'-- Up-to-date symlink: /home/ubuntu/px4_ros2_ws/install/px4_msgs/include/px4_msgs/px4_msgs/msg/detail/vtx__rosidl_typesupport_fastrtps_cpp.hpp\n'}
[5.120316] (px4_msgs) StdoutLine: {'line': b'-- Up-to-date symlink: /home/ubuntu/px4_ros2_ws/install/px4_msgs/include/px4_msgs/px4_msgs/msg/detail/wheel_encoders__rosidl_typesupport_fastrtps_cpp.hpp\n'}
[5.120371] (px4_msgs) StdoutLine: {'line': b'-- Up-to-date symlink: /home/ubuntu/px4_ros2_ws/install/px4_msgs/include/px4_msgs/px4_msgs/msg/detail/wind__rosidl_typesupport_fastrtps_cpp.hpp\n'}
[5.120436] (px4_msgs) StdoutLine: {'line': b'-- Up-to-date symlink: /home/ubuntu/px4_ros2_ws/install/px4_msgs/include/px4_msgs/px4_msgs/msg/detail/yaw_estimator_status__rosidl_typesupport_fastrtps_cpp.hpp\n'}
[5.120519] (px4_msgs) StdoutLine: {'line': b'-- Up-to-date symlink: /home/ubuntu/px4_ros2_ws/install/px4_msgs/include/px4_msgs/px4_msgs/msg/rosidl_typesupport_fastrtps_cpp__visibility_control.h\n'}
[5.120590] (px4_msgs) StdoutLine: {'line': b'-- Up-to-date symlink: /home/ubuntu/px4_ros2_ws/install/px4_msgs/include/px4_msgs/px4_msgs/srv/detail/vehicle_command__rosidl_typesupport_fastrtps_cpp.hpp\n'}
[5.123214] (px4_msgs) StdoutLine: {'line': b'-- Up-to-date symlink: /home/ubuntu/px4_ros2_ws/install/px4_msgs/include/px4_msgs/px4_msgs/msg/detail/action_request__rosidl_typesupport_introspection_cpp.hpp\n'}
[5.123398] (px4_msgs) StdoutLine: {'line': b'-- Up-to-date symlink: /home/ubuntu/px4_ros2_ws/install/px4_msgs/include/px4_msgs/px4_msgs/msg/detail/actuator_armed__rosidl_typesupport_introspection_cpp.hpp\n'}
[5.123448] (px4_msgs) StdoutLine: {'line': b'-- Up-to-date symlink: /home/ubuntu/px4_ros2_ws/install/px4_msgs/include/px4_msgs/px4_msgs/msg/detail/actuator_controls_status__rosidl_typesupport_introspection_cpp.hpp\n'}
[5.123493] (px4_msgs) StdoutLine: {'line': b'-- Up-to-date symlink: /home/ubuntu/px4_ros2_ws/install/px4_msgs/include/px4_msgs/px4_msgs/msg/detail/actuator_motors__rosidl_typesupport_introspection_cpp.hpp\n'}
[5.123528] (px4_msgs) StdoutLine: {'line': b'-- Up-to-date symlink: /home/ubuntu/px4_ros2_ws/install/px4_msgs/include/px4_msgs/px4_msgs/msg/detail/actuator_outputs__rosidl_typesupport_introspection_cpp.hpp\n'}
[5.123559] (px4_msgs) StdoutLine: {'line': b'-- Up-to-date symlink: /home/ubuntu/px4_ros2_ws/install/px4_msgs/include/px4_msgs/px4_msgs/msg/detail/actuator_servos__rosidl_typesupport_introspection_cpp.hpp\n'}
[5.123618] (px4_msgs) StdoutLine: {'line': b'-- Up-to-date symlink: /home/ubuntu/px4_ros2_ws/install/px4_msgs/include/px4_msgs/px4_msgs/msg/detail/actuator_servos_trim__rosidl_typesupport_introspection_cpp.hpp\n'}
[5.123671] (px4_msgs) StdoutLine: {'line': b'-- Up-to-date symlink: /home/ubuntu/px4_ros2_ws/install/px4_msgs/include/px4_msgs/px4_msgs/msg/detail/actuator_test__rosidl_typesupport_introspection_cpp.hpp\n'}
[5.123706] (px4_msgs) StdoutLine: {'line': b'-- Up-to-date symlink: /home/ubuntu/px4_ros2_ws/install/px4_msgs/include/px4_msgs/px4_msgs/msg/detail/adc_report__rosidl_typesupport_introspection_cpp.hpp\n'}
[5.123751] (px4_msgs) StdoutLine: {'line': b'-- Up-to-date symlink: /home/ubuntu/px4_ros2_ws/install/px4_msgs/include/px4_msgs/px4_msgs/msg/detail/airspeed__rosidl_typesupport_introspection_cpp.hpp\n'}
[5.123821] (px4_msgs) StdoutLine: {'line': b'-- Up-to-date symlink: /home/ubuntu/px4_ros2_ws/install/px4_msgs/include/px4_msgs/px4_msgs/msg/detail/airspeed_validated__rosidl_typesupport_introspection_cpp.hpp\n'}
[5.123866] (px4_msgs) StdoutLine: {'line': b'-- Up-to-date symlink: /home/ubuntu/px4_ros2_ws/install/px4_msgs/include/px4_msgs/px4_msgs/msg/detail/airspeed_wind__rosidl_typesupport_introspection_cpp.hpp\n'}
[5.123911] (px4_msgs) StdoutLine: {'line': b'-- Up-to-date symlink: /home/ubuntu/px4_ros2_ws/install/px4_msgs/include/px4_msgs/px4_msgs/msg/detail/arming_check_reply__rosidl_typesupport_introspection_cpp.hpp\n'}
[5.123961] (px4_msgs) StdoutLine: {'line': b'-- Up-to-date symlink: /home/ubuntu/px4_ros2_ws/install/px4_msgs/include/px4_msgs/px4_msgs/msg/detail/arming_check_request__rosidl_typesupport_introspection_cpp.hpp\n'}
[5.124015] (px4_msgs) StdoutLine: {'line': b'-- Up-to-date symlink: /home/ubuntu/px4_ros2_ws/install/px4_msgs/include/px4_msgs/px4_msgs/msg/detail/autotune_attitude_control_status__rosidl_typesupport_introspection_cpp.hpp\n'}
[5.124069] (px4_msgs) StdoutLine: {'line': b'-- Up-to-date symlink: /home/ubuntu/px4_ros2_ws/install/px4_msgs/include/px4_msgs/px4_msgs/msg/detail/aux_global_position__rosidl_typesupport_introspection_cpp.hpp\n'}
[5.124126] (px4_msgs) StdoutLine: {'line': b'-- Up-to-date symlink: /home/ubuntu/px4_ros2_ws/install/px4_msgs/include/px4_msgs/px4_msgs/msg/detail/battery_info__rosidl_typesupport_introspection_cpp.hpp\n'}
[5.124176] (px4_msgs) StdoutLine: {'line': b'-- Up-to-date symlink: /home/ubuntu/px4_ros2_ws/install/px4_msgs/include/px4_msgs/px4_msgs/msg/detail/battery_status__rosidl_typesupport_introspection_cpp.hpp\n'}
[5.124230] (px4_msgs) StdoutLine: {'line': b'-- Up-to-date symlink: /home/ubuntu/px4_ros2_ws/install/px4_msgs/include/px4_msgs/px4_msgs/msg/detail/button_event__rosidl_typesupport_introspection_cpp.hpp\n'}
[5.124282] (px4_msgs) StdoutLine: {'line': b'-- Up-to-date symlink: /home/ubuntu/px4_ros2_ws/install/px4_msgs/include/px4_msgs/px4_msgs/msg/detail/camera_capture__rosidl_typesupport_introspection_cpp.hpp\n'}
[5.124342] (px4_msgs) StdoutLine: {'line': b'-- Up-to-date symlink: /home/ubuntu/px4_ros2_ws/install/px4_msgs/include/px4_msgs/px4_msgs/msg/detail/camera_status__rosidl_typesupport_introspection_cpp.hpp\n'}
[5.124399] (px4_msgs) StdoutLine: {'line': b'-- Up-to-date symlink: /home/ubuntu/px4_ros2_ws/install/px4_msgs/include/px4_msgs/px4_msgs/msg/detail/camera_trigger__rosidl_typesupport_introspection_cpp.hpp\n'}
[5.124443] (px4_msgs) StdoutLine: {'line': b'-- Up-to-date symlink: /home/ubuntu/px4_ros2_ws/install/px4_msgs/include/px4_msgs/px4_msgs/msg/detail/can_interface_status__rosidl_typesupport_introspection_cpp.hpp\n'}
[5.124504] (px4_msgs) StdoutLine: {'line': b'-- Up-to-date symlink: /home/ubuntu/px4_ros2_ws/install/px4_msgs/include/px4_msgs/px4_msgs/msg/detail/cellular_status__rosidl_typesupport_introspection_cpp.hpp\n'}
[5.124557] (px4_msgs) StdoutLine: {'line': b'-- Up-to-date symlink: /home/ubuntu/px4_ros2_ws/install/px4_msgs/include/px4_msgs/px4_msgs/msg/detail/collision_constraints__rosidl_typesupport_introspection_cpp.hpp\n'}
[5.124609] (px4_msgs) StdoutLine: {'line': b'-- Up-to-date symlink: /home/ubuntu/px4_ros2_ws/install/px4_msgs/include/px4_msgs/px4_msgs/msg/detail/config_overrides__rosidl_typesupport_introspection_cpp.hpp\n'}
[5.124661] (px4_msgs) StdoutLine: {'line': b'-- Up-to-date symlink: /home/ubuntu/px4_ros2_ws/install/px4_msgs/include/px4_msgs/px4_msgs/msg/detail/control_allocator_status__rosidl_typesupport_introspection_cpp.hpp\n'}
[5.124715] (px4_msgs) StdoutLine: {'line': b'-- Up-to-date symlink: /home/ubuntu/px4_ros2_ws/install/px4_msgs/include/px4_msgs/px4_msgs/msg/detail/cpuload__rosidl_typesupport_introspection_cpp.hpp\n'}
[5.124768] (px4_msgs) StdoutLine: {'line': b'-- Up-to-date symlink: /home/ubuntu/px4_ros2_ws/install/px4_msgs/include/px4_msgs/px4_msgs/msg/detail/dataman_request__rosidl_typesupport_introspection_cpp.hpp\n'}
[5.124819] (px4_msgs) StdoutLine: {'line': b'-- Up-to-date symlink: /home/ubuntu/px4_ros2_ws/install/px4_msgs/include/px4_msgs/px4_msgs/msg/detail/dataman_response__rosidl_typesupport_introspection_cpp.hpp\n'}
[5.124872] (px4_msgs) StdoutLine: {'line': b'-- Up-to-date symlink: /home/ubuntu/px4_ros2_ws/install/px4_msgs/include/px4_msgs/px4_msgs/msg/detail/debug_array__rosidl_typesupport_introspection_cpp.hpp\n'}
[5.124924] (px4_msgs) StdoutLine: {'line': b'-- Up-to-date symlink: /home/ubuntu/px4_ros2_ws/install/px4_msgs/include/px4_msgs/px4_msgs/msg/detail/debug_key_value__rosidl_typesupport_introspection_cpp.hpp\n'}
[5.124977] (px4_msgs) StdoutLine: {'line': b'-- Up-to-date symlink: /home/ubuntu/px4_ros2_ws/install/px4_msgs/include/px4_msgs/px4_msgs/msg/detail/debug_value__rosidl_typesupport_introspection_cpp.hpp\n'}
[5.125033] (px4_msgs) StdoutLine: {'line': b'-- Up-to-date symlink: /home/ubuntu/px4_ros2_ws/install/px4_msgs/include/px4_msgs/px4_msgs/msg/detail/debug_vect__rosidl_typesupport_introspection_cpp.hpp\n'}
[5.125085] (px4_msgs) StdoutLine: {'line': b'-- Up-to-date symlink: /home/ubuntu/px4_ros2_ws/install/px4_msgs/include/px4_msgs/px4_msgs/msg/detail/device_information__rosidl_typesupport_introspection_cpp.hpp\n'}
[5.125137] (px4_msgs) StdoutLine: {'line': b'-- Up-to-date symlink: /home/ubuntu/px4_ros2_ws/install/px4_msgs/include/px4_msgs/px4_msgs/msg/detail/differential_pressure__rosidl_typesupport_introspection_cpp.hpp\n'}
[5.125189] (px4_msgs) StdoutLine: {'line': b'-- Up-to-date symlink: /home/ubuntu/px4_ros2_ws/install/px4_msgs/include/px4_msgs/px4_msgs/msg/detail/distance_sensor__rosidl_typesupport_introspection_cpp.hpp\n'}
[5.125243] (px4_msgs) StdoutLine: {'line': b'-- Up-to-date symlink: /home/ubuntu/px4_ros2_ws/install/px4_msgs/include/px4_msgs/px4_msgs/msg/detail/distance_sensor_mode_change_request__rosidl_typesupport_introspection_cpp.hpp\n'}
[5.125296] (px4_msgs) StdoutLine: {'line': b'-- Up-to-date symlink: /home/ubuntu/px4_ros2_ws/install/px4_msgs/include/px4_msgs/px4_msgs/msg/detail/dronecan_node_status__rosidl_typesupport_introspection_cpp.hpp\n'}
[5.125348] (px4_msgs) StdoutLine: {'line': b'-- Up-to-date symlink: /home/ubuntu/px4_ros2_ws/install/px4_msgs/include/px4_msgs/px4_msgs/msg/detail/ekf2_timestamps__rosidl_typesupport_introspection_cpp.hpp\n'}
[5.125399] (px4_msgs) StdoutLine: {'line': b'-- Up-to-date symlink: /home/ubuntu/px4_ros2_ws/install/px4_msgs/include/px4_msgs/px4_msgs/msg/detail/esc_eeprom_read__rosidl_typesupport_introspection_cpp.hpp\n'}
[5.125455] (px4_msgs) StdoutLine: {'line': b'-- Up-to-date symlink: /home/ubuntu/px4_ros2_ws/install/px4_msgs/include/px4_msgs/px4_msgs/msg/detail/esc_eeprom_write__rosidl_typesupport_introspection_cpp.hpp\n'}
[5.125513] (px4_msgs) StdoutLine: {'line': b'-- Up-to-date symlink: /home/ubuntu/px4_ros2_ws/install/px4_msgs/include/px4_msgs/px4_msgs/msg/detail/esc_report__rosidl_typesupport_introspection_cpp.hpp\n'}
[5.125564] (px4_msgs) StdoutLine: {'line': b'-- Up-to-date symlink: /home/ubuntu/px4_ros2_ws/install/px4_msgs/include/px4_msgs/px4_msgs/msg/detail/esc_status__rosidl_typesupport_introspection_cpp.hpp\n'}
[5.125618] (px4_msgs) StdoutLine: {'line': b'-- Up-to-date symlink: /home/ubuntu/px4_ros2_ws/install/px4_msgs/include/px4_msgs/px4_msgs/msg/detail/estimator_aid_source1d__rosidl_typesupport_introspection_cpp.hpp\n'}
[5.125671] (px4_msgs) StdoutLine: {'line': b'-- Up-to-date symlink: /home/ubuntu/px4_ros2_ws/install/px4_msgs/include/px4_msgs/px4_msgs/msg/detail/estimator_aid_source2d__rosidl_typesupport_introspection_cpp.hpp\n'}
[5.125721] (px4_msgs) StdoutLine: {'line': b'-- Up-to-date symlink: /home/ubuntu/px4_ros2_ws/install/px4_msgs/include/px4_msgs/px4_msgs/msg/detail/estimator_aid_source3d__rosidl_typesupport_introspection_cpp.hpp\n'}
[5.125777] (px4_msgs) StdoutLine: {'line': b'-- Up-to-date symlink: /home/ubuntu/px4_ros2_ws/install/px4_msgs/include/px4_msgs/px4_msgs/msg/detail/estimator_bias3d__rosidl_typesupport_introspection_cpp.hpp\n'}
[5.125839] (px4_msgs) StdoutLine: {'line': b'-- Up-to-date symlink: /home/ubuntu/px4_ros2_ws/install/px4_msgs/include/px4_msgs/px4_msgs/msg/detail/estimator_bias__rosidl_typesupport_introspection_cpp.hpp\n'}
[5.125889] (px4_msgs) StdoutLine: {'line': b'-- Up-to-date symlink: /home/ubuntu/px4_ros2_ws/install/px4_msgs/include/px4_msgs/px4_msgs/msg/detail/estimator_event_flags__rosidl_typesupport_introspection_cpp.hpp\n'}
[5.125944] (px4_msgs) StdoutLine: {'line': b'-- Up-to-date symlink: /home/ubuntu/px4_ros2_ws/install/px4_msgs/include/px4_msgs/px4_msgs/msg/detail/estimator_fusion_control__rosidl_typesupport_introspection_cpp.hpp\n'}
[5.126005] (px4_msgs) StdoutLine: {'line': b'-- Up-to-date symlink: /home/ubuntu/px4_ros2_ws/install/px4_msgs/include/px4_msgs/px4_msgs/msg/detail/estimator_gps_status__rosidl_typesupport_introspection_cpp.hpp\n'}
[5.126059] (px4_msgs) StdoutLine: {'line': b'-- Up-to-date symlink: /home/ubuntu/px4_ros2_ws/install/px4_msgs/include/px4_msgs/px4_msgs/msg/detail/estimator_innovations__rosidl_typesupport_introspection_cpp.hpp\n'}
[5.126113] (px4_msgs) StdoutLine: {'line': b'-- Up-to-date symlink: /home/ubuntu/px4_ros2_ws/install/px4_msgs/include/px4_msgs/px4_msgs/msg/detail/estimator_selector_status__rosidl_typesupport_introspection_cpp.hpp\n'}
[5.126181] (px4_msgs) StdoutLine: {'line': b'-- Up-to-date symlink: /home/ubuntu/px4_ros2_ws/install/px4_msgs/include/px4_msgs/px4_msgs/msg/detail/estimator_sensor_bias__rosidl_typesupport_introspection_cpp.hpp\n'}
[5.126228] (px4_msgs) StdoutLine: {'line': b'-- Up-to-date symlink: /home/ubuntu/px4_ros2_ws/install/px4_msgs/include/px4_msgs/px4_msgs/msg/detail/estimator_states__rosidl_typesupport_introspection_cpp.hpp\n'}
[5.126289] (px4_msgs) StdoutLine: {'line': b'-- Up-to-date symlink: /home/ubuntu/px4_ros2_ws/install/px4_msgs/include/px4_msgs/px4_msgs/msg/detail/estimator_status__rosidl_typesupport_introspection_cpp.hpp\n'}
[5.126341] (px4_msgs) StdoutLine: {'line': b'-- Up-to-date symlink: /home/ubuntu/px4_ros2_ws/install/px4_msgs/include/px4_msgs/px4_msgs/msg/detail/estimator_status_flags__rosidl_typesupport_introspection_cpp.hpp\n'}
[5.126401] (px4_msgs) StdoutLine: {'line': b'-- Up-to-date symlink: /home/ubuntu/px4_ros2_ws/install/px4_msgs/include/px4_msgs/px4_msgs/msg/detail/event__rosidl_typesupport_introspection_cpp.hpp\n'}
[5.126457] (px4_msgs) StdoutLine: {'line': b'-- Up-to-date symlink: /home/ubuntu/px4_ros2_ws/install/px4_msgs/include/px4_msgs/px4_msgs/msg/detail/failsafe_flags__rosidl_typesupport_introspection_cpp.hpp\n'}
[5.126520] (px4_msgs) StdoutLine: {'line': b'-- Up-to-date symlink: /home/ubuntu/px4_ros2_ws/install/px4_msgs/include/px4_msgs/px4_msgs/msg/detail/failure_detector_status__rosidl_typesupport_introspection_cpp.hpp\n'}
[5.126583] (px4_msgs) StdoutLine: {'line': b'-- Up-to-date symlink: /home/ubuntu/px4_ros2_ws/install/px4_msgs/include/px4_msgs/px4_msgs/msg/detail/failure_injection__rosidl_typesupport_introspection_cpp.hpp\n'}
[5.126639] (px4_msgs) StdoutLine: {'line': b'-- Up-to-date symlink: /home/ubuntu/px4_ros2_ws/install/px4_msgs/include/px4_msgs/px4_msgs/msg/detail/fiducial_marker_pos_report__rosidl_typesupport_introspection_cpp.hpp\n'}
[5.126698] (px4_msgs) StdoutLine: {'line': b'-- Up-to-date symlink: /home/ubuntu/px4_ros2_ws/install/px4_msgs/include/px4_msgs/px4_msgs/msg/detail/fiducial_marker_yaw_report__rosidl_typesupport_introspection_cpp.hpp\n'}
[5.126746] (px4_msgs) StdoutLine: {'line': b'-- Up-to-date symlink: /home/ubuntu/px4_ros2_ws/install/px4_msgs/include/px4_msgs/px4_msgs/msg/detail/figure_eight_status__rosidl_typesupport_introspection_cpp.hpp\n'}
[5.126801] (px4_msgs) StdoutLine: {'line': b'-- Up-to-date symlink: /home/ubuntu/px4_ros2_ws/install/px4_msgs/include/px4_msgs/px4_msgs/msg/detail/fixed_wing_lateral_guidance_status__rosidl_typesupport_introspection_cpp.hpp\n'}
[5.126861] (px4_msgs) StdoutLine: {'line': b'-- Up-to-date symlink: /home/ubuntu/px4_ros2_ws/install/px4_msgs/include/px4_msgs/px4_msgs/msg/detail/fixed_wing_lateral_setpoint__rosidl_typesupport_introspection_cpp.hpp\n'}
[5.126909] (px4_msgs) StdoutLine: {'line': b'-- Up-to-date symlink: /home/ubuntu/px4_ros2_ws/install/px4_msgs/include/px4_msgs/px4_msgs/msg/detail/fixed_wing_lateral_status__rosidl_typesupport_introspection_cpp.hpp\n'}
[5.126961] (px4_msgs) StdoutLine: {'line': b'-- Up-to-date symlink: /home/ubuntu/px4_ros2_ws/install/px4_msgs/include/px4_msgs/px4_msgs/msg/detail/fixed_wing_longitudinal_setpoint__rosidl_typesupport_introspection_cpp.hpp\n'}
[5.127015] (px4_msgs) StdoutLine: {'line': b'-- Up-to-date symlink: /home/ubuntu/px4_ros2_ws/install/px4_msgs/include/px4_msgs/px4_msgs/msg/detail/fixed_wing_runway_control__rosidl_typesupport_introspection_cpp.hpp\n'}
[5.127067] (px4_msgs) StdoutLine: {'line': b'-- Up-to-date symlink: /home/ubuntu/px4_ros2_ws/install/px4_msgs/include/px4_msgs/px4_msgs/msg/detail/flight_phase_estimation__rosidl_typesupport_introspection_cpp.hpp\n'}
[5.127155] (px4_msgs) StdoutLine: {'line': b'-- Up-to-date symlink: /home/ubuntu/px4_ros2_ws/install/px4_msgs/include/px4_msgs/px4_msgs/msg/detail/follow_target__rosidl_typesupport_introspection_cpp.hpp\n'}
[5.127202] (px4_msgs) StdoutLine: {'line': b'-- Up-to-date symlink: /home/ubuntu/px4_ros2_ws/install/px4_msgs/include/px4_msgs/px4_msgs/msg/detail/follow_target_estimator__rosidl_typesupport_introspection_cpp.hpp\n'}
[5.127242] (px4_msgs) StdoutLine: {'line': b'-- Up-to-date symlink: /home/ubuntu/px4_ros2_ws/install/px4_msgs/include/px4_msgs/px4_msgs/msg/detail/follow_target_status__rosidl_typesupport_introspection_cpp.hpp\n'}
[5.127295] (px4_msgs) StdoutLine: {'line': b'-- Up-to-date symlink: /home/ubuntu/px4_ros2_ws/install/px4_msgs/include/px4_msgs/px4_msgs/msg/detail/fuel_tank_status__rosidl_typesupport_introspection_cpp.hpp\n'}
[5.127354] (px4_msgs) StdoutLine: {'line': b'-- Up-to-date symlink: /home/ubuntu/px4_ros2_ws/install/px4_msgs/include/px4_msgs/px4_msgs/msg/detail/gain_compression__rosidl_typesupport_introspection_cpp.hpp\n'}
[5.127400] (px4_msgs) StdoutLine: {'line': b'-- Up-to-date symlink: /home/ubuntu/px4_ros2_ws/install/px4_msgs/include/px4_msgs/px4_msgs/msg/detail/generator_status__rosidl_typesupport_introspection_cpp.hpp\n'}
[5.127457] (px4_msgs) StdoutLine: {'line': b'-- Up-to-date symlink: /home/ubuntu/px4_ros2_ws/install/px4_msgs/include/px4_msgs/px4_msgs/msg/detail/geofence_result__rosidl_typesupport_introspection_cpp.hpp\n'}
[5.127514] (px4_msgs) StdoutLine: {'line': b'-- Up-to-date symlink: /home/ubuntu/px4_ros2_ws/install/px4_msgs/include/px4_msgs/px4_msgs/msg/detail/geofence_status__rosidl_typesupport_introspection_cpp.hpp\n'}
[5.127571] (px4_msgs) StdoutLine: {'line': b'-- Up-to-date symlink: /home/ubuntu/px4_ros2_ws/install/px4_msgs/include/px4_msgs/px4_msgs/msg/detail/gimbal_controls__rosidl_typesupport_introspection_cpp.hpp\n'}
[5.127635] (px4_msgs) StdoutLine: {'line': b'-- Up-to-date symlink: /home/ubuntu/px4_ros2_ws/install/px4_msgs/include/px4_msgs/px4_msgs/msg/detail/gimbal_device_attitude_status__rosidl_typesupport_introspection_cpp.hpp\n'}
[5.127688] (px4_msgs) StdoutLine: {'line': b'-- Up-to-date symlink: /home/ubuntu/px4_ros2_ws/install/px4_msgs/include/px4_msgs/px4_msgs/msg/detail/gimbal_device_information__rosidl_typesupport_introspection_cpp.hpp\n'}
[5.127738] (px4_msgs) StdoutLine: {'line': b'-- Up-to-date symlink: /home/ubuntu/px4_ros2_ws/install/px4_msgs/include/px4_msgs/px4_msgs/msg/detail/gimbal_device_set_attitude__rosidl_typesupport_introspection_cpp.hpp\n'}
[5.127794] (px4_msgs) StdoutLine: {'line': b'-- Up-to-date symlink: /home/ubuntu/px4_ros2_ws/install/px4_msgs/include/px4_msgs/px4_msgs/msg/detail/gimbal_manager_information__rosidl_typesupport_introspection_cpp.hpp\n'}
[5.127859] (px4_msgs) StdoutLine: {'line': b'-- Up-to-date symlink: /home/ubuntu/px4_ros2_ws/install/px4_msgs/include/px4_msgs/px4_msgs/msg/detail/gimbal_manager_set_attitude__rosidl_typesupport_introspection_cpp.hpp\n'}
[5.127922] (px4_msgs) StdoutLine: {'line': b'-- Up-to-date symlink: /home/ubuntu/px4_ros2_ws/install/px4_msgs/include/px4_msgs/px4_msgs/msg/detail/gimbal_manager_set_manual_control__rosidl_typesupport_introspection_cpp.hpp\n'}
[5.127978] (px4_msgs) StdoutLine: {'line': b'-- Up-to-date symlink: /home/ubuntu/px4_ros2_ws/install/px4_msgs/include/px4_msgs/px4_msgs/msg/detail/gimbal_manager_status__rosidl_typesupport_introspection_cpp.hpp\n'}
[5.128034] (px4_msgs) StdoutLine: {'line': b'-- Up-to-date symlink: /home/ubuntu/px4_ros2_ws/install/px4_msgs/include/px4_msgs/px4_msgs/msg/detail/goto_setpoint__rosidl_typesupport_introspection_cpp.hpp\n'}
[5.128086] (px4_msgs) StdoutLine: {'line': b'-- Up-to-date symlink: /home/ubuntu/px4_ros2_ws/install/px4_msgs/include/px4_msgs/px4_msgs/msg/detail/gpio_config__rosidl_typesupport_introspection_cpp.hpp\n'}
[5.128140] (px4_msgs) StdoutLine: {'line': b'-- Up-to-date symlink: /home/ubuntu/px4_ros2_ws/install/px4_msgs/include/px4_msgs/px4_msgs/msg/detail/gpio_in__rosidl_typesupport_introspection_cpp.hpp\n'}
[5.128201] (px4_msgs) StdoutLine: {'line': b'-- Up-to-date symlink: /home/ubuntu/px4_ros2_ws/install/px4_msgs/include/px4_msgs/px4_msgs/msg/detail/gpio_out__rosidl_typesupport_introspection_cpp.hpp\n'}
[5.128263] (px4_msgs) StdoutLine: {'line': b'-- Up-to-date symlink: /home/ubuntu/px4_ros2_ws/install/px4_msgs/include/px4_msgs/px4_msgs/msg/detail/gpio_request__rosidl_typesupport_introspection_cpp.hpp\n'}
[5.128321] (px4_msgs) StdoutLine: {'line': b'-- Up-to-date symlink: /home/ubuntu/px4_ros2_ws/install/px4_msgs/include/px4_msgs/px4_msgs/msg/detail/gps_dump__rosidl_typesupport_introspection_cpp.hpp\n'}
[5.128380] (px4_msgs) StdoutLine: {'line': b'-- Up-to-date symlink: /home/ubuntu/px4_ros2_ws/install/px4_msgs/include/px4_msgs/px4_msgs/msg/detail/gripper__rosidl_typesupport_introspection_cpp.hpp\n'}
[5.128437] (px4_msgs) StdoutLine: {'line': b'-- Up-to-date symlink: /home/ubuntu/px4_ros2_ws/install/px4_msgs/include/px4_msgs/px4_msgs/msg/detail/health_report__rosidl_typesupport_introspection_cpp.hpp\n'}
[5.128508] (px4_msgs) StdoutLine: {'line': b'-- Up-to-date symlink: /home/ubuntu/px4_ros2_ws/install/px4_msgs/include/px4_msgs/px4_msgs/msg/detail/heater_status__rosidl_typesupport_introspection_cpp.hpp\n'}
[5.128565] (px4_msgs) StdoutLine: {'line': b'-- Up-to-date symlink: /home/ubuntu/px4_ros2_ws/install/px4_msgs/include/px4_msgs/px4_msgs/msg/detail/home_position__rosidl_typesupport_introspection_cpp.hpp\n'}
[5.128623] (px4_msgs) StdoutLine: {'line': b'-- Up-to-date symlink: /home/ubuntu/px4_ros2_ws/install/px4_msgs/include/px4_msgs/px4_msgs/msg/detail/hover_thrust_estimate__rosidl_typesupport_introspection_cpp.hpp\n'}
[5.128678] (px4_msgs) StdoutLine: {'line': b'-- Up-to-date symlink: /home/ubuntu/px4_ros2_ws/install/px4_msgs/include/px4_msgs/px4_msgs/msg/detail/input_rc__rosidl_typesupport_introspection_cpp.hpp\n'}
[5.128760] (px4_msgs) StdoutLine: {'line': b'-- Up-to-date symlink: /home/ubuntu/px4_ros2_ws/install/px4_msgs/include/px4_msgs/px4_msgs/msg/detail/internal_combustion_engine_control__rosidl_typesupport_introspection_cpp.hpp\n'}
[5.128811] (px4_msgs) StdoutLine: {'line': b'-- Up-to-date symlink: /home/ubuntu/px4_ros2_ws/install/px4_msgs/include/px4_msgs/px4_msgs/msg/detail/internal_combustion_engine_status__rosidl_typesupport_introspection_cpp.hpp\n'}
[5.128869] (px4_msgs) StdoutLine: {'line': b'-- Up-to-date symlink: /home/ubuntu/px4_ros2_ws/install/px4_msgs/include/px4_msgs/px4_msgs/msg/detail/iridiumsbd_status__rosidl_typesupport_introspection_cpp.hpp\n'}
[5.128939] (px4_msgs) StdoutLine: {'line': b'-- Up-to-date symlink: /home/ubuntu/px4_ros2_ws/install/px4_msgs/include/px4_msgs/px4_msgs/msg/detail/irlock_report__rosidl_typesupport_introspection_cpp.hpp\n'}
[5.128985] (px4_msgs) StdoutLine: {'line': b'-- Up-to-date symlink: /home/ubuntu/px4_ros2_ws/install/px4_msgs/include/px4_msgs/px4_msgs/msg/detail/landing_gear__rosidl_typesupport_introspection_cpp.hpp\n'}
[5.129034] (px4_msgs) StdoutLine: {'line': b'-- Up-to-date symlink: /home/ubuntu/px4_ros2_ws/install/px4_msgs/include/px4_msgs/px4_msgs/msg/detail/landing_gear_wheel__rosidl_typesupport_introspection_cpp.hpp\n'}
[5.129087] (px4_msgs) StdoutLine: {'line': b'-- Up-to-date symlink: /home/ubuntu/px4_ros2_ws/install/px4_msgs/include/px4_msgs/px4_msgs/msg/detail/landing_target_innovations__rosidl_typesupport_introspection_cpp.hpp\n'}
[5.129139] (px4_msgs) StdoutLine: {'line': b'-- Up-to-date symlink: /home/ubuntu/px4_ros2_ws/install/px4_msgs/include/px4_msgs/px4_msgs/msg/detail/landing_target_pose__rosidl_typesupport_introspection_cpp.hpp\n'}
[5.129191] (px4_msgs) StdoutLine: {'line': b'-- Up-to-date symlink: /home/ubuntu/px4_ros2_ws/install/px4_msgs/include/px4_msgs/px4_msgs/msg/detail/lateral_control_configuration__rosidl_typesupport_introspection_cpp.hpp\n'}
[5.129245] (px4_msgs) StdoutLine: {'line': b'-- Up-to-date symlink: /home/ubuntu/px4_ros2_ws/install/px4_msgs/include/px4_msgs/px4_msgs/msg/detail/launch_detection_status__rosidl_typesupport_introspection_cpp.hpp\n'}
[5.129298] (px4_msgs) StdoutLine: {'line': b'-- Up-to-date symlink: /home/ubuntu/px4_ros2_ws/install/px4_msgs/include/px4_msgs/px4_msgs/msg/detail/led_control__rosidl_typesupport_introspection_cpp.hpp\n'}
[5.129355] (px4_msgs) StdoutLine: {'line': b'-- Up-to-date symlink: /home/ubuntu/px4_ros2_ws/install/px4_msgs/include/px4_msgs/px4_msgs/msg/detail/log_message__rosidl_typesupport_introspection_cpp.hpp\n'}
[5.129404] (px4_msgs) StdoutLine: {'line': b'-- Up-to-date symlink: /home/ubuntu/px4_ros2_ws/install/px4_msgs/include/px4_msgs/px4_msgs/msg/detail/logger_status__rosidl_typesupport_introspection_cpp.hpp\n'}
[5.129464] (px4_msgs) StdoutLine: {'line': b'-- Up-to-date symlink: /home/ubuntu/px4_ros2_ws/install/px4_msgs/include/px4_msgs/px4_msgs/msg/detail/longitudinal_control_configuration__rosidl_typesupport_introspection_cpp.hpp\n'}
[5.129543] (px4_msgs) StdoutLine: {'line': b'-- Up-to-date symlink: /home/ubuntu/px4_ros2_ws/install/px4_msgs/include/px4_msgs/px4_msgs/msg/detail/mag_worker_data__rosidl_typesupport_introspection_cpp.hpp\n'}
[5.129718] (px4_msgs) StdoutLine: {'line': b'-- Up-to-date symlink: /home/ubuntu/px4_ros2_ws/install/px4_msgs/include/px4_msgs/px4_msgs/msg/detail/magnetometer_bias_estimate__rosidl_typesupport_introspection_cpp.hpp\n'}
[5.129758] (px4_msgs) StdoutLine: {'line': b'-- Up-to-date symlink: /home/ubuntu/px4_ros2_ws/install/px4_msgs/include/px4_msgs/px4_msgs/msg/detail/manual_control_setpoint__rosidl_typesupport_introspection_cpp.hpp\n'}
[5.129811] (px4_msgs) StdoutLine: {'line': b'-- Up-to-date symlink: /home/ubuntu/px4_ros2_ws/install/px4_msgs/include/px4_msgs/px4_msgs/msg/detail/manual_control_switches__rosidl_typesupport_introspection_cpp.hpp\n'}
[5.129842] (px4_msgs) StdoutLine: {'line': b'-- Up-to-date symlink: /home/ubuntu/px4_ros2_ws/install/px4_msgs/include/px4_msgs/px4_msgs/msg/detail/mavlink_log__rosidl_typesupport_introspection_cpp.hpp\n'}
[5.129891] (px4_msgs) StdoutLine: {'line': b'-- Up-to-date symlink: /home/ubuntu/px4_ros2_ws/install/px4_msgs/include/px4_msgs/px4_msgs/msg/detail/mavlink_tunnel__rosidl_typesupport_introspection_cpp.hpp\n'}
[5.129918] (px4_msgs) StdoutLine: {'line': b'-- Up-to-date symlink: /home/ubuntu/px4_ros2_ws/install/px4_msgs/include/px4_msgs/px4_msgs/msg/detail/message_format_request__rosidl_typesupport_introspection_cpp.hpp\n'}
[5.129965] (px4_msgs) StdoutLine: {'line': b'-- Up-to-date symlink: /home/ubuntu/px4_ros2_ws/install/px4_msgs/include/px4_msgs/px4_msgs/msg/detail/message_format_response__rosidl_typesupport_introspection_cpp.hpp\n'}
[5.130008] (px4_msgs) StdoutLine: {'line': b'-- Up-to-date symlink: /home/ubuntu/px4_ros2_ws/install/px4_msgs/include/px4_msgs/px4_msgs/msg/detail/mission__rosidl_typesupport_introspection_cpp.hpp\n'}
[5.130065] (px4_msgs) StdoutLine: {'line': b'-- Up-to-date symlink: /home/ubuntu/px4_ros2_ws/install/px4_msgs/include/px4_msgs/px4_msgs/msg/detail/mission_result__rosidl_typesupport_introspection_cpp.hpp\n'}
[5.130121] (px4_msgs) StdoutLine: {'line': b'-- Up-to-date symlink: /home/ubuntu/px4_ros2_ws/install/px4_msgs/include/px4_msgs/px4_msgs/msg/detail/mode_completed__rosidl_typesupport_introspection_cpp.hpp\n'}
[5.130177] (px4_msgs) StdoutLine: {'line': b'-- Up-to-date symlink: /home/ubuntu/px4_ros2_ws/install/px4_msgs/include/px4_msgs/px4_msgs/msg/detail/mount_orientation__rosidl_typesupport_introspection_cpp.hpp\n'}
[5.130291] (px4_msgs) StdoutLine: {'line': b'-- Up-to-date symlink: /home/ubuntu/px4_ros2_ws/install/px4_msgs/include/px4_msgs/px4_msgs/msg/detail/navigator_mission_item__rosidl_typesupport_introspection_cpp.hpp\n'}
[5.130333] (px4_msgs) StdoutLine: {'line': b'-- Up-to-date symlink: /home/ubuntu/px4_ros2_ws/install/px4_msgs/include/px4_msgs/px4_msgs/msg/detail/navigator_status__rosidl_typesupport_introspection_cpp.hpp\n'}
[5.130398] (px4_msgs) StdoutLine: {'line': b'-- Up-to-date symlink: /home/ubuntu/px4_ros2_ws/install/px4_msgs/include/px4_msgs/px4_msgs/msg/detail/neural_control__rosidl_typesupport_introspection_cpp.hpp\n'}
[5.130444] (px4_msgs) StdoutLine: {'line': b'-- Up-to-date symlink: /home/ubuntu/px4_ros2_ws/install/px4_msgs/include/px4_msgs/px4_msgs/msg/detail/normalized_unsigned_setpoint__rosidl_typesupport_introspection_cpp.hpp\n'}
[5.130497] (px4_msgs) StdoutLine: {'line': b'-- Up-to-date symlink: /home/ubuntu/px4_ros2_ws/install/px4_msgs/include/px4_msgs/px4_msgs/msg/detail/obstacle_distance__rosidl_typesupport_introspection_cpp.hpp\n'}
[5.130543] (px4_msgs) StdoutLine: {'line': b'-- Up-to-date symlink: /home/ubuntu/px4_ros2_ws/install/px4_msgs/include/px4_msgs/px4_msgs/msg/detail/offboard_control_mode__rosidl_typesupport_introspection_cpp.hpp\n'}
[5.130598] (px4_msgs) StdoutLine: {'line': b'-- Up-to-date symlink: /home/ubuntu/px4_ros2_ws/install/px4_msgs/include/px4_msgs/px4_msgs/msg/detail/onboard_computer_status__rosidl_typesupport_introspection_cpp.hpp\n'}
[5.130655] (px4_msgs) StdoutLine: {'line': b'-- Up-to-date symlink: /home/ubuntu/px4_ros2_ws/install/px4_msgs/include/px4_msgs/px4_msgs/msg/detail/open_drone_id_arm_status__rosidl_typesupport_introspection_cpp.hpp\n'}
[5.130708] (px4_msgs) StdoutLine: {'line': b'-- Up-to-date symlink: /home/ubuntu/px4_ros2_ws/install/px4_msgs/include/px4_msgs/px4_msgs/msg/detail/open_drone_id_basic_id__rosidl_typesupport_introspection_cpp.hpp\n'}
[5.130766] (px4_msgs) StdoutLine: {'line': b'-- Up-to-date symlink: /home/ubuntu/px4_ros2_ws/install/px4_msgs/include/px4_msgs/px4_msgs/msg/detail/open_drone_id_operator_id__rosidl_typesupport_introspection_cpp.hpp\n'}
[5.130820] (px4_msgs) StdoutLine: {'line': b'-- Up-to-date symlink: /home/ubuntu/px4_ros2_ws/install/px4_msgs/include/px4_msgs/px4_msgs/msg/detail/open_drone_id_self_id__rosidl_typesupport_introspection_cpp.hpp\n'}
[5.130877] (px4_msgs) StdoutLine: {'line': b'-- Up-to-date symlink: /home/ubuntu/px4_ros2_ws/install/px4_msgs/include/px4_msgs/px4_msgs/msg/detail/open_drone_id_system__rosidl_typesupport_introspection_cpp.hpp\n'}
[5.130936] (px4_msgs) StdoutLine: {'line': b'-- Up-to-date symlink: /home/ubuntu/px4_ros2_ws/install/px4_msgs/include/px4_msgs/px4_msgs/msg/detail/orb_test__rosidl_typesupport_introspection_cpp.hpp\n'}
[5.130991] (px4_msgs) StdoutLine: {'line': b'-- Up-to-date symlink: /home/ubuntu/px4_ros2_ws/install/px4_msgs/include/px4_msgs/px4_msgs/msg/detail/orb_test_large__rosidl_typesupport_introspection_cpp.hpp\n'}
[5.131048] (px4_msgs) StdoutLine: {'line': b'-- Up-to-date symlink: /home/ubuntu/px4_ros2_ws/install/px4_msgs/include/px4_msgs/px4_msgs/msg/detail/orb_test_medium__rosidl_typesupport_introspection_cpp.hpp\n'}
[5.131106] (px4_msgs) StdoutLine: {'line': b'-- Up-to-date symlink: /home/ubuntu/px4_ros2_ws/install/px4_msgs/include/px4_msgs/px4_msgs/msg/detail/orbit_status__rosidl_typesupport_introspection_cpp.hpp\n'}
[5.131164] (px4_msgs) StdoutLine: {'line': b'-- Up-to-date symlink: /home/ubuntu/px4_ros2_ws/install/px4_msgs/include/px4_msgs/px4_msgs/msg/detail/parameter_reset_request__rosidl_typesupport_introspection_cpp.hpp\n'}
[5.131222] (px4_msgs) StdoutLine: {'line': b'-- Up-to-date symlink: /home/ubuntu/px4_ros2_ws/install/px4_msgs/include/px4_msgs/px4_msgs/msg/detail/parameter_set_used_request__rosidl_typesupport_introspection_cpp.hpp\n'}
[5.131275] (px4_msgs) StdoutLine: {'line': b'-- Up-to-date symlink: /home/ubuntu/px4_ros2_ws/install/px4_msgs/include/px4_msgs/px4_msgs/msg/detail/parameter_set_value_request__rosidl_typesupport_introspection_cpp.hpp\n'}
[5.131326] (px4_msgs) StdoutLine: {'line': b'-- Up-to-date symlink: /home/ubuntu/px4_ros2_ws/install/px4_msgs/include/px4_msgs/px4_msgs/msg/detail/parameter_set_value_response__rosidl_typesupport_introspection_cpp.hpp\n'}
[5.131383] (px4_msgs) StdoutLine: {'line': b'-- Up-to-date symlink: /home/ubuntu/px4_ros2_ws/install/px4_msgs/include/px4_msgs/px4_msgs/msg/detail/parameter_update__rosidl_typesupport_introspection_cpp.hpp\n'}
[5.131441] (px4_msgs) StdoutLine: {'line': b'-- Up-to-date symlink: /home/ubuntu/px4_ros2_ws/install/px4_msgs/include/px4_msgs/px4_msgs/msg/detail/ping__rosidl_typesupport_introspection_cpp.hpp\n'}
[5.131516] (px4_msgs) StdoutLine: {'line': b'-- Up-to-date symlink: /home/ubuntu/px4_ros2_ws/install/px4_msgs/include/px4_msgs/px4_msgs/msg/detail/position_controller_landing_status__rosidl_typesupport_introspection_cpp.hpp\n'}
[5.131567] (px4_msgs) StdoutLine: {'line': b'-- Up-to-date symlink: /home/ubuntu/px4_ros2_ws/install/px4_msgs/include/px4_msgs/px4_msgs/msg/detail/position_controller_status__rosidl_typesupport_introspection_cpp.hpp\n'}
[5.131623] (px4_msgs) StdoutLine: {'line': b'-- Up-to-date symlink: /home/ubuntu/px4_ros2_ws/install/px4_msgs/include/px4_msgs/px4_msgs/msg/detail/position_setpoint__rosidl_typesupport_introspection_cpp.hpp\n'}
[5.131677] (px4_msgs) StdoutLine: {'line': b'-- Up-to-date symlink: /home/ubuntu/px4_ros2_ws/install/px4_msgs/include/px4_msgs/px4_msgs/msg/detail/position_setpoint_triplet__rosidl_typesupport_introspection_cpp.hpp\n'}
[5.131731] (px4_msgs) StdoutLine: {'line': b'-- Up-to-date symlink: /home/ubuntu/px4_ros2_ws/install/px4_msgs/include/px4_msgs/px4_msgs/msg/detail/power_button_state__rosidl_typesupport_introspection_cpp.hpp\n'}
[5.131781] (px4_msgs) StdoutLine: {'line': b'-- Up-to-date symlink: /home/ubuntu/px4_ros2_ws/install/px4_msgs/include/px4_msgs/px4_msgs/msg/detail/power_monitor__rosidl_typesupport_introspection_cpp.hpp\n'}
[5.131834] (px4_msgs) StdoutLine: {'line': b'-- Up-to-date symlink: /home/ubuntu/px4_ros2_ws/install/px4_msgs/include/px4_msgs/px4_msgs/msg/detail/pps_capture__rosidl_typesupport_introspection_cpp.hpp\n'}
[5.131886] (px4_msgs) StdoutLine: {'line': b'-- Up-to-date symlink: /home/ubuntu/px4_ros2_ws/install/px4_msgs/include/px4_msgs/px4_msgs/msg/detail/prec_land_status__rosidl_typesupport_introspection_cpp.hpp\n'}
[5.131962] (px4_msgs) StdoutLine: {'line': b'-- Up-to-date symlink: /home/ubuntu/px4_ros2_ws/install/px4_msgs/include/px4_msgs/px4_msgs/msg/detail/pure_pursuit_status__rosidl_typesupport_introspection_cpp.hpp\n'}
[5.132002] (px4_msgs) StdoutLine: {'line': b'-- Up-to-date symlink: /home/ubuntu/px4_ros2_ws/install/px4_msgs/include/px4_msgs/px4_msgs/msg/detail/pwm_input__rosidl_typesupport_introspection_cpp.hpp\n'}
[5.132054] (px4_msgs) StdoutLine: {'line': b'-- Up-to-date symlink: /home/ubuntu/px4_ros2_ws/install/px4_msgs/include/px4_msgs/px4_msgs/msg/detail/px4io_status__rosidl_typesupport_introspection_cpp.hpp\n'}
[5.132106] (px4_msgs) StdoutLine: {'line': b'-- Up-to-date symlink: /home/ubuntu/px4_ros2_ws/install/px4_msgs/include/px4_msgs/px4_msgs/msg/detail/qshell_req__rosidl_typesupport_introspection_cpp.hpp\n'}
[5.132158] (px4_msgs) StdoutLine: {'line': b'-- Up-to-date symlink: /home/ubuntu/px4_ros2_ws/install/px4_msgs/include/px4_msgs/px4_msgs/msg/detail/qshell_retval__rosidl_typesupport_introspection_cpp.hpp\n'}
[5.132209] (px4_msgs) StdoutLine: {'line': b'-- Up-to-date symlink: /home/ubuntu/px4_ros2_ws/install/px4_msgs/include/px4_msgs/px4_msgs/msg/detail/radio_status__rosidl_typesupport_introspection_cpp.hpp\n'}
[5.132261] (px4_msgs) StdoutLine: {'line': b'-- Up-to-date symlink: /home/ubuntu/px4_ros2_ws/install/px4_msgs/include/px4_msgs/px4_msgs/msg/detail/ranging_beacon__rosidl_typesupport_introspection_cpp.hpp\n'}
[5.132312] (px4_msgs) StdoutLine: {'line': b'-- Up-to-date symlink: /home/ubuntu/px4_ros2_ws/install/px4_msgs/include/px4_msgs/px4_msgs/msg/detail/raptor_input__rosidl_typesupport_introspection_cpp.hpp\n'}
[5.132363] (px4_msgs) StdoutLine: {'line': b'-- Up-to-date symlink: /home/ubuntu/px4_ros2_ws/install/px4_msgs/include/px4_msgs/px4_msgs/msg/detail/raptor_status__rosidl_typesupport_introspection_cpp.hpp\n'}
[5.132419] (px4_msgs) StdoutLine: {'line': b'-- Up-to-date symlink: /home/ubuntu/px4_ros2_ws/install/px4_msgs/include/px4_msgs/px4_msgs/msg/detail/rate_ctrl_status__rosidl_typesupport_introspection_cpp.hpp\n'}
[5.132472] (px4_msgs) StdoutLine: {'line': b'-- Up-to-date symlink: /home/ubuntu/px4_ros2_ws/install/px4_msgs/include/px4_msgs/px4_msgs/msg/detail/rc_channels__rosidl_typesupport_introspection_cpp.hpp\n'}
[5.132528] (px4_msgs) StdoutLine: {'line': b'-- Up-to-date symlink: /home/ubuntu/px4_ros2_ws/install/px4_msgs/include/px4_msgs/px4_msgs/msg/detail/rc_parameter_map__rosidl_typesupport_introspection_cpp.hpp\n'}
[5.132589] (px4_msgs) StdoutLine: {'line': b'-- Up-to-date symlink: /home/ubuntu/px4_ros2_ws/install/px4_msgs/include/px4_msgs/px4_msgs/msg/detail/register_ext_component_reply__rosidl_typesupport_introspection_cpp.hpp\n'}
[5.132653] (px4_msgs) StdoutLine: {'line': b'-- Up-to-date symlink: /home/ubuntu/px4_ros2_ws/install/px4_msgs/include/px4_msgs/px4_msgs/msg/detail/register_ext_component_request__rosidl_typesupport_introspection_cpp.hpp\n'}
[5.132712] (px4_msgs) StdoutLine: {'line': b'-- Up-to-date symlink: /home/ubuntu/px4_ros2_ws/install/px4_msgs/include/px4_msgs/px4_msgs/msg/detail/rover_attitude_setpoint__rosidl_typesupport_introspection_cpp.hpp\n'}
[5.132776] (px4_msgs) StdoutLine: {'line': b'-- Up-to-date symlink: /home/ubuntu/px4_ros2_ws/install/px4_msgs/include/px4_msgs/px4_msgs/msg/detail/rover_attitude_status__rosidl_typesupport_introspection_cpp.hpp\n'}
[5.132838] (px4_msgs) StdoutLine: {'line': b'-- Up-to-date symlink: /home/ubuntu/px4_ros2_ws/install/px4_msgs/include/px4_msgs/px4_msgs/msg/detail/rover_position_setpoint__rosidl_typesupport_introspection_cpp.hpp\n'}
[5.132902] (px4_msgs) StdoutLine: {'line': b'-- Up-to-date symlink: /home/ubuntu/px4_ros2_ws/install/px4_msgs/include/px4_msgs/px4_msgs/msg/detail/rover_rate_setpoint__rosidl_typesupport_introspection_cpp.hpp\n'}
[5.132965] (px4_msgs) StdoutLine: {'line': b'-- Up-to-date symlink: /home/ubuntu/px4_ros2_ws/install/px4_msgs/include/px4_msgs/px4_msgs/msg/detail/rover_rate_status__rosidl_typesupport_introspection_cpp.hpp\n'}
[5.133028] (px4_msgs) StdoutLine: {'line': b'-- Up-to-date symlink: /home/ubuntu/px4_ros2_ws/install/px4_msgs/include/px4_msgs/px4_msgs/msg/detail/rover_speed_setpoint__rosidl_typesupport_introspection_cpp.hpp\n'}
[5.133087] (px4_msgs) StdoutLine: {'line': b'-- Up-to-date symlink: /home/ubuntu/px4_ros2_ws/install/px4_msgs/include/px4_msgs/px4_msgs/msg/detail/rover_speed_status__rosidl_typesupport_introspection_cpp.hpp\n'}
[5.133150] (px4_msgs) StdoutLine: {'line': b'-- Up-to-date symlink: /home/ubuntu/px4_ros2_ws/install/px4_msgs/include/px4_msgs/px4_msgs/msg/detail/rover_steering_setpoint__rosidl_typesupport_introspection_cpp.hpp\n'}
[5.133209] (px4_msgs) StdoutLine: {'line': b'-- Up-to-date symlink: /home/ubuntu/px4_ros2_ws/install/px4_msgs/include/px4_msgs/px4_msgs/msg/detail/rover_throttle_setpoint__rosidl_typesupport_introspection_cpp.hpp\n'}
[5.133264] (px4_msgs) StdoutLine: {'line': b'-- Up-to-date symlink: /home/ubuntu/px4_ros2_ws/install/px4_msgs/include/px4_msgs/px4_msgs/msg/detail/rpm__rosidl_typesupport_introspection_cpp.hpp\n'}
[5.133333] (px4_msgs) StdoutLine: {'line': b'-- Up-to-date symlink: /home/ubuntu/px4_ros2_ws/install/px4_msgs/include/px4_msgs/px4_msgs/msg/detail/rtcm_data__rosidl_typesupport_introspection_cpp.hpp\n'}
[5.133398] (px4_msgs) StdoutLine: {'line': b'-- Up-to-date symlink: /home/ubuntu/px4_ros2_ws/install/px4_msgs/include/px4_msgs/px4_msgs/msg/detail/rtl_status__rosidl_typesupport_introspection_cpp.hpp\n'}
[5.133465] (px4_msgs) StdoutLine: {'line': b'-- Up-to-date symlink: /home/ubuntu/px4_ros2_ws/install/px4_msgs/include/px4_msgs/px4_msgs/msg/detail/rtl_time_estimate__rosidl_typesupport_introspection_cpp.hpp\n'}
[5.133551] (px4_msgs) StdoutLine: {'line': b'-- Up-to-date symlink: /home/ubuntu/px4_ros2_ws/install/px4_msgs/include/px4_msgs/px4_msgs/msg/detail/satellite_info__rosidl_typesupport_introspection_cpp.hpp\n'}
[5.133607] (px4_msgs) StdoutLine: {'line': b'-- Up-to-date symlink: /home/ubuntu/px4_ros2_ws/install/px4_msgs/include/px4_msgs/px4_msgs/msg/detail/sensor_accel__rosidl_typesupport_introspection_cpp.hpp\n'}
[5.133655] (px4_msgs) StdoutLine: {'line': b'-- Up-to-date symlink: /home/ubuntu/px4_ros2_ws/install/px4_msgs/include/px4_msgs/px4_msgs/msg/detail/sensor_accel_fifo__rosidl_typesupport_introspection_cpp.hpp\n'}
[5.133712] (px4_msgs) StdoutLine: {'line': b'-- Up-to-date symlink: /home/ubuntu/px4_ros2_ws/install/px4_msgs/include/px4_msgs/px4_msgs/msg/detail/sensor_airflow__rosidl_typesupport_introspection_cpp.hpp\n'}
[5.133789] (px4_msgs) StdoutLine: {'line': b'-- Up-to-date symlink: /home/ubuntu/px4_ros2_ws/install/px4_msgs/include/px4_msgs/px4_msgs/msg/detail/sensor_baro__rosidl_typesupport_introspection_cpp.hpp\n'}
[5.133845] (px4_msgs) StdoutLine: {'line': b'-- Up-to-date symlink: /home/ubuntu/px4_ros2_ws/install/px4_msgs/include/px4_msgs/px4_msgs/msg/detail/sensor_combined__rosidl_typesupport_introspection_cpp.hpp\n'}
[5.133894] (px4_msgs) StdoutLine: {'line': b'-- Up-to-date symlink: /home/ubuntu/px4_ros2_ws/install/px4_msgs/include/px4_msgs/px4_msgs/msg/detail/sensor_correction__rosidl_typesupport_introspection_cpp.hpp\n'}
[5.133951] (px4_msgs) StdoutLine: {'line': b'-- Up-to-date symlink: /home/ubuntu/px4_ros2_ws/install/px4_msgs/include/px4_msgs/px4_msgs/msg/detail/sensor_gnss_relative__rosidl_typesupport_introspection_cpp.hpp\n'}
[5.134005] (px4_msgs) StdoutLine: {'line': b'-- Up-to-date symlink: /home/ubuntu/px4_ros2_ws/install/px4_msgs/include/px4_msgs/px4_msgs/msg/detail/sensor_gnss_status__rosidl_typesupport_introspection_cpp.hpp\n'}
[5.134046] (px4_msgs) StdoutLine: {'line': b'-- Up-to-date symlink: /home/ubuntu/px4_ros2_ws/install/px4_msgs/include/px4_msgs/px4_msgs/msg/detail/sensor_gps__rosidl_typesupport_introspection_cpp.hpp\n'}
[5.134077] (px4_msgs) StdoutLine: {'line': b'-- Up-to-date symlink: /home/ubuntu/px4_ros2_ws/install/px4_msgs/include/px4_msgs/px4_msgs/msg/detail/sensor_gyro__rosidl_typesupport_introspection_cpp.hpp\n'}
[5.134107] (px4_msgs) StdoutLine: {'line': b'-- Up-to-date symlink: /home/ubuntu/px4_ros2_ws/install/px4_msgs/include/px4_msgs/px4_msgs/msg/detail/sensor_gyro_fft__rosidl_typesupport_introspection_cpp.hpp\n'}
[5.134150] (px4_msgs) StdoutLine: {'line': b'-- Up-to-date symlink: /home/ubuntu/px4_ros2_ws/install/px4_msgs/include/px4_msgs/px4_msgs/msg/detail/sensor_gyro_fifo__rosidl_typesupport_introspection_cpp.hpp\n'}
[5.134194] (px4_msgs) StdoutLine: {'line': b'-- Up-to-date symlink: /home/ubuntu/px4_ros2_ws/install/px4_msgs/include/px4_msgs/px4_msgs/msg/detail/sensor_hygrometer__rosidl_typesupport_introspection_cpp.hpp\n'}
[5.134221] (px4_msgs) StdoutLine: {'line': b'-- Up-to-date symlink: /home/ubuntu/px4_ros2_ws/install/px4_msgs/include/px4_msgs/px4_msgs/msg/detail/sensor_mag__rosidl_typesupport_introspection_cpp.hpp\n'}
[5.134264] (px4_msgs) StdoutLine: {'line': b'-- Up-to-date symlink: /home/ubuntu/px4_ros2_ws/install/px4_msgs/include/px4_msgs/px4_msgs/msg/detail/sensor_optical_flow__rosidl_typesupport_introspection_cpp.hpp\n'}
[5.134307] (px4_msgs) StdoutLine: {'line': b'-- Up-to-date symlink: /home/ubuntu/px4_ros2_ws/install/px4_msgs/include/px4_msgs/px4_msgs/msg/detail/sensor_preflight_mag__rosidl_typesupport_introspection_cpp.hpp\n'}
[5.134377] (px4_msgs) StdoutLine: {'line': b'-- Up-to-date symlink: /home/ubuntu/px4_ros2_ws/install/px4_msgs/include/px4_msgs/px4_msgs/msg/detail/sensor_selection__rosidl_typesupport_introspection_cpp.hpp\n'}
[5.134446] (px4_msgs) StdoutLine: {'line': b'-- Up-to-date symlink: /home/ubuntu/px4_ros2_ws/install/px4_msgs/include/px4_msgs/px4_msgs/msg/detail/sensor_temp__rosidl_typesupport_introspection_cpp.hpp\n'}
[5.134531] (px4_msgs) StdoutLine: {'line': b'-- Up-to-date symlink: /home/ubuntu/px4_ros2_ws/install/px4_msgs/include/px4_msgs/px4_msgs/msg/detail/sensor_uwb__rosidl_typesupport_introspection_cpp.hpp\n'}
[5.134597] (px4_msgs) StdoutLine: {'line': b'-- Up-to-date symlink: /home/ubuntu/px4_ros2_ws/install/px4_msgs/include/px4_msgs/px4_msgs/msg/detail/sensors_status__rosidl_typesupport_introspection_cpp.hpp\n'}
[5.134645] (px4_msgs) StdoutLine: {'line': b'-- Up-to-date symlink: /home/ubuntu/px4_ros2_ws/install/px4_msgs/include/px4_msgs/px4_msgs/msg/detail/sensors_status_imu__rosidl_typesupport_introspection_cpp.hpp\n'}
[5.134704] (px4_msgs) StdoutLine: {'line': b'-- Up-to-date symlink: /home/ubuntu/px4_ros2_ws/install/px4_msgs/include/px4_msgs/px4_msgs/msg/detail/setpoint_config__rosidl_typesupport_introspection_cpp.hpp\n'}
[5.134753] (px4_msgs) StdoutLine: {'line': b'-- Up-to-date symlink: /home/ubuntu/px4_ros2_ws/install/px4_msgs/include/px4_msgs/px4_msgs/msg/detail/setpoint_config_reply__rosidl_typesupport_introspection_cpp.hpp\n'}
[5.134801] (px4_msgs) StdoutLine: {'line': b'-- Up-to-date symlink: /home/ubuntu/px4_ros2_ws/install/px4_msgs/include/px4_msgs/px4_msgs/msg/detail/system_power__rosidl_typesupport_introspection_cpp.hpp\n'}
[5.134858] (px4_msgs) StdoutLine: {'line': b'-- Up-to-date symlink: /home/ubuntu/px4_ros2_ws/install/px4_msgs/include/px4_msgs/px4_msgs/msg/detail/takeoff_status__rosidl_typesupport_introspection_cpp.hpp\n'}
[5.134919] (px4_msgs) StdoutLine: {'line': b'-- Up-to-date symlink: /home/ubuntu/px4_ros2_ws/install/px4_msgs/include/px4_msgs/px4_msgs/msg/detail/target_gnss__rosidl_typesupport_introspection_cpp.hpp\n'}
[5.134968] (px4_msgs) StdoutLine: {'line': b'-- Up-to-date symlink: /home/ubuntu/px4_ros2_ws/install/px4_msgs/include/px4_msgs/px4_msgs/msg/detail/task_stack_info__rosidl_typesupport_introspection_cpp.hpp\n'}
[5.135015] (px4_msgs) StdoutLine: {'line': b'-- Up-to-date symlink: /home/ubuntu/px4_ros2_ws/install/px4_msgs/include/px4_msgs/px4_msgs/msg/detail/tecs_status__rosidl_typesupport_introspection_cpp.hpp\n'}
[5.135062] (px4_msgs) StdoutLine: {'line': b'-- Up-to-date symlink: /home/ubuntu/px4_ros2_ws/install/px4_msgs/include/px4_msgs/px4_msgs/msg/detail/telemetry_status__rosidl_typesupport_introspection_cpp.hpp\n'}
[5.135113] (px4_msgs) StdoutLine: {'line': b'-- Up-to-date symlink: /home/ubuntu/px4_ros2_ws/install/px4_msgs/include/px4_msgs/px4_msgs/msg/detail/tiltrotor_extra_controls__rosidl_typesupport_introspection_cpp.hpp\n'}
[5.135160] (px4_msgs) StdoutLine: {'line': b'-- Up-to-date symlink: /home/ubuntu/px4_ros2_ws/install/px4_msgs/include/px4_msgs/px4_msgs/msg/detail/timesync_status__rosidl_typesupport_introspection_cpp.hpp\n'}
[5.135214] (px4_msgs) StdoutLine: {'line': b'-- Up-to-date symlink: /home/ubuntu/px4_ros2_ws/install/px4_msgs/include/px4_msgs/px4_msgs/msg/detail/trajectory_setpoint6dof__rosidl_typesupport_introspection_cpp.hpp\n'}
[5.135264] (px4_msgs) StdoutLine: {'line': b'-- Up-to-date symlink: /home/ubuntu/px4_ros2_ws/install/px4_msgs/include/px4_msgs/px4_msgs/msg/detail/trajectory_setpoint__rosidl_typesupport_introspection_cpp.hpp\n'}
[5.135318] (px4_msgs) StdoutLine: {'line': b'-- Up-to-date symlink: /home/ubuntu/px4_ros2_ws/install/px4_msgs/include/px4_msgs/px4_msgs/msg/detail/transponder_report__rosidl_typesupport_introspection_cpp.hpp\n'}
[5.135368] (px4_msgs) StdoutLine: {'line': b'-- Up-to-date symlink: /home/ubuntu/px4_ros2_ws/install/px4_msgs/include/px4_msgs/px4_msgs/msg/detail/tune_control__rosidl_typesupport_introspection_cpp.hpp\n'}
[5.135431] (px4_msgs) StdoutLine: {'line': b'-- Up-to-date symlink: /home/ubuntu/px4_ros2_ws/install/px4_msgs/include/px4_msgs/px4_msgs/msg/detail/uavcan_parameter_request__rosidl_typesupport_introspection_cpp.hpp\n'}
[5.135486] (px4_msgs) StdoutLine: {'line': b'-- Up-to-date symlink: /home/ubuntu/px4_ros2_ws/install/px4_msgs/include/px4_msgs/px4_msgs/msg/detail/uavcan_parameter_value__rosidl_typesupport_introspection_cpp.hpp\n'}
[5.135542] (px4_msgs) StdoutLine: {'line': b'-- Up-to-date symlink: /home/ubuntu/px4_ros2_ws/install/px4_msgs/include/px4_msgs/px4_msgs/msg/detail/ulog_stream__rosidl_typesupport_introspection_cpp.hpp\n'}
[5.135646] (px4_msgs) StdoutLine: {'line': b'-- Up-to-date symlink: /home/ubuntu/px4_ros2_ws/install/px4_msgs/include/px4_msgs/px4_msgs/msg/detail/ulog_stream_ack__rosidl_typesupport_introspection_cpp.hpp\n'}
[5.135690] (px4_msgs) StdoutLine: {'line': b'-- Up-to-date symlink: /home/ubuntu/px4_ros2_ws/install/px4_msgs/include/px4_msgs/px4_msgs/msg/detail/unregister_ext_component__rosidl_typesupport_introspection_cpp.hpp\n'}
[5.135732] (px4_msgs) StdoutLine: {'line': b'-- Up-to-date symlink: /home/ubuntu/px4_ros2_ws/install/px4_msgs/include/px4_msgs/px4_msgs/msg/detail/vehicle_acceleration__rosidl_typesupport_introspection_cpp.hpp\n'}
[5.135791] (px4_msgs) StdoutLine: {'line': b'-- Up-to-date symlink: /home/ubuntu/px4_ros2_ws/install/px4_msgs/include/px4_msgs/px4_msgs/msg/detail/vehicle_air_data__rosidl_typesupport_introspection_cpp.hpp\n'}
[5.135891] (px4_msgs) StdoutLine: {'line': b'-- Up-to-date symlink: /home/ubuntu/px4_ros2_ws/install/px4_msgs/include/px4_msgs/px4_msgs/msg/detail/vehicle_angular_velocity__rosidl_typesupport_introspection_cpp.hpp\n'}
[5.135959] (px4_msgs) StdoutLine: {'line': b'-- Up-to-date symlink: /home/ubuntu/px4_ros2_ws/install/px4_msgs/include/px4_msgs/px4_msgs/msg/detail/vehicle_attitude__rosidl_typesupport_introspection_cpp.hpp\n'}
[5.136041] (px4_msgs) StdoutLine: {'line': b'-- Up-to-date symlink: /home/ubuntu/px4_ros2_ws/install/px4_msgs/include/px4_msgs/px4_msgs/msg/detail/vehicle_attitude_setpoint__rosidl_typesupport_introspection_cpp.hpp\n'}
[5.136103] (px4_msgs) StdoutLine: {'line': b'-- Up-to-date symlink: /home/ubuntu/px4_ros2_ws/install/px4_msgs/include/px4_msgs/px4_msgs/msg/detail/vehicle_command__rosidl_typesupport_introspection_cpp.hpp\n'}
[5.136140] (px4_msgs) StdoutLine: {'line': b'-- Up-to-date symlink: /home/ubuntu/px4_ros2_ws/install/px4_msgs/include/px4_msgs/px4_msgs/msg/detail/vehicle_command_ack__rosidl_typesupport_introspection_cpp.hpp\n'}
[5.136214] (px4_msgs) StdoutLine: {'line': b'-- Up-to-date symlink: /home/ubuntu/px4_ros2_ws/install/px4_msgs/include/px4_msgs/px4_msgs/msg/detail/vehicle_constraints__rosidl_typesupport_introspection_cpp.hpp\n'}
[5.136292] (px4_msgs) StdoutLine: {'line': b'-- Up-to-date symlink: /home/ubuntu/px4_ros2_ws/install/px4_msgs/include/px4_msgs/px4_msgs/msg/detail/vehicle_control_mode__rosidl_typesupport_introspection_cpp.hpp\n'}
[5.136349] (px4_msgs) StdoutLine: {'line': b'-- Up-to-date symlink: /home/ubuntu/px4_ros2_ws/install/px4_msgs/include/px4_msgs/px4_msgs/msg/detail/vehicle_global_position__rosidl_typesupport_introspection_cpp.hpp\n'}
[5.136416] (px4_msgs) StdoutLine: {'line': b'-- Up-to-date symlink: /home/ubuntu/px4_ros2_ws/install/px4_msgs/include/px4_msgs/px4_msgs/msg/detail/vehicle_imu__rosidl_typesupport_introspection_cpp.hpp\n'}
[5.136486] (px4_msgs) StdoutLine: {'line': b'-- Up-to-date symlink: /home/ubuntu/px4_ros2_ws/install/px4_msgs/include/px4_msgs/px4_msgs/msg/detail/vehicle_imu_status__rosidl_typesupport_introspection_cpp.hpp\n'}
[5.136534] (px4_msgs) StdoutLine: {'line': b'-- Up-to-date symlink: /home/ubuntu/px4_ros2_ws/install/px4_msgs/include/px4_msgs/px4_msgs/msg/detail/vehicle_land_detected__rosidl_typesupport_introspection_cpp.hpp\n'}
[5.136579] (px4_msgs) StdoutLine: {'line': b'-- Up-to-date symlink: /home/ubuntu/px4_ros2_ws/install/px4_msgs/include/px4_msgs/px4_msgs/msg/detail/vehicle_local_position__rosidl_typesupport_introspection_cpp.hpp\n'}
[5.136621] (px4_msgs) StdoutLine: {'line': b'-- Up-to-date symlink: /home/ubuntu/px4_ros2_ws/install/px4_msgs/include/px4_msgs/px4_msgs/msg/detail/vehicle_local_position_setpoint__rosidl_typesupport_introspection_cpp.hpp\n'}
[5.136681] (px4_msgs) StdoutLine: {'line': b'-- Up-to-date symlink: /home/ubuntu/px4_ros2_ws/install/px4_msgs/include/px4_msgs/px4_msgs/msg/detail/vehicle_magnetometer__rosidl_typesupport_introspection_cpp.hpp\n'}
[5.136722] (px4_msgs) StdoutLine: {'line': b'-- Up-to-date symlink: /home/ubuntu/px4_ros2_ws/install/px4_msgs/include/px4_msgs/px4_msgs/msg/detail/vehicle_odometry__rosidl_typesupport_introspection_cpp.hpp\n'}
[5.136764] (px4_msgs) StdoutLine: {'line': b'-- Up-to-date symlink: /home/ubuntu/px4_ros2_ws/install/px4_msgs/include/px4_msgs/px4_msgs/msg/detail/vehicle_optical_flow__rosidl_typesupport_introspection_cpp.hpp\n'}
[5.136822] (px4_msgs) StdoutLine: {'line': b'-- Up-to-date symlink: /home/ubuntu/px4_ros2_ws/install/px4_msgs/include/px4_msgs/px4_msgs/msg/detail/vehicle_optical_flow_vel__rosidl_typesupport_introspection_cpp.hpp\n'}
[5.136877] (px4_msgs) StdoutLine: {'line': b'-- Up-to-date symlink: /home/ubuntu/px4_ros2_ws/install/px4_msgs/include/px4_msgs/px4_msgs/msg/detail/vehicle_rates_setpoint__rosidl_typesupport_introspection_cpp.hpp\n'}
[5.136920] (px4_msgs) StdoutLine: {'line': b'-- Up-to-date symlink: /home/ubuntu/px4_ros2_ws/install/px4_msgs/include/px4_msgs/px4_msgs/msg/detail/vehicle_roi__rosidl_typesupport_introspection_cpp.hpp\n'}
[5.136978] (px4_msgs) StdoutLine: {'line': b'-- Up-to-date symlink: /home/ubuntu/px4_ros2_ws/install/px4_msgs/include/px4_msgs/px4_msgs/msg/detail/vehicle_status__rosidl_typesupport_introspection_cpp.hpp\n'}
[5.137035] (px4_msgs) StdoutLine: {'line': b'-- Up-to-date symlink: /home/ubuntu/px4_ros2_ws/install/px4_msgs/include/px4_msgs/px4_msgs/msg/detail/vehicle_thrust_setpoint__rosidl_typesupport_introspection_cpp.hpp\n'}
[5.137086] (px4_msgs) StdoutLine: {'line': b'-- Up-to-date symlink: /home/ubuntu/px4_ros2_ws/install/px4_msgs/include/px4_msgs/px4_msgs/msg/detail/vehicle_torque_setpoint__rosidl_typesupport_introspection_cpp.hpp\n'}
[5.137145] (px4_msgs) StdoutLine: {'line': b'-- Up-to-date symlink: /home/ubuntu/px4_ros2_ws/install/px4_msgs/include/px4_msgs/px4_msgs/msg/detail/velocity_limits__rosidl_typesupport_introspection_cpp.hpp\n'}
[5.137190] (px4_msgs) StdoutLine: {'line': b'-- Up-to-date symlink: /home/ubuntu/px4_ros2_ws/install/px4_msgs/include/px4_msgs/px4_msgs/msg/detail/vte_aid_source1d__rosidl_typesupport_introspection_cpp.hpp\n'}
[5.137243] (px4_msgs) StdoutLine: {'line': b'-- Up-to-date symlink: /home/ubuntu/px4_ros2_ws/install/px4_msgs/include/px4_msgs/px4_msgs/msg/detail/vte_aid_source3d__rosidl_typesupport_introspection_cpp.hpp\n'}
[5.137318] (px4_msgs) StdoutLine: {'line': b'-- Up-to-date symlink: /home/ubuntu/px4_ros2_ws/install/px4_msgs/include/px4_msgs/px4_msgs/msg/detail/vte_bias_init_status__rosidl_typesupport_introspection_cpp.hpp\n'}
[5.137379] (px4_msgs) StdoutLine: {'line': b'-- Up-to-date symlink: /home/ubuntu/px4_ros2_ws/install/px4_msgs/include/px4_msgs/px4_msgs/msg/detail/vte_input__rosidl_typesupport_introspection_cpp.hpp\n'}
[5.137422] (px4_msgs) StdoutLine: {'line': b'-- Up-to-date symlink: /home/ubuntu/px4_ros2_ws/install/px4_msgs/include/px4_msgs/px4_msgs/msg/detail/vte_orientation__rosidl_typesupport_introspection_cpp.hpp\n'}
[5.137487] (px4_msgs) StdoutLine: {'line': b'-- Up-to-date symlink: /home/ubuntu/px4_ros2_ws/install/px4_msgs/include/px4_msgs/px4_msgs/msg/detail/vte_position__rosidl_typesupport_introspection_cpp.hpp\n'}
[5.137530] (px4_msgs) StdoutLine: {'line': b'-- Up-to-date symlink: /home/ubuntu/px4_ros2_ws/install/px4_msgs/include/px4_msgs/px4_msgs/msg/detail/vtol_vehicle_status__rosidl_typesupport_introspection_cpp.hpp\n'}
[5.137571] (px4_msgs) StdoutLine: {'line': b'-- Up-to-date symlink: /home/ubuntu/px4_ros2_ws/install/px4_msgs/include/px4_msgs/px4_msgs/msg/detail/vtx__rosidl_typesupport_introspection_cpp.hpp\n'}
[5.137629] (px4_msgs) StdoutLine: {'line': b'-- Up-to-date symlink: /home/ubuntu/px4_ros2_ws/install/px4_msgs/include/px4_msgs/px4_msgs/msg/detail/wheel_encoders__rosidl_typesupport_introspection_cpp.hpp\n'}
[5.137686] (px4_msgs) StdoutLine: {'line': b'-- Up-to-date symlink: /home/ubuntu/px4_ros2_ws/install/px4_msgs/include/px4_msgs/px4_msgs/msg/detail/wind__rosidl_typesupport_introspection_cpp.hpp\n'}
[5.137719] (px4_msgs) StdoutLine: {'line': b'-- Up-to-date symlink: /home/ubuntu/px4_ros2_ws/install/px4_msgs/include/px4_msgs/px4_msgs/msg/detail/yaw_estimator_status__rosidl_typesupport_introspection_cpp.hpp\n'}
[5.137760] (px4_msgs) StdoutLine: {'line': b'-- Up-to-date symlink: /home/ubuntu/px4_ros2_ws/install/px4_msgs/include/px4_msgs/px4_msgs/srv/detail/vehicle_command__rosidl_typesupport_introspection_cpp.hpp\n'}
[5.137827] (px4_msgs) StdoutLine: {'line': b'-- Up-to-date symlink: /home/ubuntu/px4_ros2_ws/install/px4_msgs/share/px4_msgs/environment/pythonpath.sh\n'}
[5.137889] (px4_msgs) StdoutLine: {'line': b'-- Up-to-date symlink: /home/ubuntu/px4_ros2_ws/install/px4_msgs/share/px4_msgs/environment/pythonpath.dsv\n'}
[5.138106] (px4_msgs) StdoutLine: {'line': b'-- Up-to-date symlink: /home/ubuntu/px4_ros2_ws/install/px4_msgs/local/lib/python3.10/dist-packages/px4_msgs-1.17.0-py3.10.egg-info/PKG-INFO\n'}
[5.138187] (px4_msgs) StdoutLine: {'line': b'-- Up-to-date symlink: /home/ubuntu/px4_ros2_ws/install/px4_msgs/local/lib/python3.10/dist-packages/px4_msgs-1.17.0-py3.10.egg-info/SOURCES.txt\n'}
[5.138246] (px4_msgs) StdoutLine: {'line': b'-- Up-to-date symlink: /home/ubuntu/px4_ros2_ws/install/px4_msgs/local/lib/python3.10/dist-packages/px4_msgs-1.17.0-py3.10.egg-info/dependency_links.txt\n'}
[5.138298] (px4_msgs) StdoutLine: {'line': b'-- Up-to-date symlink: /home/ubuntu/px4_ros2_ws/install/px4_msgs/local/lib/python3.10/dist-packages/px4_msgs-1.17.0-py3.10.egg-info/top_level.txt\n'}
[5.142729] (px4_msgs) StdoutLine: {'line': b'-- Up-to-date symlink: /home/ubuntu/px4_ros2_ws/install/px4_msgs/local/lib/python3.10/dist-packages/px4_msgs/__init__.py\n'}
[5.142861] (px4_msgs) StdoutLine: {'line': b'-- Up-to-date symlink: /home/ubuntu/px4_ros2_ws/install/px4_msgs/local/lib/python3.10/dist-packages/px4_msgs/_px4_msgs_s.ep.rosidl_typesupport_c.c\n'}
[5.142909] (px4_msgs) StdoutLine: {'line': b'-- Up-to-date symlink: /home/ubuntu/px4_ros2_ws/install/px4_msgs/local/lib/python3.10/dist-packages/px4_msgs/_px4_msgs_s.ep.rosidl_typesupport_fastrtps_c.c\n'}
[5.142964] (px4_msgs) StdoutLine: {'line': b'-- Up-to-date symlink: /home/ubuntu/px4_ros2_ws/install/px4_msgs/local/lib/python3.10/dist-packages/px4_msgs/_px4_msgs_s.ep.rosidl_typesupport_introspection_c.c\n'}
[5.143005] (px4_msgs) StdoutLine: {'line': b'-- Up-to-date symlink: /home/ubuntu/px4_ros2_ws/install/px4_msgs/local/lib/python3.10/dist-packages/px4_msgs/libpx4_msgs__rosidl_generator_py.so\n'}
[5.143044] (px4_msgs) StdoutLine: {'line': b'-- Up-to-date symlink: /home/ubuntu/px4_ros2_ws/install/px4_msgs/local/lib/python3.10/dist-packages/px4_msgs/msg/__init__.py\n'}
[5.143097] (px4_msgs) StdoutLine: {'line': b'-- Up-to-date symlink: /home/ubuntu/px4_ros2_ws/install/px4_msgs/local/lib/python3.10/dist-packages/px4_msgs/msg/_action_request.py\n'}
[5.143147] (px4_msgs) StdoutLine: {'line': b'-- Up-to-date symlink: /home/ubuntu/px4_ros2_ws/install/px4_msgs/local/lib/python3.10/dist-packages/px4_msgs/msg/_action_request_s.c\n'}
[5.143188] (px4_msgs) StdoutLine: {'line': b'-- Up-to-date symlink: /home/ubuntu/px4_ros2_ws/install/px4_msgs/local/lib/python3.10/dist-packages/px4_msgs/msg/_actuator_armed.py\n'}
[5.143237] (px4_msgs) StdoutLine: {'line': b'-- Up-to-date symlink: /home/ubuntu/px4_ros2_ws/install/px4_msgs/local/lib/python3.10/dist-packages/px4_msgs/msg/_actuator_armed_s.c\n'}
[5.143276] (px4_msgs) StdoutLine: {'line': b'-- Up-to-date symlink: /home/ubuntu/px4_ros2_ws/install/px4_msgs/local/lib/python3.10/dist-packages/px4_msgs/msg/_actuator_controls_status.py\n'}
[5.143314] (px4_msgs) StdoutLine: {'line': b'-- Up-to-date symlink: /home/ubuntu/px4_ros2_ws/install/px4_msgs/local/lib/python3.10/dist-packages/px4_msgs/msg/_actuator_controls_status_s.c\n'}
[5.143352] (px4_msgs) StdoutLine: {'line': b'-- Up-to-date symlink: /home/ubuntu/px4_ros2_ws/install/px4_msgs/local/lib/python3.10/dist-packages/px4_msgs/msg/_actuator_motors.py\n'}
[5.143390] (px4_msgs) StdoutLine: {'line': b'-- Up-to-date symlink: /home/ubuntu/px4_ros2_ws/install/px4_msgs/local/lib/python3.10/dist-packages/px4_msgs/msg/_actuator_motors_s.c\n'}
[5.143465] (px4_msgs) StdoutLine: {'line': b'-- Up-to-date symlink: /home/ubuntu/px4_ros2_ws/install/px4_msgs/local/lib/python3.10/dist-packages/px4_msgs/msg/_actuator_outputs.py\n'}
[5.143563] (px4_msgs) StdoutLine: {'line': b'-- Up-to-date symlink: /home/ubuntu/px4_ros2_ws/install/px4_msgs/local/lib/python3.10/dist-packages/px4_msgs/msg/_actuator_outputs_s.c\n'}
[5.143600] (px4_msgs) StdoutLine: {'line': b'-- Up-to-date symlink: /home/ubuntu/px4_ros2_ws/install/px4_msgs/local/lib/python3.10/dist-packages/px4_msgs/msg/_actuator_servos.py\n'}
[5.143647] (px4_msgs) StdoutLine: {'line': b'-- Up-to-date symlink: /home/ubuntu/px4_ros2_ws/install/px4_msgs/local/lib/python3.10/dist-packages/px4_msgs/msg/_actuator_servos_s.c\n'}
[5.143687] (px4_msgs) StdoutLine: {'line': b'-- Up-to-date symlink: /home/ubuntu/px4_ros2_ws/install/px4_msgs/local/lib/python3.10/dist-packages/px4_msgs/msg/_actuator_servos_trim.py\n'}
[5.143728] (px4_msgs) StdoutLine: {'line': b'-- Up-to-date symlink: /home/ubuntu/px4_ros2_ws/install/px4_msgs/local/lib/python3.10/dist-packages/px4_msgs/msg/_actuator_servos_trim_s.c\n'}
[5.143766] (px4_msgs) StdoutLine: {'line': b'-- Up-to-date symlink: /home/ubuntu/px4_ros2_ws/install/px4_msgs/local/lib/python3.10/dist-packages/px4_msgs/msg/_actuator_test.py\n'}
[5.143805] (px4_msgs) StdoutLine: {'line': b'-- Up-to-date symlink: /home/ubuntu/px4_ros2_ws/install/px4_msgs/local/lib/python3.10/dist-packages/px4_msgs/msg/_actuator_test_s.c\n'}
[5.143864] (px4_msgs) StdoutLine: {'line': b'-- Up-to-date symlink: /home/ubuntu/px4_ros2_ws/install/px4_msgs/local/lib/python3.10/dist-packages/px4_msgs/msg/_adc_report.py\n'}
[5.143934] (px4_msgs) StdoutLine: {'line': b'-- Up-to-date symlink: /home/ubuntu/px4_ros2_ws/install/px4_msgs/local/lib/python3.10/dist-packages/px4_msgs/msg/_adc_report_s.c\n'}
[5.143993] (px4_msgs) StdoutLine: {'line': b'-- Up-to-date symlink: /home/ubuntu/px4_ros2_ws/install/px4_msgs/local/lib/python3.10/dist-packages/px4_msgs/msg/_airspeed.py\n'}
[5.144026] (px4_msgs) StdoutLine: {'line': b'-- Up-to-date symlink: /home/ubuntu/px4_ros2_ws/install/px4_msgs/local/lib/python3.10/dist-packages/px4_msgs/msg/_airspeed_s.c\n'}
[5.144065] (px4_msgs) StdoutLine: {'line': b'-- Up-to-date symlink: /home/ubuntu/px4_ros2_ws/install/px4_msgs/local/lib/python3.10/dist-packages/px4_msgs/msg/_airspeed_validated.py\n'}
[5.144105] (px4_msgs) StdoutLine: {'line': b'-- Up-to-date symlink: /home/ubuntu/px4_ros2_ws/install/px4_msgs/local/lib/python3.10/dist-packages/px4_msgs/msg/_airspeed_validated_s.c\n'}
[5.144143] (px4_msgs) StdoutLine: {'line': b'-- Up-to-date symlink: /home/ubuntu/px4_ros2_ws/install/px4_msgs/local/lib/python3.10/dist-packages/px4_msgs/msg/_airspeed_wind.py\n'}
[5.144203] (px4_msgs) StdoutLine: {'line': b'-- Up-to-date symlink: /home/ubuntu/px4_ros2_ws/install/px4_msgs/local/lib/python3.10/dist-packages/px4_msgs/msg/_airspeed_wind_s.c\n'}
[5.144247] (px4_msgs) StdoutLine: {'line': b'-- Up-to-date symlink: /home/ubuntu/px4_ros2_ws/install/px4_msgs/local/lib/python3.10/dist-packages/px4_msgs/msg/_arming_check_reply.py\n'}
[5.144308] (px4_msgs) StdoutLine: {'line': b'-- Up-to-date symlink: /home/ubuntu/px4_ros2_ws/install/px4_msgs/local/lib/python3.10/dist-packages/px4_msgs/msg/_arming_check_reply_s.c\n'}
[5.144349] (px4_msgs) StdoutLine: {'line': b'-- Up-to-date symlink: /home/ubuntu/px4_ros2_ws/install/px4_msgs/local/lib/python3.10/dist-packages/px4_msgs/msg/_arming_check_request.py\n'}
[5.144405] (px4_msgs) StdoutLine: {'line': b'-- Up-to-date symlink: /home/ubuntu/px4_ros2_ws/install/px4_msgs/local/lib/python3.10/dist-packages/px4_msgs/msg/_arming_check_request_s.c\n'}
[5.144446] (px4_msgs) StdoutLine: {'line': b'-- Up-to-date symlink: /home/ubuntu/px4_ros2_ws/install/px4_msgs/local/lib/python3.10/dist-packages/px4_msgs/msg/_autotune_attitude_control_status.py\n'}
[5.144501] (px4_msgs) StdoutLine: {'line': b'-- Up-to-date symlink: /home/ubuntu/px4_ros2_ws/install/px4_msgs/local/lib/python3.10/dist-packages/px4_msgs/msg/_autotune_attitude_control_status_s.c\n'}
[5.144547] (px4_msgs) StdoutLine: {'line': b'-- Up-to-date symlink: /home/ubuntu/px4_ros2_ws/install/px4_msgs/local/lib/python3.10/dist-packages/px4_msgs/msg/_aux_global_position.py\n'}
[5.144585] (px4_msgs) StdoutLine: {'line': b'-- Up-to-date symlink: /home/ubuntu/px4_ros2_ws/install/px4_msgs/local/lib/python3.10/dist-packages/px4_msgs/msg/_aux_global_position_s.c\n'}
[5.144625] (px4_msgs) StdoutLine: {'line': b'-- Up-to-date symlink: /home/ubuntu/px4_ros2_ws/install/px4_msgs/local/lib/python3.10/dist-packages/px4_msgs/msg/_battery_info.py\n'}
[5.144681] (px4_msgs) StdoutLine: {'line': b'-- Up-to-date symlink: /home/ubuntu/px4_ros2_ws/install/px4_msgs/local/lib/python3.10/dist-packages/px4_msgs/msg/_battery_info_s.c\n'}
[5.144723] (px4_msgs) StdoutLine: {'line': b'-- Up-to-date symlink: /home/ubuntu/px4_ros2_ws/install/px4_msgs/local/lib/python3.10/dist-packages/px4_msgs/msg/_battery_status.py\n'}
[5.144757] (px4_msgs) StdoutLine: {'line': b'-- Up-to-date symlink: /home/ubuntu/px4_ros2_ws/install/px4_msgs/local/lib/python3.10/dist-packages/px4_msgs/msg/_battery_status_s.c\n'}
[5.144803] (px4_msgs) StdoutLine: {'line': b'-- Up-to-date symlink: /home/ubuntu/px4_ros2_ws/install/px4_msgs/local/lib/python3.10/dist-packages/px4_msgs/msg/_button_event.py\n'}
[5.144846] (px4_msgs) StdoutLine: {'line': b'-- Up-to-date symlink: /home/ubuntu/px4_ros2_ws/install/px4_msgs/local/lib/python3.10/dist-packages/px4_msgs/msg/_button_event_s.c\n'}
[5.144885] (px4_msgs) StdoutLine: {'line': b'-- Up-to-date symlink: /home/ubuntu/px4_ros2_ws/install/px4_msgs/local/lib/python3.10/dist-packages/px4_msgs/msg/_camera_capture.py\n'}
[5.144921] (px4_msgs) StdoutLine: {'line': b'-- Up-to-date symlink: /home/ubuntu/px4_ros2_ws/install/px4_msgs/local/lib/python3.10/dist-packages/px4_msgs/msg/_camera_capture_s.c\n'}
[5.144961] (px4_msgs) StdoutLine: {'line': b'-- Up-to-date symlink: /home/ubuntu/px4_ros2_ws/install/px4_msgs/local/lib/python3.10/dist-packages/px4_msgs/msg/_camera_status.py\n'}
[5.145000] (px4_msgs) StdoutLine: {'line': b'-- Up-to-date symlink: /home/ubuntu/px4_ros2_ws/install/px4_msgs/local/lib/python3.10/dist-packages/px4_msgs/msg/_camera_status_s.c\n'}
[5.145051] (px4_msgs) StdoutLine: {'line': b'-- Up-to-date symlink: /home/ubuntu/px4_ros2_ws/install/px4_msgs/local/lib/python3.10/dist-packages/px4_msgs/msg/_camera_trigger.py\n'}
[5.145115] (px4_msgs) StdoutLine: {'line': b'-- Up-to-date symlink: /home/ubuntu/px4_ros2_ws/install/px4_msgs/local/lib/python3.10/dist-packages/px4_msgs/msg/_camera_trigger_s.c\n'}
[5.145159] (px4_msgs) StdoutLine: {'line': b'-- Up-to-date symlink: /home/ubuntu/px4_ros2_ws/install/px4_msgs/local/lib/python3.10/dist-packages/px4_msgs/msg/_can_interface_status.py\n'}
[5.145201] (px4_msgs) StdoutLine: {'line': b'-- Up-to-date symlink: /home/ubuntu/px4_ros2_ws/install/px4_msgs/local/lib/python3.10/dist-packages/px4_msgs/msg/_can_interface_status_s.c\n'}
[5.145240] (px4_msgs) StdoutLine: {'line': b'-- Up-to-date symlink: /home/ubuntu/px4_ros2_ws/install/px4_msgs/local/lib/python3.10/dist-packages/px4_msgs/msg/_cellular_status.py\n'}
[5.145289] (px4_msgs) StdoutLine: {'line': b'-- Up-to-date symlink: /home/ubuntu/px4_ros2_ws/install/px4_msgs/local/lib/python3.10/dist-packages/px4_msgs/msg/_cellular_status_s.c\n'}
[5.145346] (px4_msgs) StdoutLine: {'line': b'-- Up-to-date symlink: /home/ubuntu/px4_ros2_ws/install/px4_msgs/local/lib/python3.10/dist-packages/px4_msgs/msg/_collision_constraints.py\n'}
[5.145386] (px4_msgs) StdoutLine: {'line': b'-- Up-to-date symlink: /home/ubuntu/px4_ros2_ws/install/px4_msgs/local/lib/python3.10/dist-packages/px4_msgs/msg/_collision_constraints_s.c\n'}
[5.145447] (px4_msgs) StdoutLine: {'line': b'-- Up-to-date symlink: /home/ubuntu/px4_ros2_ws/install/px4_msgs/local/lib/python3.10/dist-packages/px4_msgs/msg/_config_overrides.py\n'}
[5.145502] (px4_msgs) StdoutLine: {'line': b'-- Up-to-date symlink: /home/ubuntu/px4_ros2_ws/install/px4_msgs/local/lib/python3.10/dist-packages/px4_msgs/msg/_config_overrides_s.c\n'}
[5.145542] (px4_msgs) StdoutLine: {'line': b'-- Up-to-date symlink: /home/ubuntu/px4_ros2_ws/install/px4_msgs/local/lib/python3.10/dist-packages/px4_msgs/msg/_control_allocator_status.py\n'}
[5.145579] (px4_msgs) StdoutLine: {'line': b'-- Up-to-date symlink: /home/ubuntu/px4_ros2_ws/install/px4_msgs/local/lib/python3.10/dist-packages/px4_msgs/msg/_control_allocator_status_s.c\n'}
[5.145616] (px4_msgs) StdoutLine: {'line': b'-- Up-to-date symlink: /home/ubuntu/px4_ros2_ws/install/px4_msgs/local/lib/python3.10/dist-packages/px4_msgs/msg/_cpuload.py\n'}
[5.145665] (px4_msgs) StdoutLine: {'line': b'-- Up-to-date symlink: /home/ubuntu/px4_ros2_ws/install/px4_msgs/local/lib/python3.10/dist-packages/px4_msgs/msg/_cpuload_s.c\n'}
[5.145741] (px4_msgs) StdoutLine: {'line': b'-- Up-to-date symlink: /home/ubuntu/px4_ros2_ws/install/px4_msgs/local/lib/python3.10/dist-packages/px4_msgs/msg/_dataman_request.py\n'}
[5.145785] (px4_msgs) StdoutLine: {'line': b'-- Up-to-date symlink: /home/ubuntu/px4_ros2_ws/install/px4_msgs/local/lib/python3.10/dist-packages/px4_msgs/msg/_dataman_request_s.c\n'}
[5.145830] (px4_msgs) StdoutLine: {'line': b'-- Up-to-date symlink: /home/ubuntu/px4_ros2_ws/install/px4_msgs/local/lib/python3.10/dist-packages/px4_msgs/msg/_dataman_response.py\n'}
[5.145869] (px4_msgs) StdoutLine: {'line': b'-- Up-to-date symlink: /home/ubuntu/px4_ros2_ws/install/px4_msgs/local/lib/python3.10/dist-packages/px4_msgs/msg/_dataman_response_s.c\n'}
[5.145906] (px4_msgs) StdoutLine: {'line': b'-- Up-to-date symlink: /home/ubuntu/px4_ros2_ws/install/px4_msgs/local/lib/python3.10/dist-packages/px4_msgs/msg/_debug_array.py\n'}
[5.145941] (px4_msgs) StdoutLine: {'line': b'-- Up-to-date symlink: /home/ubuntu/px4_ros2_ws/install/px4_msgs/local/lib/python3.10/dist-packages/px4_msgs/msg/_debug_array_s.c\n'}
[5.145988] (px4_msgs) StdoutLine: {'line': b'-- Up-to-date symlink: /home/ubuntu/px4_ros2_ws/install/px4_msgs/local/lib/python3.10/dist-packages/px4_msgs/msg/_debug_key_value.py\n'}
[5.146050] (px4_msgs) StdoutLine: {'line': b'-- Up-to-date symlink: /home/ubuntu/px4_ros2_ws/install/px4_msgs/local/lib/python3.10/dist-packages/px4_msgs/msg/_debug_key_value_s.c\n'}
[5.146089] (px4_msgs) StdoutLine: {'line': b'-- Up-to-date symlink: /home/ubuntu/px4_ros2_ws/install/px4_msgs/local/lib/python3.10/dist-packages/px4_msgs/msg/_debug_value.py\n'}
[5.146128] (px4_msgs) StdoutLine: {'line': b'-- Up-to-date symlink: /home/ubuntu/px4_ros2_ws/install/px4_msgs/local/lib/python3.10/dist-packages/px4_msgs/msg/_debug_value_s.c\n'}
[5.146165] (px4_msgs) StdoutLine: {'line': b'-- Up-to-date symlink: /home/ubuntu/px4_ros2_ws/install/px4_msgs/local/lib/python3.10/dist-packages/px4_msgs/msg/_debug_vect.py\n'}
[5.146215] (px4_msgs) StdoutLine: {'line': b'-- Up-to-date symlink: /home/ubuntu/px4_ros2_ws/install/px4_msgs/local/lib/python3.10/dist-packages/px4_msgs/msg/_debug_vect_s.c\n'}
[5.146276] (px4_msgs) StdoutLine: {'line': b'-- Up-to-date symlink: /home/ubuntu/px4_ros2_ws/install/px4_msgs/local/lib/python3.10/dist-packages/px4_msgs/msg/_device_information.py\n'}
[5.146314] (px4_msgs) StdoutLine: {'line': b'-- Up-to-date symlink: /home/ubuntu/px4_ros2_ws/install/px4_msgs/local/lib/python3.10/dist-packages/px4_msgs/msg/_device_information_s.c\n'}
[5.146361] (px4_msgs) StdoutLine: {'line': b'-- Up-to-date symlink: /home/ubuntu/px4_ros2_ws/install/px4_msgs/local/lib/python3.10/dist-packages/px4_msgs/msg/_differential_pressure.py\n'}
[5.146398] (px4_msgs) StdoutLine: {'line': b'-- Up-to-date symlink: /home/ubuntu/px4_ros2_ws/install/px4_msgs/local/lib/python3.10/dist-packages/px4_msgs/msg/_differential_pressure_s.c\n'}
[5.146436] (px4_msgs) StdoutLine: {'line': b'-- Up-to-date symlink: /home/ubuntu/px4_ros2_ws/install/px4_msgs/local/lib/python3.10/dist-packages/px4_msgs/msg/_distance_sensor.py\n'}
[5.146492] (px4_msgs) StdoutLine: {'line': b'-- Up-to-date symlink: /home/ubuntu/px4_ros2_ws/install/px4_msgs/local/lib/python3.10/dist-packages/px4_msgs/msg/_distance_sensor_mode_change_request.py\n'}
[5.146535] (px4_msgs) StdoutLine: {'line': b'-- Up-to-date symlink: /home/ubuntu/px4_ros2_ws/install/px4_msgs/local/lib/python3.10/dist-packages/px4_msgs/msg/_distance_sensor_mode_change_request_s.c\n'}
[5.146574] (px4_msgs) StdoutLine: {'line': b'-- Up-to-date symlink: /home/ubuntu/px4_ros2_ws/install/px4_msgs/local/lib/python3.10/dist-packages/px4_msgs/msg/_distance_sensor_s.c\n'}
[5.146611] (px4_msgs) StdoutLine: {'line': b'-- Up-to-date symlink: /home/ubuntu/px4_ros2_ws/install/px4_msgs/local/lib/python3.10/dist-packages/px4_msgs/msg/_dronecan_node_status.py\n'}
[5.146659] (px4_msgs) StdoutLine: {'line': b'-- Up-to-date symlink: /home/ubuntu/px4_ros2_ws/install/px4_msgs/local/lib/python3.10/dist-packages/px4_msgs/msg/_dronecan_node_status_s.c\n'}
[5.146713] (px4_msgs) StdoutLine: {'line': b'-- Up-to-date symlink: /home/ubuntu/px4_ros2_ws/install/px4_msgs/local/lib/python3.10/dist-packages/px4_msgs/msg/_ekf2_timestamps.py\n'}
[5.146753] (px4_msgs) StdoutLine: {'line': b'-- Up-to-date symlink: /home/ubuntu/px4_ros2_ws/install/px4_msgs/local/lib/python3.10/dist-packages/px4_msgs/msg/_ekf2_timestamps_s.c\n'}
[5.146806] (px4_msgs) StdoutLine: {'line': b'-- Up-to-date symlink: /home/ubuntu/px4_ros2_ws/install/px4_msgs/local/lib/python3.10/dist-packages/px4_msgs/msg/_esc_eeprom_read.py\n'}
[5.146847] (px4_msgs) StdoutLine: {'line': b'-- Up-to-date symlink: /home/ubuntu/px4_ros2_ws/install/px4_msgs/local/lib/python3.10/dist-packages/px4_msgs/msg/_esc_eeprom_read_s.c\n'}
[5.146908] (px4_msgs) StdoutLine: {'line': b'-- Up-to-date symlink: /home/ubuntu/px4_ros2_ws/install/px4_msgs/local/lib/python3.10/dist-packages/px4_msgs/msg/_esc_eeprom_write.py\n'}
[5.146943] (px4_msgs) StdoutLine: {'line': b'-- Up-to-date symlink: /home/ubuntu/px4_ros2_ws/install/px4_msgs/local/lib/python3.10/dist-packages/px4_msgs/msg/_esc_eeprom_write_s.c\n'}
[5.146983] (px4_msgs) StdoutLine: {'line': b'-- Up-to-date symlink: /home/ubuntu/px4_ros2_ws/install/px4_msgs/local/lib/python3.10/dist-packages/px4_msgs/msg/_esc_report.py\n'}
[5.147020] (px4_msgs) StdoutLine: {'line': b'-- Up-to-date symlink: /home/ubuntu/px4_ros2_ws/install/px4_msgs/local/lib/python3.10/dist-packages/px4_msgs/msg/_esc_report_s.c\n'}
[5.147071] (px4_msgs) StdoutLine: {'line': b'-- Up-to-date symlink: /home/ubuntu/px4_ros2_ws/install/px4_msgs/local/lib/python3.10/dist-packages/px4_msgs/msg/_esc_status.py\n'}
[5.147127] (px4_msgs) StdoutLine: {'line': b'-- Up-to-date symlink: /home/ubuntu/px4_ros2_ws/install/px4_msgs/local/lib/python3.10/dist-packages/px4_msgs/msg/_esc_status_s.c\n'}
[5.147174] (px4_msgs) StdoutLine: {'line': b'-- Up-to-date symlink: /home/ubuntu/px4_ros2_ws/install/px4_msgs/local/lib/python3.10/dist-packages/px4_msgs/msg/_estimator_aid_source1d.py\n'}
[5.147213] (px4_msgs) StdoutLine: {'line': b'-- Up-to-date symlink: /home/ubuntu/px4_ros2_ws/install/px4_msgs/local/lib/python3.10/dist-packages/px4_msgs/msg/_estimator_aid_source1d_s.c\n'}
[5.147250] (px4_msgs) StdoutLine: {'line': b'-- Up-to-date symlink: /home/ubuntu/px4_ros2_ws/install/px4_msgs/local/lib/python3.10/dist-packages/px4_msgs/msg/_estimator_aid_source2d.py\n'}
[5.147299] (px4_msgs) StdoutLine: {'line': b'-- Up-to-date symlink: /home/ubuntu/px4_ros2_ws/install/px4_msgs/local/lib/python3.10/dist-packages/px4_msgs/msg/_estimator_aid_source2d_s.c\n'}
[5.147349] (px4_msgs) StdoutLine: {'line': b'-- Up-to-date symlink: /home/ubuntu/px4_ros2_ws/install/px4_msgs/local/lib/python3.10/dist-packages/px4_msgs/msg/_estimator_aid_source3d.py\n'}
[5.147389] (px4_msgs) StdoutLine: {'line': b'-- Up-to-date symlink: /home/ubuntu/px4_ros2_ws/install/px4_msgs/local/lib/python3.10/dist-packages/px4_msgs/msg/_estimator_aid_source3d_s.c\n'}
[5.147428] (px4_msgs) StdoutLine: {'line': b'-- Up-to-date symlink: /home/ubuntu/px4_ros2_ws/install/px4_msgs/local/lib/python3.10/dist-packages/px4_msgs/msg/_estimator_bias.py\n'}
[5.147480] (px4_msgs) StdoutLine: {'line': b'-- Up-to-date symlink: /home/ubuntu/px4_ros2_ws/install/px4_msgs/local/lib/python3.10/dist-packages/px4_msgs/msg/_estimator_bias3d.py\n'}
[5.147520] (px4_msgs) StdoutLine: {'line': b'-- Up-to-date symlink: /home/ubuntu/px4_ros2_ws/install/px4_msgs/local/lib/python3.10/dist-packages/px4_msgs/msg/_estimator_bias3d_s.c\n'}
[5.147553] (px4_msgs) StdoutLine: {'line': b'-- Up-to-date symlink: /home/ubuntu/px4_ros2_ws/install/px4_msgs/local/lib/python3.10/dist-packages/px4_msgs/msg/_estimator_bias_s.c\n'}
[5.147590] (px4_msgs) StdoutLine: {'line': b'-- Up-to-date symlink: /home/ubuntu/px4_ros2_ws/install/px4_msgs/local/lib/python3.10/dist-packages/px4_msgs/msg/_estimator_event_flags.py\n'}
[5.147648] (px4_msgs) StdoutLine: {'line': b'-- Up-to-date symlink: /home/ubuntu/px4_ros2_ws/install/px4_msgs/local/lib/python3.10/dist-packages/px4_msgs/msg/_estimator_event_flags_s.c\n'}
[5.147683] (px4_msgs) StdoutLine: {'line': b'-- Up-to-date symlink: /home/ubuntu/px4_ros2_ws/install/px4_msgs/local/lib/python3.10/dist-packages/px4_msgs/msg/_estimator_fusion_control.py\n'}
[5.147725] (px4_msgs) StdoutLine: {'line': b'-- Up-to-date symlink: /home/ubuntu/px4_ros2_ws/install/px4_msgs/local/lib/python3.10/dist-packages/px4_msgs/msg/_estimator_fusion_control_s.c\n'}
[5.147762] (px4_msgs) StdoutLine: {'line': b'-- Up-to-date symlink: /home/ubuntu/px4_ros2_ws/install/px4_msgs/local/lib/python3.10/dist-packages/px4_msgs/msg/_estimator_gps_status.py\n'}
[5.147883] (px4_msgs) StdoutLine: {'line': b'-- Up-to-date symlink: /home/ubuntu/px4_ros2_ws/install/px4_msgs/local/lib/python3.10/dist-packages/px4_msgs/msg/_estimator_gps_status_s.c\n'}
[5.147941] (px4_msgs) StdoutLine: {'line': b'-- Up-to-date symlink: /home/ubuntu/px4_ros2_ws/install/px4_msgs/local/lib/python3.10/dist-packages/px4_msgs/msg/_estimator_innovations.py\n'}
[5.147980] (px4_msgs) StdoutLine: {'line': b'-- Up-to-date symlink: /home/ubuntu/px4_ros2_ws/install/px4_msgs/local/lib/python3.10/dist-packages/px4_msgs/msg/_estimator_innovations_s.c\n'}
[5.148017] (px4_msgs) StdoutLine: {'line': b'-- Up-to-date symlink: /home/ubuntu/px4_ros2_ws/install/px4_msgs/local/lib/python3.10/dist-packages/px4_msgs/msg/_estimator_selector_status.py\n'}
[5.148067] (px4_msgs) StdoutLine: {'line': b'-- Up-to-date symlink: /home/ubuntu/px4_ros2_ws/install/px4_msgs/local/lib/python3.10/dist-packages/px4_msgs/msg/_estimator_selector_status_s.c\n'}
[5.148125] (px4_msgs) StdoutLine: {'line': b'-- Up-to-date symlink: /home/ubuntu/px4_ros2_ws/install/px4_msgs/local/lib/python3.10/dist-packages/px4_msgs/msg/_estimator_sensor_bias.py\n'}
[5.148167] (px4_msgs) StdoutLine: {'line': b'-- Up-to-date symlink: /home/ubuntu/px4_ros2_ws/install/px4_msgs/local/lib/python3.10/dist-packages/px4_msgs/msg/_estimator_sensor_bias_s.c\n'}
[5.148206] (px4_msgs) StdoutLine: {'line': b'-- Up-to-date symlink: /home/ubuntu/px4_ros2_ws/install/px4_msgs/local/lib/python3.10/dist-packages/px4_msgs/msg/_estimator_states.py\n'}
[5.148257] (px4_msgs) StdoutLine: {'line': b'-- Up-to-date symlink: /home/ubuntu/px4_ros2_ws/install/px4_msgs/local/lib/python3.10/dist-packages/px4_msgs/msg/_estimator_states_s.c\n'}
[5.148310] (px4_msgs) StdoutLine: {'line': b'-- Up-to-date symlink: /home/ubuntu/px4_ros2_ws/install/px4_msgs/local/lib/python3.10/dist-packages/px4_msgs/msg/_estimator_status.py\n'}
[5.148346] (px4_msgs) StdoutLine: {'line': b'-- Up-to-date symlink: /home/ubuntu/px4_ros2_ws/install/px4_msgs/local/lib/python3.10/dist-packages/px4_msgs/msg/_estimator_status_flags.py\n'}
[5.148396] (px4_msgs) StdoutLine: {'line': b'-- Up-to-date symlink: /home/ubuntu/px4_ros2_ws/install/px4_msgs/local/lib/python3.10/dist-packages/px4_msgs/msg/_estimator_status_flags_s.c\n'}
[5.148435] (px4_msgs) StdoutLine: {'line': b'-- Up-to-date symlink: /home/ubuntu/px4_ros2_ws/install/px4_msgs/local/lib/python3.10/dist-packages/px4_msgs/msg/_estimator_status_s.c\n'}
[5.148483] (px4_msgs) StdoutLine: {'line': b'-- Up-to-date symlink: /home/ubuntu/px4_ros2_ws/install/px4_msgs/local/lib/python3.10/dist-packages/px4_msgs/msg/_event.py\n'}
[5.148527] (px4_msgs) StdoutLine: {'line': b'-- Up-to-date symlink: /home/ubuntu/px4_ros2_ws/install/px4_msgs/local/lib/python3.10/dist-packages/px4_msgs/msg/_event_s.c\n'}
[5.148566] (px4_msgs) StdoutLine: {'line': b'-- Up-to-date symlink: /home/ubuntu/px4_ros2_ws/install/px4_msgs/local/lib/python3.10/dist-packages/px4_msgs/msg/_failsafe_flags.py\n'}
[5.148604] (px4_msgs) StdoutLine: {'line': b'-- Up-to-date symlink: /home/ubuntu/px4_ros2_ws/install/px4_msgs/local/lib/python3.10/dist-packages/px4_msgs/msg/_failsafe_flags_s.c\n'}
[5.148656] (px4_msgs) StdoutLine: {'line': b'-- Up-to-date symlink: /home/ubuntu/px4_ros2_ws/install/px4_msgs/local/lib/python3.10/dist-packages/px4_msgs/msg/_failure_detector_status.py\n'}
[5.148693] (px4_msgs) StdoutLine: {'line': b'-- Up-to-date symlink: /home/ubuntu/px4_ros2_ws/install/px4_msgs/local/lib/python3.10/dist-packages/px4_msgs/msg/_failure_detector_status_s.c\n'}
[5.148737] (px4_msgs) StdoutLine: {'line': b'-- Up-to-date symlink: /home/ubuntu/px4_ros2_ws/install/px4_msgs/local/lib/python3.10/dist-packages/px4_msgs/msg/_failure_injection.py\n'}
[5.148781] (px4_msgs) StdoutLine: {'line': b'-- Up-to-date symlink: /home/ubuntu/px4_ros2_ws/install/px4_msgs/local/lib/python3.10/dist-packages/px4_msgs/msg/_failure_injection_s.c\n'}
[5.148820] (px4_msgs) StdoutLine: {'line': b'-- Up-to-date symlink: /home/ubuntu/px4_ros2_ws/install/px4_msgs/local/lib/python3.10/dist-packages/px4_msgs/msg/_fiducial_marker_pos_report.py\n'}
[5.148858] (px4_msgs) StdoutLine: {'line': b'-- Up-to-date symlink: /home/ubuntu/px4_ros2_ws/install/px4_msgs/local/lib/python3.10/dist-packages/px4_msgs/msg/_fiducial_marker_pos_report_s.c\n'}
[5.148906] (px4_msgs) StdoutLine: {'line': b'-- Up-to-date symlink: /home/ubuntu/px4_ros2_ws/install/px4_msgs/local/lib/python3.10/dist-packages/px4_msgs/msg/_fiducial_marker_yaw_report.py\n'}
[5.148957] (px4_msgs) StdoutLine: {'line': b'-- Up-to-date symlink: /home/ubuntu/px4_ros2_ws/install/px4_msgs/local/lib/python3.10/dist-packages/px4_msgs/msg/_fiducial_marker_yaw_report_s.c\n'}
[5.149007] (px4_msgs) StdoutLine: {'line': b'-- Up-to-date symlink: /home/ubuntu/px4_ros2_ws/install/px4_msgs/local/lib/python3.10/dist-packages/px4_msgs/msg/_figure_eight_status.py\n'}
[5.149062] (px4_msgs) StdoutLine: {'line': b'-- Up-to-date symlink: /home/ubuntu/px4_ros2_ws/install/px4_msgs/local/lib/python3.10/dist-packages/px4_msgs/msg/_figure_eight_status_s.c\n'}
[5.149109] (px4_msgs) StdoutLine: {'line': b'-- Up-to-date symlink: /home/ubuntu/px4_ros2_ws/install/px4_msgs/local/lib/python3.10/dist-packages/px4_msgs/msg/_fixed_wing_lateral_guidance_status.py\n'}
[5.149156] (px4_msgs) StdoutLine: {'line': b'-- Up-to-date symlink: /home/ubuntu/px4_ros2_ws/install/px4_msgs/local/lib/python3.10/dist-packages/px4_msgs/msg/_fixed_wing_lateral_guidance_status_s.c\n'}
[5.149211] (px4_msgs) StdoutLine: {'line': b'-- Up-to-date symlink: /home/ubuntu/px4_ros2_ws/install/px4_msgs/local/lib/python3.10/dist-packages/px4_msgs/msg/_fixed_wing_lateral_setpoint.py\n'}
[5.149248] (px4_msgs) StdoutLine: {'line': b'-- Up-to-date symlink: /home/ubuntu/px4_ros2_ws/install/px4_msgs/local/lib/python3.10/dist-packages/px4_msgs/msg/_fixed_wing_lateral_setpoint_s.c\n'}
[5.149288] (px4_msgs) StdoutLine: {'line': b'-- Up-to-date symlink: /home/ubuntu/px4_ros2_ws/install/px4_msgs/local/lib/python3.10/dist-packages/px4_msgs/msg/_fixed_wing_lateral_status.py\n'}
[5.149347] (px4_msgs) StdoutLine: {'line': b'-- Up-to-date symlink: /home/ubuntu/px4_ros2_ws/install/px4_msgs/local/lib/python3.10/dist-packages/px4_msgs/msg/_fixed_wing_lateral_status_s.c\n'}
[5.149380] (px4_msgs) StdoutLine: {'line': b'-- Up-to-date symlink: /home/ubuntu/px4_ros2_ws/install/px4_msgs/local/lib/python3.10/dist-packages/px4_msgs/msg/_fixed_wing_longitudinal_setpoint.py\n'}
[5.149435] (px4_msgs) StdoutLine: {'line': b'-- Up-to-date symlink: /home/ubuntu/px4_ros2_ws/install/px4_msgs/local/lib/python3.10/dist-packages/px4_msgs/msg/_fixed_wing_longitudinal_setpoint_s.c\n'}
[5.149486] (px4_msgs) StdoutLine: {'line': b'-- Up-to-date symlink: /home/ubuntu/px4_ros2_ws/install/px4_msgs/local/lib/python3.10/dist-packages/px4_msgs/msg/_fixed_wing_runway_control.py\n'}
[5.149532] (px4_msgs) StdoutLine: {'line': b'-- Up-to-date symlink: /home/ubuntu/px4_ros2_ws/install/px4_msgs/local/lib/python3.10/dist-packages/px4_msgs/msg/_fixed_wing_runway_control_s.c\n'}
[5.149582] (px4_msgs) StdoutLine: {'line': b'-- Up-to-date symlink: /home/ubuntu/px4_ros2_ws/install/px4_msgs/local/lib/python3.10/dist-packages/px4_msgs/msg/_flight_phase_estimation.py\n'}
[5.149625] (px4_msgs) StdoutLine: {'line': b'-- Up-to-date symlink: /home/ubuntu/px4_ros2_ws/install/px4_msgs/local/lib/python3.10/dist-packages/px4_msgs/msg/_flight_phase_estimation_s.c\n'}
[5.149671] (px4_msgs) StdoutLine: {'line': b'-- Up-to-date symlink: /home/ubuntu/px4_ros2_ws/install/px4_msgs/local/lib/python3.10/dist-packages/px4_msgs/msg/_follow_target.py\n'}
[5.149717] (px4_msgs) StdoutLine: {'line': b'-- Up-to-date symlink: /home/ubuntu/px4_ros2_ws/install/px4_msgs/local/lib/python3.10/dist-packages/px4_msgs/msg/_follow_target_estimator.py\n'}
[5.149762] (px4_msgs) StdoutLine: {'line': b'-- Up-to-date symlink: /home/ubuntu/px4_ros2_ws/install/px4_msgs/local/lib/python3.10/dist-packages/px4_msgs/msg/_follow_target_estimator_s.c\n'}
[5.149808] (px4_msgs) StdoutLine: {'line': b'-- Up-to-date symlink: /home/ubuntu/px4_ros2_ws/install/px4_msgs/local/lib/python3.10/dist-packages/px4_msgs/msg/_follow_target_s.c\n'}
[5.149857] (px4_msgs) StdoutLine: {'line': b'-- Up-to-date symlink: /home/ubuntu/px4_ros2_ws/install/px4_msgs/local/lib/python3.10/dist-packages/px4_msgs/msg/_follow_target_status.py\n'}
[5.149901] (px4_msgs) StdoutLine: {'line': b'-- Up-to-date symlink: /home/ubuntu/px4_ros2_ws/install/px4_msgs/local/lib/python3.10/dist-packages/px4_msgs/msg/_follow_target_status_s.c\n'}
[5.149994] (px4_msgs) StdoutLine: {'line': b'-- Up-to-date symlink: /home/ubuntu/px4_ros2_ws/install/px4_msgs/local/lib/python3.10/dist-packages/px4_msgs/msg/_fuel_tank_status.py\n'}
[5.150051] (px4_msgs) StdoutLine: {'line': b'-- Up-to-date symlink: /home/ubuntu/px4_ros2_ws/install/px4_msgs/local/lib/python3.10/dist-packages/px4_msgs/msg/_fuel_tank_status_s.c\n'}
[5.150096] (px4_msgs) StdoutLine: {'line': b'-- Up-to-date symlink: /home/ubuntu/px4_ros2_ws/install/px4_msgs/local/lib/python3.10/dist-packages/px4_msgs/msg/_gain_compression.py\n'}
[5.150143] (px4_msgs) StdoutLine: {'line': b'-- Up-to-date symlink: /home/ubuntu/px4_ros2_ws/install/px4_msgs/local/lib/python3.10/dist-packages/px4_msgs/msg/_gain_compression_s.c\n'}
[5.150194] (px4_msgs) StdoutLine: {'line': b'-- Up-to-date symlink: /home/ubuntu/px4_ros2_ws/install/px4_msgs/local/lib/python3.10/dist-packages/px4_msgs/msg/_generator_status.py\n'}
[5.150246] (px4_msgs) StdoutLine: {'line': b'-- Up-to-date symlink: /home/ubuntu/px4_ros2_ws/install/px4_msgs/local/lib/python3.10/dist-packages/px4_msgs/msg/_generator_status_s.c\n'}
[5.150297] (px4_msgs) StdoutLine: {'line': b'-- Up-to-date symlink: /home/ubuntu/px4_ros2_ws/install/px4_msgs/local/lib/python3.10/dist-packages/px4_msgs/msg/_geofence_result.py\n'}
[5.150350] (px4_msgs) StdoutLine: {'line': b'-- Up-to-date symlink: /home/ubuntu/px4_ros2_ws/install/px4_msgs/local/lib/python3.10/dist-packages/px4_msgs/msg/_geofence_result_s.c\n'}
[5.150403] (px4_msgs) StdoutLine: {'line': b'-- Up-to-date symlink: /home/ubuntu/px4_ros2_ws/install/px4_msgs/local/lib/python3.10/dist-packages/px4_msgs/msg/_geofence_status.py\n'}
[5.150469] (px4_msgs) StdoutLine: {'line': b'-- Up-to-date symlink: /home/ubuntu/px4_ros2_ws/install/px4_msgs/local/lib/python3.10/dist-packages/px4_msgs/msg/_geofence_status_s.c\n'}
[5.150525] (px4_msgs) StdoutLine: {'line': b'-- Up-to-date symlink: /home/ubuntu/px4_ros2_ws/install/px4_msgs/local/lib/python3.10/dist-packages/px4_msgs/msg/_gimbal_controls.py\n'}
[5.150580] (px4_msgs) StdoutLine: {'line': b'-- Up-to-date symlink: /home/ubuntu/px4_ros2_ws/install/px4_msgs/local/lib/python3.10/dist-packages/px4_msgs/msg/_gimbal_controls_s.c\n'}
[5.150636] (px4_msgs) StdoutLine: {'line': b'-- Up-to-date symlink: /home/ubuntu/px4_ros2_ws/install/px4_msgs/local/lib/python3.10/dist-packages/px4_msgs/msg/_gimbal_device_attitude_status.py\n'}
[5.150690] (px4_msgs) StdoutLine: {'line': b'-- Up-to-date symlink: /home/ubuntu/px4_ros2_ws/install/px4_msgs/local/lib/python3.10/dist-packages/px4_msgs/msg/_gimbal_device_attitude_status_s.c\n'}
[5.150745] (px4_msgs) StdoutLine: {'line': b'-- Up-to-date symlink: /home/ubuntu/px4_ros2_ws/install/px4_msgs/local/lib/python3.10/dist-packages/px4_msgs/msg/_gimbal_device_information.py\n'}
[5.150799] (px4_msgs) StdoutLine: {'line': b'-- Up-to-date symlink: /home/ubuntu/px4_ros2_ws/install/px4_msgs/local/lib/python3.10/dist-packages/px4_msgs/msg/_gimbal_device_information_s.c\n'}
[5.150857] (px4_msgs) StdoutLine: {'line': b'-- Up-to-date symlink: /home/ubuntu/px4_ros2_ws/install/px4_msgs/local/lib/python3.10/dist-packages/px4_msgs/msg/_gimbal_device_set_attitude.py\n'}
[5.150913] (px4_msgs) StdoutLine: {'line': b'-- Up-to-date symlink: /home/ubuntu/px4_ros2_ws/install/px4_msgs/local/lib/python3.10/dist-packages/px4_msgs/msg/_gimbal_device_set_attitude_s.c\n'}
[5.150965] (px4_msgs) StdoutLine: {'line': b'-- Up-to-date symlink: /home/ubuntu/px4_ros2_ws/install/px4_msgs/local/lib/python3.10/dist-packages/px4_msgs/msg/_gimbal_manager_information.py\n'}
[5.151045] (px4_msgs) StdoutLine: {'line': b'-- Up-to-date symlink: /home/ubuntu/px4_ros2_ws/install/px4_msgs/local/lib/python3.10/dist-packages/px4_msgs/msg/_gimbal_manager_information_s.c\n'}
[5.151089] (px4_msgs) StdoutLine: {'line': b'-- Up-to-date symlink: /home/ubuntu/px4_ros2_ws/install/px4_msgs/local/lib/python3.10/dist-packages/px4_msgs/msg/_gimbal_manager_set_attitude.py\n'}
[5.151135] (px4_msgs) StdoutLine: {'line': b'-- Up-to-date symlink: /home/ubuntu/px4_ros2_ws/install/px4_msgs/local/lib/python3.10/dist-packages/px4_msgs/msg/_gimbal_manager_set_attitude_s.c\n'}
[5.151188] (px4_msgs) StdoutLine: {'line': b'-- Up-to-date symlink: /home/ubuntu/px4_ros2_ws/install/px4_msgs/local/lib/python3.10/dist-packages/px4_msgs/msg/_gimbal_manager_set_manual_control.py\n'}
[5.151239] (px4_msgs) StdoutLine: {'line': b'-- Up-to-date symlink: /home/ubuntu/px4_ros2_ws/install/px4_msgs/local/lib/python3.10/dist-packages/px4_msgs/msg/_gimbal_manager_set_manual_control_s.c\n'}
[5.151291] (px4_msgs) StdoutLine: {'line': b'-- Up-to-date symlink: /home/ubuntu/px4_ros2_ws/install/px4_msgs/local/lib/python3.10/dist-packages/px4_msgs/msg/_gimbal_manager_status.py\n'}
[5.151343] (px4_msgs) StdoutLine: {'line': b'-- Up-to-date symlink: /home/ubuntu/px4_ros2_ws/install/px4_msgs/local/lib/python3.10/dist-packages/px4_msgs/msg/_gimbal_manager_status_s.c\n'}
[5.151396] (px4_msgs) StdoutLine: {'line': b'-- Up-to-date symlink: /home/ubuntu/px4_ros2_ws/install/px4_msgs/local/lib/python3.10/dist-packages/px4_msgs/msg/_goto_setpoint.py\n'}
[5.151446] (px4_msgs) StdoutLine: {'line': b'-- Up-to-date symlink: /home/ubuntu/px4_ros2_ws/install/px4_msgs/local/lib/python3.10/dist-packages/px4_msgs/msg/_goto_setpoint_s.c\n'}
[5.151505] (px4_msgs) StdoutLine: {'line': b'-- Up-to-date symlink: /home/ubuntu/px4_ros2_ws/install/px4_msgs/local/lib/python3.10/dist-packages/px4_msgs/msg/_gpio_config.py\n'}
[5.151557] (px4_msgs) StdoutLine: {'line': b'-- Up-to-date symlink: /home/ubuntu/px4_ros2_ws/install/px4_msgs/local/lib/python3.10/dist-packages/px4_msgs/msg/_gpio_config_s.c\n'}
[5.151611] (px4_msgs) StdoutLine: {'line': b'-- Up-to-date symlink: /home/ubuntu/px4_ros2_ws/install/px4_msgs/local/lib/python3.10/dist-packages/px4_msgs/msg/_gpio_in.py\n'}
[5.151668] (px4_msgs) StdoutLine: {'line': b'-- Up-to-date symlink: /home/ubuntu/px4_ros2_ws/install/px4_msgs/local/lib/python3.10/dist-packages/px4_msgs/msg/_gpio_in_s.c\n'}
[5.151719] (px4_msgs) StdoutLine: {'line': b'-- Up-to-date symlink: /home/ubuntu/px4_ros2_ws/install/px4_msgs/local/lib/python3.10/dist-packages/px4_msgs/msg/_gpio_out.py\n'}
[5.151771] (px4_msgs) StdoutLine: {'line': b'-- Up-to-date symlink: /home/ubuntu/px4_ros2_ws/install/px4_msgs/local/lib/python3.10/dist-packages/px4_msgs/msg/_gpio_out_s.c\n'}
[5.151828] (px4_msgs) StdoutLine: {'line': b'-- Up-to-date symlink: /home/ubuntu/px4_ros2_ws/install/px4_msgs/local/lib/python3.10/dist-packages/px4_msgs/msg/_gpio_request.py\n'}
[5.151881] (px4_msgs) StdoutLine: {'line': b'-- Up-to-date symlink: /home/ubuntu/px4_ros2_ws/install/px4_msgs/local/lib/python3.10/dist-packages/px4_msgs/msg/_gpio_request_s.c\n'}
[5.151938] (px4_msgs) StdoutLine: {'line': b'-- Up-to-date symlink: /home/ubuntu/px4_ros2_ws/install/px4_msgs/local/lib/python3.10/dist-packages/px4_msgs/msg/_gps_dump.py\n'}
[5.151989] (px4_msgs) StdoutLine: {'line': b'-- Up-to-date symlink: /home/ubuntu/px4_ros2_ws/install/px4_msgs/local/lib/python3.10/dist-packages/px4_msgs/msg/_gps_dump_s.c\n'}
[5.152047] (px4_msgs) StdoutLine: {'line': b'-- Up-to-date symlink: /home/ubuntu/px4_ros2_ws/install/px4_msgs/local/lib/python3.10/dist-packages/px4_msgs/msg/_gripper.py\n'}
[5.152102] (px4_msgs) StdoutLine: {'line': b'-- Up-to-date symlink: /home/ubuntu/px4_ros2_ws/install/px4_msgs/local/lib/python3.10/dist-packages/px4_msgs/msg/_gripper_s.c\n'}
[5.152152] (px4_msgs) StdoutLine: {'line': b'-- Up-to-date symlink: /home/ubuntu/px4_ros2_ws/install/px4_msgs/local/lib/python3.10/dist-packages/px4_msgs/msg/_health_report.py\n'}
[5.152209] (px4_msgs) StdoutLine: {'line': b'-- Up-to-date symlink: /home/ubuntu/px4_ros2_ws/install/px4_msgs/local/lib/python3.10/dist-packages/px4_msgs/msg/_health_report_s.c\n'}
[5.152259] (px4_msgs) StdoutLine: {'line': b'-- Up-to-date symlink: /home/ubuntu/px4_ros2_ws/install/px4_msgs/local/lib/python3.10/dist-packages/px4_msgs/msg/_heater_status.py\n'}
[5.152310] (px4_msgs) StdoutLine: {'line': b'-- Up-to-date symlink: /home/ubuntu/px4_ros2_ws/install/px4_msgs/local/lib/python3.10/dist-packages/px4_msgs/msg/_heater_status_s.c\n'}
[5.152368] (px4_msgs) StdoutLine: {'line': b'-- Up-to-date symlink: /home/ubuntu/px4_ros2_ws/install/px4_msgs/local/lib/python3.10/dist-packages/px4_msgs/msg/_home_position.py\n'}
[5.152420] (px4_msgs) StdoutLine: {'line': b'-- Up-to-date symlink: /home/ubuntu/px4_ros2_ws/install/px4_msgs/local/lib/python3.10/dist-packages/px4_msgs/msg/_home_position_s.c\n'}
[5.152482] (px4_msgs) StdoutLine: {'line': b'-- Up-to-date symlink: /home/ubuntu/px4_ros2_ws/install/px4_msgs/local/lib/python3.10/dist-packages/px4_msgs/msg/_hover_thrust_estimate.py\n'}
[5.152542] (px4_msgs) StdoutLine: {'line': b'-- Up-to-date symlink: /home/ubuntu/px4_ros2_ws/install/px4_msgs/local/lib/python3.10/dist-packages/px4_msgs/msg/_hover_thrust_estimate_s.c\n'}
[5.152592] (px4_msgs) StdoutLine: {'line': b'-- Up-to-date symlink: /home/ubuntu/px4_ros2_ws/install/px4_msgs/local/lib/python3.10/dist-packages/px4_msgs/msg/_input_rc.py\n'}
[5.152643] (px4_msgs) StdoutLine: {'line': b'-- Up-to-date symlink: /home/ubuntu/px4_ros2_ws/install/px4_msgs/local/lib/python3.10/dist-packages/px4_msgs/msg/_input_rc_s.c\n'}
[5.152701] (px4_msgs) StdoutLine: {'line': b'-- Up-to-date symlink: /home/ubuntu/px4_ros2_ws/install/px4_msgs/local/lib/python3.10/dist-packages/px4_msgs/msg/_internal_combustion_engine_control.py\n'}
[5.152754] (px4_msgs) StdoutLine: {'line': b'-- Up-to-date symlink: /home/ubuntu/px4_ros2_ws/install/px4_msgs/local/lib/python3.10/dist-packages/px4_msgs/msg/_internal_combustion_engine_control_s.c\n'}
[5.152807] (px4_msgs) StdoutLine: {'line': b'-- Up-to-date symlink: /home/ubuntu/px4_ros2_ws/install/px4_msgs/local/lib/python3.10/dist-packages/px4_msgs/msg/_internal_combustion_engine_status.py\n'}
[5.152860] (px4_msgs) StdoutLine: {'line': b'-- Up-to-date symlink: /home/ubuntu/px4_ros2_ws/install/px4_msgs/local/lib/python3.10/dist-packages/px4_msgs/msg/_internal_combustion_engine_status_s.c\n'}
[5.152924] (px4_msgs) StdoutLine: {'line': b'-- Up-to-date symlink: /home/ubuntu/px4_ros2_ws/install/px4_msgs/local/lib/python3.10/dist-packages/px4_msgs/msg/_iridiumsbd_status.py\n'}
[5.152968] (px4_msgs) StdoutLine: {'line': b'-- Up-to-date symlink: /home/ubuntu/px4_ros2_ws/install/px4_msgs/local/lib/python3.10/dist-packages/px4_msgs/msg/_iridiumsbd_status_s.c\n'}
[5.153019] (px4_msgs) StdoutLine: {'line': b'-- Up-to-date symlink: /home/ubuntu/px4_ros2_ws/install/px4_msgs/local/lib/python3.10/dist-packages/px4_msgs/msg/_irlock_report.py\n'}
[5.153070] (px4_msgs) StdoutLine: {'line': b'-- Up-to-date symlink: /home/ubuntu/px4_ros2_ws/install/px4_msgs/local/lib/python3.10/dist-packages/px4_msgs/msg/_irlock_report_s.c\n'}
[5.153121] (px4_msgs) StdoutLine: {'line': b'-- Up-to-date symlink: /home/ubuntu/px4_ros2_ws/install/px4_msgs/local/lib/python3.10/dist-packages/px4_msgs/msg/_landing_gear.py\n'}
[5.153171] (px4_msgs) StdoutLine: {'line': b'-- Up-to-date symlink: /home/ubuntu/px4_ros2_ws/install/px4_msgs/local/lib/python3.10/dist-packages/px4_msgs/msg/_landing_gear_s.c\n'}
[5.153222] (px4_msgs) StdoutLine: {'line': b'-- Up-to-date symlink: /home/ubuntu/px4_ros2_ws/install/px4_msgs/local/lib/python3.10/dist-packages/px4_msgs/msg/_landing_gear_wheel.py\n'}
[5.153273] (px4_msgs) StdoutLine: {'line': b'-- Up-to-date symlink: /home/ubuntu/px4_ros2_ws/install/px4_msgs/local/lib/python3.10/dist-packages/px4_msgs/msg/_landing_gear_wheel_s.c\n'}
[5.153324] (px4_msgs) StdoutLine: {'line': b'-- Up-to-date symlink: /home/ubuntu/px4_ros2_ws/install/px4_msgs/local/lib/python3.10/dist-packages/px4_msgs/msg/_landing_target_innovations.py\n'}
[5.153377] (px4_msgs) StdoutLine: {'line': b'-- Up-to-date symlink: /home/ubuntu/px4_ros2_ws/install/px4_msgs/local/lib/python3.10/dist-packages/px4_msgs/msg/_landing_target_innovations_s.c\n'}
[5.153428] (px4_msgs) StdoutLine: {'line': b'-- Up-to-date symlink: /home/ubuntu/px4_ros2_ws/install/px4_msgs/local/lib/python3.10/dist-packages/px4_msgs/msg/_landing_target_pose.py\n'}
[5.153486] (px4_msgs) StdoutLine: {'line': b'-- Up-to-date symlink: /home/ubuntu/px4_ros2_ws/install/px4_msgs/local/lib/python3.10/dist-packages/px4_msgs/msg/_landing_target_pose_s.c\n'}
[5.153538] (px4_msgs) StdoutLine: {'line': b'-- Up-to-date symlink: /home/ubuntu/px4_ros2_ws/install/px4_msgs/local/lib/python3.10/dist-packages/px4_msgs/msg/_lateral_control_configuration.py\n'}
[5.153590] (px4_msgs) StdoutLine: {'line': b'-- Up-to-date symlink: /home/ubuntu/px4_ros2_ws/install/px4_msgs/local/lib/python3.10/dist-packages/px4_msgs/msg/_lateral_control_configuration_s.c\n'}
[5.153641] (px4_msgs) StdoutLine: {'line': b'-- Up-to-date symlink: /home/ubuntu/px4_ros2_ws/install/px4_msgs/local/lib/python3.10/dist-packages/px4_msgs/msg/_launch_detection_status.py\n'}
[5.153693] (px4_msgs) StdoutLine: {'line': b'-- Up-to-date symlink: /home/ubuntu/px4_ros2_ws/install/px4_msgs/local/lib/python3.10/dist-packages/px4_msgs/msg/_launch_detection_status_s.c\n'}
[5.153745] (px4_msgs) StdoutLine: {'line': b'-- Up-to-date symlink: /home/ubuntu/px4_ros2_ws/install/px4_msgs/local/lib/python3.10/dist-packages/px4_msgs/msg/_led_control.py\n'}
[5.153797] (px4_msgs) StdoutLine: {'line': b'-- Up-to-date symlink: /home/ubuntu/px4_ros2_ws/install/px4_msgs/local/lib/python3.10/dist-packages/px4_msgs/msg/_led_control_s.c\n'}
[5.153846] (px4_msgs) StdoutLine: {'line': b'-- Up-to-date symlink: /home/ubuntu/px4_ros2_ws/install/px4_msgs/local/lib/python3.10/dist-packages/px4_msgs/msg/_log_message.py\n'}
[5.153896] (px4_msgs) StdoutLine: {'line': b'-- Up-to-date symlink: /home/ubuntu/px4_ros2_ws/install/px4_msgs/local/lib/python3.10/dist-packages/px4_msgs/msg/_log_message_s.c\n'}
[5.153946] (px4_msgs) StdoutLine: {'line': b'-- Up-to-date symlink: /home/ubuntu/px4_ros2_ws/install/px4_msgs/local/lib/python3.10/dist-packages/px4_msgs/msg/_logger_status.py\n'}
[5.153997] (px4_msgs) StdoutLine: {'line': b'-- Up-to-date symlink: /home/ubuntu/px4_ros2_ws/install/px4_msgs/local/lib/python3.10/dist-packages/px4_msgs/msg/_logger_status_s.c\n'}
[5.154048] (px4_msgs) StdoutLine: {'line': b'-- Up-to-date symlink: /home/ubuntu/px4_ros2_ws/install/px4_msgs/local/lib/python3.10/dist-packages/px4_msgs/msg/_longitudinal_control_configuration.py\n'}
[5.154102] (px4_msgs) StdoutLine: {'line': b'-- Up-to-date symlink: /home/ubuntu/px4_ros2_ws/install/px4_msgs/local/lib/python3.10/dist-packages/px4_msgs/msg/_longitudinal_control_configuration_s.c\n'}
[5.154153] (px4_msgs) StdoutLine: {'line': b'-- Up-to-date symlink: /home/ubuntu/px4_ros2_ws/install/px4_msgs/local/lib/python3.10/dist-packages/px4_msgs/msg/_mag_worker_data.py\n'}
[5.154205] (px4_msgs) StdoutLine: {'line': b'-- Up-to-date symlink: /home/ubuntu/px4_ros2_ws/install/px4_msgs/local/lib/python3.10/dist-packages/px4_msgs/msg/_mag_worker_data_s.c\n'}
[5.154257] (px4_msgs) StdoutLine: {'line': b'-- Up-to-date symlink: /home/ubuntu/px4_ros2_ws/install/px4_msgs/local/lib/python3.10/dist-packages/px4_msgs/msg/_magnetometer_bias_estimate.py\n'}
[5.154308] (px4_msgs) StdoutLine: {'line': b'-- Up-to-date symlink: /home/ubuntu/px4_ros2_ws/install/px4_msgs/local/lib/python3.10/dist-packages/px4_msgs/msg/_magnetometer_bias_estimate_s.c\n'}
[5.154360] (px4_msgs) StdoutLine: {'line': b'-- Up-to-date symlink: /home/ubuntu/px4_ros2_ws/install/px4_msgs/local/lib/python3.10/dist-packages/px4_msgs/msg/_manual_control_setpoint.py\n'}
[5.154409] (px4_msgs) StdoutLine: {'line': b'-- Up-to-date symlink: /home/ubuntu/px4_ros2_ws/install/px4_msgs/local/lib/python3.10/dist-packages/px4_msgs/msg/_manual_control_setpoint_s.c\n'}
[5.154465] (px4_msgs) StdoutLine: {'line': b'-- Up-to-date symlink: /home/ubuntu/px4_ros2_ws/install/px4_msgs/local/lib/python3.10/dist-packages/px4_msgs/msg/_manual_control_switches.py\n'}
[5.154514] (px4_msgs) StdoutLine: {'line': b'-- Up-to-date symlink: /home/ubuntu/px4_ros2_ws/install/px4_msgs/local/lib/python3.10/dist-packages/px4_msgs/msg/_manual_control_switches_s.c\n'}
[5.154565] (px4_msgs) StdoutLine: {'line': b'-- Up-to-date symlink: /home/ubuntu/px4_ros2_ws/install/px4_msgs/local/lib/python3.10/dist-packages/px4_msgs/msg/_mavlink_log.py\n'}
[5.154616] (px4_msgs) StdoutLine: {'line': b'-- Up-to-date symlink: /home/ubuntu/px4_ros2_ws/install/px4_msgs/local/lib/python3.10/dist-packages/px4_msgs/msg/_mavlink_log_s.c\n'}
[5.154666] (px4_msgs) StdoutLine: {'line': b'-- Up-to-date symlink: /home/ubuntu/px4_ros2_ws/install/px4_msgs/local/lib/python3.10/dist-packages/px4_msgs/msg/_mavlink_tunnel.py\n'}
[5.154716] (px4_msgs) StdoutLine: {'line': b'-- Up-to-date symlink: /home/ubuntu/px4_ros2_ws/install/px4_msgs/local/lib/python3.10/dist-packages/px4_msgs/msg/_mavlink_tunnel_s.c\n'}
[5.154767] (px4_msgs) StdoutLine: {'line': b'-- Up-to-date symlink: /home/ubuntu/px4_ros2_ws/install/px4_msgs/local/lib/python3.10/dist-packages/px4_msgs/msg/_message_format_request.py\n'}
[5.154817] (px4_msgs) StdoutLine: {'line': b'-- Up-to-date symlink: /home/ubuntu/px4_ros2_ws/install/px4_msgs/local/lib/python3.10/dist-packages/px4_msgs/msg/_message_format_request_s.c\n'}
[5.154867] (px4_msgs) StdoutLine: {'line': b'-- Up-to-date symlink: /home/ubuntu/px4_ros2_ws/install/px4_msgs/local/lib/python3.10/dist-packages/px4_msgs/msg/_message_format_response.py\n'}
[5.154926] (px4_msgs) StdoutLine: {'line': b'-- Up-to-date symlink: /home/ubuntu/px4_ros2_ws/install/px4_msgs/local/lib/python3.10/dist-packages/px4_msgs/msg/_message_format_response_s.c\n'}
[5.154975] (px4_msgs) StdoutLine: {'line': b'-- Up-to-date symlink: /home/ubuntu/px4_ros2_ws/install/px4_msgs/local/lib/python3.10/dist-packages/px4_msgs/msg/_mission.py\n'}
[5.155026] (px4_msgs) StdoutLine: {'line': b'-- Up-to-date symlink: /home/ubuntu/px4_ros2_ws/install/px4_msgs/local/lib/python3.10/dist-packages/px4_msgs/msg/_mission_result.py\n'}
[5.155080] (px4_msgs) StdoutLine: {'line': b'-- Up-to-date symlink: /home/ubuntu/px4_ros2_ws/install/px4_msgs/local/lib/python3.10/dist-packages/px4_msgs/msg/_mission_result_s.c\n'}
[5.155129] (px4_msgs) StdoutLine: {'line': b'-- Up-to-date symlink: /home/ubuntu/px4_ros2_ws/install/px4_msgs/local/lib/python3.10/dist-packages/px4_msgs/msg/_mission_s.c\n'}
[5.155182] (px4_msgs) StdoutLine: {'line': b'-- Up-to-date symlink: /home/ubuntu/px4_ros2_ws/install/px4_msgs/local/lib/python3.10/dist-packages/px4_msgs/msg/_mode_completed.py\n'}
[5.155233] (px4_msgs) StdoutLine: {'line': b'-- Up-to-date symlink: /home/ubuntu/px4_ros2_ws/install/px4_msgs/local/lib/python3.10/dist-packages/px4_msgs/msg/_mode_completed_s.c\n'}
[5.155291] (px4_msgs) StdoutLine: {'line': b'-- Up-to-date symlink: /home/ubuntu/px4_ros2_ws/install/px4_msgs/local/lib/python3.10/dist-packages/px4_msgs/msg/_mount_orientation.py\n'}
[5.155347] (px4_msgs) StdoutLine: {'line': b'-- Up-to-date symlink: /home/ubuntu/px4_ros2_ws/install/px4_msgs/local/lib/python3.10/dist-packages/px4_msgs/msg/_mount_orientation_s.c\n'}
[5.155399] (px4_msgs) StdoutLine: {'line': b'-- Up-to-date symlink: /home/ubuntu/px4_ros2_ws/install/px4_msgs/local/lib/python3.10/dist-packages/px4_msgs/msg/_navigator_mission_item.py\n'}
[5.155455] (px4_msgs) StdoutLine: {'line': b'-- Up-to-date symlink: /home/ubuntu/px4_ros2_ws/install/px4_msgs/local/lib/python3.10/dist-packages/px4_msgs/msg/_navigator_mission_item_s.c\n'}
[5.155521] (px4_msgs) StdoutLine: {'line': b'-- Up-to-date symlink: /home/ubuntu/px4_ros2_ws/install/px4_msgs/local/lib/python3.10/dist-packages/px4_msgs/msg/_navigator_status.py\n'}
[5.155577] (px4_msgs) StdoutLine: {'line': b'-- Up-to-date symlink: /home/ubuntu/px4_ros2_ws/install/px4_msgs/local/lib/python3.10/dist-packages/px4_msgs/msg/_navigator_status_s.c\n'}
[5.155636] (px4_msgs) StdoutLine: {'line': b'-- Up-to-date symlink: /home/ubuntu/px4_ros2_ws/install/px4_msgs/local/lib/python3.10/dist-packages/px4_msgs/msg/_neural_control.py\n'}
[5.155696] (px4_msgs) StdoutLine: {'line': b'-- Up-to-date symlink: /home/ubuntu/px4_ros2_ws/install/px4_msgs/local/lib/python3.10/dist-packages/px4_msgs/msg/_neural_control_s.c\n'}
[5.155753] (px4_msgs) StdoutLine: {'line': b'-- Up-to-date symlink: /home/ubuntu/px4_ros2_ws/install/px4_msgs/local/lib/python3.10/dist-packages/px4_msgs/msg/_normalized_unsigned_setpoint.py\n'}
[5.155803] (px4_msgs) StdoutLine: {'line': b'-- Up-to-date symlink: /home/ubuntu/px4_ros2_ws/install/px4_msgs/local/lib/python3.10/dist-packages/px4_msgs/msg/_normalized_unsigned_setpoint_s.c\n'}
[5.155854] (px4_msgs) StdoutLine: {'line': b'-- Up-to-date symlink: /home/ubuntu/px4_ros2_ws/install/px4_msgs/local/lib/python3.10/dist-packages/px4_msgs/msg/_obstacle_distance.py\n'}
[5.155919] (px4_msgs) StdoutLine: {'line': b'-- Up-to-date symlink: /home/ubuntu/px4_ros2_ws/install/px4_msgs/local/lib/python3.10/dist-packages/px4_msgs/msg/_obstacle_distance_s.c\n'}
[5.155971] (px4_msgs) StdoutLine: {'line': b'-- Up-to-date symlink: /home/ubuntu/px4_ros2_ws/install/px4_msgs/local/lib/python3.10/dist-packages/px4_msgs/msg/_offboard_control_mode.py\n'}
[5.156028] (px4_msgs) StdoutLine: {'line': b'-- Up-to-date symlink: /home/ubuntu/px4_ros2_ws/install/px4_msgs/local/lib/python3.10/dist-packages/px4_msgs/msg/_offboard_control_mode_s.c\n'}
[5.156083] (px4_msgs) StdoutLine: {'line': b'-- Up-to-date symlink: /home/ubuntu/px4_ros2_ws/install/px4_msgs/local/lib/python3.10/dist-packages/px4_msgs/msg/_onboard_computer_status.py\n'}
[5.156137] (px4_msgs) StdoutLine: {'line': b'-- Up-to-date symlink: /home/ubuntu/px4_ros2_ws/install/px4_msgs/local/lib/python3.10/dist-packages/px4_msgs/msg/_onboard_computer_status_s.c\n'}
[5.156198] (px4_msgs) StdoutLine: {'line': b'-- Up-to-date symlink: /home/ubuntu/px4_ros2_ws/install/px4_msgs/local/lib/python3.10/dist-packages/px4_msgs/msg/_open_drone_id_arm_status.py\n'}
[5.156254] (px4_msgs) StdoutLine: {'line': b'-- Up-to-date symlink: /home/ubuntu/px4_ros2_ws/install/px4_msgs/local/lib/python3.10/dist-packages/px4_msgs/msg/_open_drone_id_arm_status_s.c\n'}
[5.156313] (px4_msgs) StdoutLine: {'line': b'-- Up-to-date symlink: /home/ubuntu/px4_ros2_ws/install/px4_msgs/local/lib/python3.10/dist-packages/px4_msgs/msg/_open_drone_id_basic_id.py\n'}
[5.156370] (px4_msgs) StdoutLine: {'line': b'-- Up-to-date symlink: /home/ubuntu/px4_ros2_ws/install/px4_msgs/local/lib/python3.10/dist-packages/px4_msgs/msg/_open_drone_id_basic_id_s.c\n'}
[5.156431] (px4_msgs) StdoutLine: {'line': b'-- Up-to-date symlink: /home/ubuntu/px4_ros2_ws/install/px4_msgs/local/lib/python3.10/dist-packages/px4_msgs/msg/_open_drone_id_operator_id.py\n'}
[5.156539] (px4_msgs) StdoutLine: {'line': b'-- Up-to-date symlink: /home/ubuntu/px4_ros2_ws/install/px4_msgs/local/lib/python3.10/dist-packages/px4_msgs/msg/_open_drone_id_operator_id_s.c\n'}
[5.156585] (px4_msgs) StdoutLine: {'line': b'-- Up-to-date symlink: /home/ubuntu/px4_ros2_ws/install/px4_msgs/local/lib/python3.10/dist-packages/px4_msgs/msg/_open_drone_id_self_id.py\n'}
[5.156628] (px4_msgs) StdoutLine: {'line': b'-- Up-to-date symlink: /home/ubuntu/px4_ros2_ws/install/px4_msgs/local/lib/python3.10/dist-packages/px4_msgs/msg/_open_drone_id_self_id_s.c\n'}
[5.156717] (px4_msgs) StdoutLine: {'line': b'-- Up-to-date symlink: /home/ubuntu/px4_ros2_ws/install/px4_msgs/local/lib/python3.10/dist-packages/px4_msgs/msg/_open_drone_id_system.py\n'}
[5.156771] (px4_msgs) StdoutLine: {'line': b'-- Up-to-date symlink: /home/ubuntu/px4_ros2_ws/install/px4_msgs/local/lib/python3.10/dist-packages/px4_msgs/msg/_open_drone_id_system_s.c\n'}
[5.156814] (px4_msgs) StdoutLine: {'line': b'-- Up-to-date symlink: /home/ubuntu/px4_ros2_ws/install/px4_msgs/local/lib/python3.10/dist-packages/px4_msgs/msg/_orb_test.py\n'}
[5.156859] (px4_msgs) StdoutLine: {'line': b'-- Up-to-date symlink: /home/ubuntu/px4_ros2_ws/install/px4_msgs/local/lib/python3.10/dist-packages/px4_msgs/msg/_orb_test_large.py\n'}
[5.156900] (px4_msgs) StdoutLine: {'line': b'-- Up-to-date symlink: /home/ubuntu/px4_ros2_ws/install/px4_msgs/local/lib/python3.10/dist-packages/px4_msgs/msg/_orb_test_large_s.c\n'}
[5.156942] (px4_msgs) StdoutLine: {'line': b'-- Up-to-date symlink: /home/ubuntu/px4_ros2_ws/install/px4_msgs/local/lib/python3.10/dist-packages/px4_msgs/msg/_orb_test_medium.py\n'}
[5.156987] (px4_msgs) StdoutLine: {'line': b'-- Up-to-date symlink: /home/ubuntu/px4_ros2_ws/install/px4_msgs/local/lib/python3.10/dist-packages/px4_msgs/msg/_orb_test_medium_s.c\n'}
[5.157027] (px4_msgs) StdoutLine: {'line': b'-- Up-to-date symlink: /home/ubuntu/px4_ros2_ws/install/px4_msgs/local/lib/python3.10/dist-packages/px4_msgs/msg/_orb_test_s.c\n'}
[5.157083] (px4_msgs) StdoutLine: {'line': b'-- Up-to-date symlink: /home/ubuntu/px4_ros2_ws/install/px4_msgs/local/lib/python3.10/dist-packages/px4_msgs/msg/_orbit_status.py\n'}
[5.157134] (px4_msgs) StdoutLine: {'line': b'-- Up-to-date symlink: /home/ubuntu/px4_ros2_ws/install/px4_msgs/local/lib/python3.10/dist-packages/px4_msgs/msg/_orbit_status_s.c\n'}
[5.157179] (px4_msgs) StdoutLine: {'line': b'-- Up-to-date symlink: /home/ubuntu/px4_ros2_ws/install/px4_msgs/local/lib/python3.10/dist-packages/px4_msgs/msg/_parameter_reset_request.py\n'}
[5.157226] (px4_msgs) StdoutLine: {'line': b'-- Up-to-date symlink: /home/ubuntu/px4_ros2_ws/install/px4_msgs/local/lib/python3.10/dist-packages/px4_msgs/msg/_parameter_reset_request_s.c\n'}
[5.157274] (px4_msgs) StdoutLine: {'line': b'-- Up-to-date symlink: /home/ubuntu/px4_ros2_ws/install/px4_msgs/local/lib/python3.10/dist-packages/px4_msgs/msg/_parameter_set_used_request.py\n'}
[5.157329] (px4_msgs) StdoutLine: {'line': b'-- Up-to-date symlink: /home/ubuntu/px4_ros2_ws/install/px4_msgs/local/lib/python3.10/dist-packages/px4_msgs/msg/_parameter_set_used_request_s.c\n'}
[5.157378] (px4_msgs) StdoutLine: {'line': b'-- Up-to-date symlink: /home/ubuntu/px4_ros2_ws/install/px4_msgs/local/lib/python3.10/dist-packages/px4_msgs/msg/_parameter_set_value_request.py\n'}
[5.157427] (px4_msgs) StdoutLine: {'line': b'-- Up-to-date symlink: /home/ubuntu/px4_ros2_ws/install/px4_msgs/local/lib/python3.10/dist-packages/px4_msgs/msg/_parameter_set_value_request_s.c\n'}
[5.157522] (px4_msgs) StdoutLine: {'line': b'-- Up-to-date symlink: /home/ubuntu/px4_ros2_ws/install/px4_msgs/local/lib/python3.10/dist-packages/px4_msgs/msg/_parameter_set_value_response.py\n'}
[5.157569] (px4_msgs) StdoutLine: {'line': b'-- Up-to-date symlink: /home/ubuntu/px4_ros2_ws/install/px4_msgs/local/lib/python3.10/dist-packages/px4_msgs/msg/_parameter_set_value_response_s.c\n'}
[5.157625] (px4_msgs) StdoutLine: {'line': b'-- Up-to-date symlink: /home/ubuntu/px4_ros2_ws/install/px4_msgs/local/lib/python3.10/dist-packages/px4_msgs/msg/_parameter_update.py\n'}
[5.157679] (px4_msgs) StdoutLine: {'line': b'-- Up-to-date symlink: /home/ubuntu/px4_ros2_ws/install/px4_msgs/local/lib/python3.10/dist-packages/px4_msgs/msg/_parameter_update_s.c\n'}
[5.157738] (px4_msgs) StdoutLine: {'line': b'-- Up-to-date symlink: /home/ubuntu/px4_ros2_ws/install/px4_msgs/local/lib/python3.10/dist-packages/px4_msgs/msg/_ping.py\n'}
[5.157792] (px4_msgs) StdoutLine: {'line': b'-- Up-to-date symlink: /home/ubuntu/px4_ros2_ws/install/px4_msgs/local/lib/python3.10/dist-packages/px4_msgs/msg/_ping_s.c\n'}
[5.157845] (px4_msgs) StdoutLine: {'line': b'-- Up-to-date symlink: /home/ubuntu/px4_ros2_ws/install/px4_msgs/local/lib/python3.10/dist-packages/px4_msgs/msg/_position_controller_landing_status.py\n'}
[5.157902] (px4_msgs) StdoutLine: {'line': b'-- Up-to-date symlink: /home/ubuntu/px4_ros2_ws/install/px4_msgs/local/lib/python3.10/dist-packages/px4_msgs/msg/_position_controller_landing_status_s.c\n'}
[5.157958] (px4_msgs) StdoutLine: {'line': b'-- Up-to-date symlink: /home/ubuntu/px4_ros2_ws/install/px4_msgs/local/lib/python3.10/dist-packages/px4_msgs/msg/_position_controller_status.py\n'}
[5.158043] (px4_msgs) StdoutLine: {'line': b'-- Up-to-date symlink: /home/ubuntu/px4_ros2_ws/install/px4_msgs/local/lib/python3.10/dist-packages/px4_msgs/msg/_position_controller_status_s.c\n'}
[5.158089] (px4_msgs) StdoutLine: {'line': b'-- Up-to-date symlink: /home/ubuntu/px4_ros2_ws/install/px4_msgs/local/lib/python3.10/dist-packages/px4_msgs/msg/_position_setpoint.py\n'}
[5.158139] (px4_msgs) StdoutLine: {'line': b'-- Up-to-date symlink: /home/ubuntu/px4_ros2_ws/install/px4_msgs/local/lib/python3.10/dist-packages/px4_msgs/msg/_position_setpoint_s.c\n'}
[5.158191] (px4_msgs) StdoutLine: {'line': b'-- Up-to-date symlink: /home/ubuntu/px4_ros2_ws/install/px4_msgs/local/lib/python3.10/dist-packages/px4_msgs/msg/_position_setpoint_triplet.py\n'}
[5.158244] (px4_msgs) StdoutLine: {'line': b'-- Up-to-date symlink: /home/ubuntu/px4_ros2_ws/install/px4_msgs/local/lib/python3.10/dist-packages/px4_msgs/msg/_position_setpoint_triplet_s.c\n'}
[5.158299] (px4_msgs) StdoutLine: {'line': b'-- Up-to-date symlink: /home/ubuntu/px4_ros2_ws/install/px4_msgs/local/lib/python3.10/dist-packages/px4_msgs/msg/_power_button_state.py\n'}
[5.158355] (px4_msgs) StdoutLine: {'line': b'-- Up-to-date symlink: /home/ubuntu/px4_ros2_ws/install/px4_msgs/local/lib/python3.10/dist-packages/px4_msgs/msg/_power_button_state_s.c\n'}
[5.158409] (px4_msgs) StdoutLine: {'line': b'-- Up-to-date symlink: /home/ubuntu/px4_ros2_ws/install/px4_msgs/local/lib/python3.10/dist-packages/px4_msgs/msg/_power_monitor.py\n'}
[5.158469] (px4_msgs) StdoutLine: {'line': b'-- Up-to-date symlink: /home/ubuntu/px4_ros2_ws/install/px4_msgs/local/lib/python3.10/dist-packages/px4_msgs/msg/_power_monitor_s.c\n'}
[5.158539] (px4_msgs) StdoutLine: {'line': b'-- Up-to-date symlink: /home/ubuntu/px4_ros2_ws/install/px4_msgs/local/lib/python3.10/dist-packages/px4_msgs/msg/_pps_capture.py\n'}
[5.158598] (px4_msgs) StdoutLine: {'line': b'-- Up-to-date symlink: /home/ubuntu/px4_ros2_ws/install/px4_msgs/local/lib/python3.10/dist-packages/px4_msgs/msg/_pps_capture_s.c\n'}
[5.158668] (px4_msgs) StdoutLine: {'line': b'-- Up-to-date symlink: /home/ubuntu/px4_ros2_ws/install/px4_msgs/local/lib/python3.10/dist-packages/px4_msgs/msg/_prec_land_status.py\n'}
[5.158722] (px4_msgs) StdoutLine: {'line': b'-- Up-to-date symlink: /home/ubuntu/px4_ros2_ws/install/px4_msgs/local/lib/python3.10/dist-packages/px4_msgs/msg/_prec_land_status_s.c\n'}
[5.158769] (px4_msgs) StdoutLine: {'line': b'-- Up-to-date symlink: /home/ubuntu/px4_ros2_ws/install/px4_msgs/local/lib/python3.10/dist-packages/px4_msgs/msg/_pure_pursuit_status.py\n'}
[5.158815] (px4_msgs) StdoutLine: {'line': b'-- Up-to-date symlink: /home/ubuntu/px4_ros2_ws/install/px4_msgs/local/lib/python3.10/dist-packages/px4_msgs/msg/_pure_pursuit_status_s.c\n'}
[5.158870] (px4_msgs) StdoutLine: {'line': b'-- Up-to-date symlink: /home/ubuntu/px4_ros2_ws/install/px4_msgs/local/lib/python3.10/dist-packages/px4_msgs/msg/_pwm_input.py\n'}
[5.158921] (px4_msgs) StdoutLine: {'line': b'-- Up-to-date symlink: /home/ubuntu/px4_ros2_ws/install/px4_msgs/local/lib/python3.10/dist-packages/px4_msgs/msg/_pwm_input_s.c\n'}
[5.158974] (px4_msgs) StdoutLine: {'line': b'-- Up-to-date symlink: /home/ubuntu/px4_ros2_ws/install/px4_msgs/local/lib/python3.10/dist-packages/px4_msgs/msg/_px4io_status.py\n'}
[5.159032] (px4_msgs) StdoutLine: {'line': b'-- Up-to-date symlink: /home/ubuntu/px4_ros2_ws/install/px4_msgs/local/lib/python3.10/dist-packages/px4_msgs/msg/_px4io_status_s.c\n'}
[5.159085] (px4_msgs) StdoutLine: {'line': b'-- Up-to-date symlink: /home/ubuntu/px4_ros2_ws/install/px4_msgs/local/lib/python3.10/dist-packages/px4_msgs/msg/_qshell_req.py\n'}
[5.159143] (px4_msgs) StdoutLine: {'line': b'-- Up-to-date symlink: /home/ubuntu/px4_ros2_ws/install/px4_msgs/local/lib/python3.10/dist-packages/px4_msgs/msg/_qshell_req_s.c\n'}
[5.159193] (px4_msgs) StdoutLine: {'line': b'-- Up-to-date symlink: /home/ubuntu/px4_ros2_ws/install/px4_msgs/local/lib/python3.10/dist-packages/px4_msgs/msg/_qshell_retval.py\n'}
[5.159242] (px4_msgs) StdoutLine: {'line': b'-- Up-to-date symlink: /home/ubuntu/px4_ros2_ws/install/px4_msgs/local/lib/python3.10/dist-packages/px4_msgs/msg/_qshell_retval_s.c\n'}
[5.159293] (px4_msgs) StdoutLine: {'line': b'-- Up-to-date symlink: /home/ubuntu/px4_ros2_ws/install/px4_msgs/local/lib/python3.10/dist-packages/px4_msgs/msg/_radio_status.py\n'}
[5.159349] (px4_msgs) StdoutLine: {'line': b'-- Up-to-date symlink: /home/ubuntu/px4_ros2_ws/install/px4_msgs/local/lib/python3.10/dist-packages/px4_msgs/msg/_radio_status_s.c\n'}
[5.159399] (px4_msgs) StdoutLine: {'line': b'-- Up-to-date symlink: /home/ubuntu/px4_ros2_ws/install/px4_msgs/local/lib/python3.10/dist-packages/px4_msgs/msg/_ranging_beacon.py\n'}
[5.159452] (px4_msgs) StdoutLine: {'line': b'-- Up-to-date symlink: /home/ubuntu/px4_ros2_ws/install/px4_msgs/local/lib/python3.10/dist-packages/px4_msgs/msg/_ranging_beacon_s.c\n'}
[5.159511] (px4_msgs) StdoutLine: {'line': b'-- Up-to-date symlink: /home/ubuntu/px4_ros2_ws/install/px4_msgs/local/lib/python3.10/dist-packages/px4_msgs/msg/_raptor_input.py\n'}
[5.159582] (px4_msgs) StdoutLine: {'line': b'-- Up-to-date symlink: /home/ubuntu/px4_ros2_ws/install/px4_msgs/local/lib/python3.10/dist-packages/px4_msgs/msg/_raptor_input_s.c\n'}
[5.159626] (px4_msgs) StdoutLine: {'line': b'-- Up-to-date symlink: /home/ubuntu/px4_ros2_ws/install/px4_msgs/local/lib/python3.10/dist-packages/px4_msgs/msg/_raptor_status.py\n'}
[5.159669] (px4_msgs) StdoutLine: {'line': b'-- Up-to-date symlink: /home/ubuntu/px4_ros2_ws/install/px4_msgs/local/lib/python3.10/dist-packages/px4_msgs/msg/_raptor_status_s.c\n'}
[5.159719] (px4_msgs) StdoutLine: {'line': b'-- Up-to-date symlink: /home/ubuntu/px4_ros2_ws/install/px4_msgs/local/lib/python3.10/dist-packages/px4_msgs/msg/_rate_ctrl_status.py\n'}
[5.159769] (px4_msgs) StdoutLine: {'line': b'-- Up-to-date symlink: /home/ubuntu/px4_ros2_ws/install/px4_msgs/local/lib/python3.10/dist-packages/px4_msgs/msg/_rate_ctrl_status_s.c\n'}
[5.159819] (px4_msgs) StdoutLine: {'line': b'-- Up-to-date symlink: /home/ubuntu/px4_ros2_ws/install/px4_msgs/local/lib/python3.10/dist-packages/px4_msgs/msg/_rc_channels.py\n'}
[5.159868] (px4_msgs) StdoutLine: {'line': b'-- Up-to-date symlink: /home/ubuntu/px4_ros2_ws/install/px4_msgs/local/lib/python3.10/dist-packages/px4_msgs/msg/_rc_channels_s.c\n'}
[5.159918] (px4_msgs) StdoutLine: {'line': b'-- Up-to-date symlink: /home/ubuntu/px4_ros2_ws/install/px4_msgs/local/lib/python3.10/dist-packages/px4_msgs/msg/_rc_parameter_map.py\n'}
[5.159968] (px4_msgs) StdoutLine: {'line': b'-- Up-to-date symlink: /home/ubuntu/px4_ros2_ws/install/px4_msgs/local/lib/python3.10/dist-packages/px4_msgs/msg/_rc_parameter_map_s.c\n'}
[5.160020] (px4_msgs) StdoutLine: {'line': b'-- Up-to-date symlink: /home/ubuntu/px4_ros2_ws/install/px4_msgs/local/lib/python3.10/dist-packages/px4_msgs/msg/_register_ext_component_reply.py\n'}
[5.160071] (px4_msgs) StdoutLine: {'line': b'-- Up-to-date symlink: /home/ubuntu/px4_ros2_ws/install/px4_msgs/local/lib/python3.10/dist-packages/px4_msgs/msg/_register_ext_component_reply_s.c\n'}
[5.160121] (px4_msgs) StdoutLine: {'line': b'-- Up-to-date symlink: /home/ubuntu/px4_ros2_ws/install/px4_msgs/local/lib/python3.10/dist-packages/px4_msgs/msg/_register_ext_component_request.py\n'}
[5.160171] (px4_msgs) StdoutLine: {'line': b'-- Up-to-date symlink: /home/ubuntu/px4_ros2_ws/install/px4_msgs/local/lib/python3.10/dist-packages/px4_msgs/msg/_register_ext_component_request_s.c\n'}
[5.160222] (px4_msgs) StdoutLine: {'line': b'-- Up-to-date symlink: /home/ubuntu/px4_ros2_ws/install/px4_msgs/local/lib/python3.10/dist-packages/px4_msgs/msg/_rover_attitude_setpoint.py\n'}
[5.160273] (px4_msgs) StdoutLine: {'line': b'-- Up-to-date symlink: /home/ubuntu/px4_ros2_ws/install/px4_msgs/local/lib/python3.10/dist-packages/px4_msgs/msg/_rover_attitude_setpoint_s.c\n'}
[5.160323] (px4_msgs) StdoutLine: {'line': b'-- Up-to-date symlink: /home/ubuntu/px4_ros2_ws/install/px4_msgs/local/lib/python3.10/dist-packages/px4_msgs/msg/_rover_attitude_status.py\n'}
[5.160374] (px4_msgs) StdoutLine: {'line': b'-- Up-to-date symlink: /home/ubuntu/px4_ros2_ws/install/px4_msgs/local/lib/python3.10/dist-packages/px4_msgs/msg/_rover_attitude_status_s.c\n'}
[5.160424] (px4_msgs) StdoutLine: {'line': b'-- Up-to-date symlink: /home/ubuntu/px4_ros2_ws/install/px4_msgs/local/lib/python3.10/dist-packages/px4_msgs/msg/_rover_position_setpoint.py\n'}
[5.160477] (px4_msgs) StdoutLine: {'line': b'-- Up-to-date symlink: /home/ubuntu/px4_ros2_ws/install/px4_msgs/local/lib/python3.10/dist-packages/px4_msgs/msg/_rover_position_setpoint_s.c\n'}
[5.160529] (px4_msgs) StdoutLine: {'line': b'-- Up-to-date symlink: /home/ubuntu/px4_ros2_ws/install/px4_msgs/local/lib/python3.10/dist-packages/px4_msgs/msg/_rover_rate_setpoint.py\n'}
[5.160579] (px4_msgs) StdoutLine: {'line': b'-- Up-to-date symlink: /home/ubuntu/px4_ros2_ws/install/px4_msgs/local/lib/python3.10/dist-packages/px4_msgs/msg/_rover_rate_setpoint_s.c\n'}
[5.160629] (px4_msgs) StdoutLine: {'line': b'-- Up-to-date symlink: /home/ubuntu/px4_ros2_ws/install/px4_msgs/local/lib/python3.10/dist-packages/px4_msgs/msg/_rover_rate_status.py\n'}
[5.160680] (px4_msgs) StdoutLine: {'line': b'-- Up-to-date symlink: /home/ubuntu/px4_ros2_ws/install/px4_msgs/local/lib/python3.10/dist-packages/px4_msgs/msg/_rover_rate_status_s.c\n'}
[5.160732] (px4_msgs) StdoutLine: {'line': b'-- Up-to-date symlink: /home/ubuntu/px4_ros2_ws/install/px4_msgs/local/lib/python3.10/dist-packages/px4_msgs/msg/_rover_speed_setpoint.py\n'}
[5.160781] (px4_msgs) StdoutLine: {'line': b'-- Up-to-date symlink: /home/ubuntu/px4_ros2_ws/install/px4_msgs/local/lib/python3.10/dist-packages/px4_msgs/msg/_rover_speed_setpoint_s.c\n'}
[5.160832] (px4_msgs) StdoutLine: {'line': b'-- Up-to-date symlink: /home/ubuntu/px4_ros2_ws/install/px4_msgs/local/lib/python3.10/dist-packages/px4_msgs/msg/_rover_speed_status.py\n'}
[5.160883] (px4_msgs) StdoutLine: {'line': b'-- Up-to-date symlink: /home/ubuntu/px4_ros2_ws/install/px4_msgs/local/lib/python3.10/dist-packages/px4_msgs/msg/_rover_speed_status_s.c\n'}
[5.160933] (px4_msgs) StdoutLine: {'line': b'-- Up-to-date symlink: /home/ubuntu/px4_ros2_ws/install/px4_msgs/local/lib/python3.10/dist-packages/px4_msgs/msg/_rover_steering_setpoint.py\n'}
[5.160983] (px4_msgs) StdoutLine: {'line': b'-- Up-to-date symlink: /home/ubuntu/px4_ros2_ws/install/px4_msgs/local/lib/python3.10/dist-packages/px4_msgs/msg/_rover_steering_setpoint_s.c\n'}
[5.161035] (px4_msgs) StdoutLine: {'line': b'-- Up-to-date symlink: /home/ubuntu/px4_ros2_ws/install/px4_msgs/local/lib/python3.10/dist-packages/px4_msgs/msg/_rover_throttle_setpoint.py\n'}
[5.161085] (px4_msgs) StdoutLine: {'line': b'-- Up-to-date symlink: /home/ubuntu/px4_ros2_ws/install/px4_msgs/local/lib/python3.10/dist-packages/px4_msgs/msg/_rover_throttle_setpoint_s.c\n'}
[5.161137] (px4_msgs) StdoutLine: {'line': b'-- Up-to-date symlink: /home/ubuntu/px4_ros2_ws/install/px4_msgs/local/lib/python3.10/dist-packages/px4_msgs/msg/_rpm.py\n'}
[5.161192] (px4_msgs) StdoutLine: {'line': b'-- Up-to-date symlink: /home/ubuntu/px4_ros2_ws/install/px4_msgs/local/lib/python3.10/dist-packages/px4_msgs/msg/_rpm_s.c\n'}
[5.161241] (px4_msgs) StdoutLine: {'line': b'-- Up-to-date symlink: /home/ubuntu/px4_ros2_ws/install/px4_msgs/local/lib/python3.10/dist-packages/px4_msgs/msg/_rtcm_data.py\n'}
[5.161293] (px4_msgs) StdoutLine: {'line': b'-- Up-to-date symlink: /home/ubuntu/px4_ros2_ws/install/px4_msgs/local/lib/python3.10/dist-packages/px4_msgs/msg/_rtcm_data_s.c\n'}
[5.161343] (px4_msgs) StdoutLine: {'line': b'-- Up-to-date symlink: /home/ubuntu/px4_ros2_ws/install/px4_msgs/local/lib/python3.10/dist-packages/px4_msgs/msg/_rtl_status.py\n'}
[5.161394] (px4_msgs) StdoutLine: {'line': b'-- Up-to-date symlink: /home/ubuntu/px4_ros2_ws/install/px4_msgs/local/lib/python3.10/dist-packages/px4_msgs/msg/_rtl_status_s.c\n'}
[5.161446] (px4_msgs) StdoutLine: {'line': b'-- Up-to-date symlink: /home/ubuntu/px4_ros2_ws/install/px4_msgs/local/lib/python3.10/dist-packages/px4_msgs/msg/_rtl_time_estimate.py\n'}
[5.161504] (px4_msgs) StdoutLine: {'line': b'-- Up-to-date symlink: /home/ubuntu/px4_ros2_ws/install/px4_msgs/local/lib/python3.10/dist-packages/px4_msgs/msg/_rtl_time_estimate_s.c\n'}
[5.161555] (px4_msgs) StdoutLine: {'line': b'-- Up-to-date symlink: /home/ubuntu/px4_ros2_ws/install/px4_msgs/local/lib/python3.10/dist-packages/px4_msgs/msg/_satellite_info.py\n'}
[5.161606] (px4_msgs) StdoutLine: {'line': b'-- Up-to-date symlink: /home/ubuntu/px4_ros2_ws/install/px4_msgs/local/lib/python3.10/dist-packages/px4_msgs/msg/_satellite_info_s.c\n'}
[5.161656] (px4_msgs) StdoutLine: {'line': b'-- Up-to-date symlink: /home/ubuntu/px4_ros2_ws/install/px4_msgs/local/lib/python3.10/dist-packages/px4_msgs/msg/_sensor_accel.py\n'}
[5.161706] (px4_msgs) StdoutLine: {'line': b'-- Up-to-date symlink: /home/ubuntu/px4_ros2_ws/install/px4_msgs/local/lib/python3.10/dist-packages/px4_msgs/msg/_sensor_accel_fifo.py\n'}
[5.161757] (px4_msgs) StdoutLine: {'line': b'-- Up-to-date symlink: /home/ubuntu/px4_ros2_ws/install/px4_msgs/local/lib/python3.10/dist-packages/px4_msgs/msg/_sensor_accel_fifo_s.c\n'}
[5.161807] (px4_msgs) StdoutLine: {'line': b'-- Up-to-date symlink: /home/ubuntu/px4_ros2_ws/install/px4_msgs/local/lib/python3.10/dist-packages/px4_msgs/msg/_sensor_accel_s.c\n'}
[5.161862] (px4_msgs) StdoutLine: {'line': b'-- Up-to-date symlink: /home/ubuntu/px4_ros2_ws/install/px4_msgs/local/lib/python3.10/dist-packages/px4_msgs/msg/_sensor_airflow.py\n'}
[5.161912] (px4_msgs) StdoutLine: {'line': b'-- Up-to-date symlink: /home/ubuntu/px4_ros2_ws/install/px4_msgs/local/lib/python3.10/dist-packages/px4_msgs/msg/_sensor_airflow_s.c\n'}
[5.161972] (px4_msgs) StdoutLine: {'line': b'-- Up-to-date symlink: /home/ubuntu/px4_ros2_ws/install/px4_msgs/local/lib/python3.10/dist-packages/px4_msgs/msg/_sensor_baro.py\n'}
[5.162025] (px4_msgs) StdoutLine: {'line': b'-- Up-to-date symlink: /home/ubuntu/px4_ros2_ws/install/px4_msgs/local/lib/python3.10/dist-packages/px4_msgs/msg/_sensor_baro_s.c\n'}
[5.162075] (px4_msgs) StdoutLine: {'line': b'-- Up-to-date symlink: /home/ubuntu/px4_ros2_ws/install/px4_msgs/local/lib/python3.10/dist-packages/px4_msgs/msg/_sensor_combined.py\n'}
[5.162126] (px4_msgs) StdoutLine: {'line': b'-- Up-to-date symlink: /home/ubuntu/px4_ros2_ws/install/px4_msgs/local/lib/python3.10/dist-packages/px4_msgs/msg/_sensor_combined_s.c\n'}
[5.162177] (px4_msgs) StdoutLine: {'line': b'-- Up-to-date symlink: /home/ubuntu/px4_ros2_ws/install/px4_msgs/local/lib/python3.10/dist-packages/px4_msgs/msg/_sensor_correction.py\n'}
[5.162231] (px4_msgs) StdoutLine: {'line': b'-- Up-to-date symlink: /home/ubuntu/px4_ros2_ws/install/px4_msgs/local/lib/python3.10/dist-packages/px4_msgs/msg/_sensor_correction_s.c\n'}
[5.162289] (px4_msgs) StdoutLine: {'line': b'-- Up-to-date symlink: /home/ubuntu/px4_ros2_ws/install/px4_msgs/local/lib/python3.10/dist-packages/px4_msgs/msg/_sensor_gnss_relative.py\n'}
[5.162340] (px4_msgs) StdoutLine: {'line': b'-- Up-to-date symlink: /home/ubuntu/px4_ros2_ws/install/px4_msgs/local/lib/python3.10/dist-packages/px4_msgs/msg/_sensor_gnss_relative_s.c\n'}
[5.162391] (px4_msgs) StdoutLine: {'line': b'-- Up-to-date symlink: /home/ubuntu/px4_ros2_ws/install/px4_msgs/local/lib/python3.10/dist-packages/px4_msgs/msg/_sensor_gnss_status.py\n'}
[5.162446] (px4_msgs) StdoutLine: {'line': b'-- Up-to-date symlink: /home/ubuntu/px4_ros2_ws/install/px4_msgs/local/lib/python3.10/dist-packages/px4_msgs/msg/_sensor_gnss_status_s.c\n'}
[5.162517] (px4_msgs) StdoutLine: {'line': b'-- Up-to-date symlink: /home/ubuntu/px4_ros2_ws/install/px4_msgs/local/lib/python3.10/dist-packages/px4_msgs/msg/_sensor_gps.py\n'}
[5.162567] (px4_msgs) StdoutLine: {'line': b'-- Up-to-date symlink: /home/ubuntu/px4_ros2_ws/install/px4_msgs/local/lib/python3.10/dist-packages/px4_msgs/msg/_sensor_gps_s.c\n'}
[5.162629] (px4_msgs) StdoutLine: {'line': b'-- Up-to-date symlink: /home/ubuntu/px4_ros2_ws/install/px4_msgs/local/lib/python3.10/dist-packages/px4_msgs/msg/_sensor_gyro.py\n'}
[5.162680] (px4_msgs) StdoutLine: {'line': b'-- Up-to-date symlink: /home/ubuntu/px4_ros2_ws/install/px4_msgs/local/lib/python3.10/dist-packages/px4_msgs/msg/_sensor_gyro_fft.py\n'}
[5.162730] (px4_msgs) StdoutLine: {'line': b'-- Up-to-date symlink: /home/ubuntu/px4_ros2_ws/install/px4_msgs/local/lib/python3.10/dist-packages/px4_msgs/msg/_sensor_gyro_fft_s.c\n'}
[5.162780] (px4_msgs) StdoutLine: {'line': b'-- Up-to-date symlink: /home/ubuntu/px4_ros2_ws/install/px4_msgs/local/lib/python3.10/dist-packages/px4_msgs/msg/_sensor_gyro_fifo.py\n'}
[5.162833] (px4_msgs) StdoutLine: {'line': b'-- Up-to-date symlink: /home/ubuntu/px4_ros2_ws/install/px4_msgs/local/lib/python3.10/dist-packages/px4_msgs/msg/_sensor_gyro_fifo_s.c\n'}
[5.162883] (px4_msgs) StdoutLine: {'line': b'-- Up-to-date symlink: /home/ubuntu/px4_ros2_ws/install/px4_msgs/local/lib/python3.10/dist-packages/px4_msgs/msg/_sensor_gyro_s.c\n'}
[5.162935] (px4_msgs) StdoutLine: {'line': b'-- Up-to-date symlink: /home/ubuntu/px4_ros2_ws/install/px4_msgs/local/lib/python3.10/dist-packages/px4_msgs/msg/_sensor_hygrometer.py\n'}
[5.162992] (px4_msgs) StdoutLine: {'line': b'-- Up-to-date symlink: /home/ubuntu/px4_ros2_ws/install/px4_msgs/local/lib/python3.10/dist-packages/px4_msgs/msg/_sensor_hygrometer_s.c\n'}
[5.163045] (px4_msgs) StdoutLine: {'line': b'-- Up-to-date symlink: /home/ubuntu/px4_ros2_ws/install/px4_msgs/local/lib/python3.10/dist-packages/px4_msgs/msg/_sensor_mag.py\n'}
[5.163101] (px4_msgs) StdoutLine: {'line': b'-- Up-to-date symlink: /home/ubuntu/px4_ros2_ws/install/px4_msgs/local/lib/python3.10/dist-packages/px4_msgs/msg/_sensor_mag_s.c\n'}
[5.163174] (px4_msgs) StdoutLine: {'line': b'-- Up-to-date symlink: /home/ubuntu/px4_ros2_ws/install/px4_msgs/local/lib/python3.10/dist-packages/px4_msgs/msg/_sensor_optical_flow.py\n'}
[5.163234] (px4_msgs) StdoutLine: {'line': b'-- Up-to-date symlink: /home/ubuntu/px4_ros2_ws/install/px4_msgs/local/lib/python3.10/dist-packages/px4_msgs/msg/_sensor_optical_flow_s.c\n'}
[5.163316] (px4_msgs) StdoutLine: {'line': b'-- Up-to-date symlink: /home/ubuntu/px4_ros2_ws/install/px4_msgs/local/lib/python3.10/dist-packages/px4_msgs/msg/_sensor_preflight_mag.py\n'}
[5.163385] (px4_msgs) StdoutLine: {'line': b'-- Up-to-date symlink: /home/ubuntu/px4_ros2_ws/install/px4_msgs/local/lib/python3.10/dist-packages/px4_msgs/msg/_sensor_preflight_mag_s.c\n'}
[5.163427] (px4_msgs) StdoutLine: {'line': b'-- Up-to-date symlink: /home/ubuntu/px4_ros2_ws/install/px4_msgs/local/lib/python3.10/dist-packages/px4_msgs/msg/_sensor_selection.py\n'}
[5.163480] (px4_msgs) StdoutLine: {'line': b'-- Up-to-date symlink: /home/ubuntu/px4_ros2_ws/install/px4_msgs/local/lib/python3.10/dist-packages/px4_msgs/msg/_sensor_selection_s.c\n'}
[5.163536] (px4_msgs) StdoutLine: {'line': b'-- Up-to-date symlink: /home/ubuntu/px4_ros2_ws/install/px4_msgs/local/lib/python3.10/dist-packages/px4_msgs/msg/_sensor_temp.py\n'}
[5.163587] (px4_msgs) StdoutLine: {'line': b'-- Up-to-date symlink: /home/ubuntu/px4_ros2_ws/install/px4_msgs/local/lib/python3.10/dist-packages/px4_msgs/msg/_sensor_temp_s.c\n'}
[5.163637] (px4_msgs) StdoutLine: {'line': b'-- Up-to-date symlink: /home/ubuntu/px4_ros2_ws/install/px4_msgs/local/lib/python3.10/dist-packages/px4_msgs/msg/_sensor_uwb.py\n'}
[5.163688] (px4_msgs) StdoutLine: {'line': b'-- Up-to-date symlink: /home/ubuntu/px4_ros2_ws/install/px4_msgs/local/lib/python3.10/dist-packages/px4_msgs/msg/_sensor_uwb_s.c\n'}
[5.163742] (px4_msgs) StdoutLine: {'line': b'-- Up-to-date symlink: /home/ubuntu/px4_ros2_ws/install/px4_msgs/local/lib/python3.10/dist-packages/px4_msgs/msg/_sensors_status.py\n'}
[5.163793] (px4_msgs) StdoutLine: {'line': b'-- Up-to-date symlink: /home/ubuntu/px4_ros2_ws/install/px4_msgs/local/lib/python3.10/dist-packages/px4_msgs/msg/_sensors_status_imu.py\n'}
[5.163846] (px4_msgs) StdoutLine: {'line': b'-- Up-to-date symlink: /home/ubuntu/px4_ros2_ws/install/px4_msgs/local/lib/python3.10/dist-packages/px4_msgs/msg/_sensors_status_imu_s.c\n'}
[5.163896] (px4_msgs) StdoutLine: {'line': b'-- Up-to-date symlink: /home/ubuntu/px4_ros2_ws/install/px4_msgs/local/lib/python3.10/dist-packages/px4_msgs/msg/_sensors_status_s.c\n'}
[5.163949] (px4_msgs) StdoutLine: {'line': b'-- Up-to-date symlink: /home/ubuntu/px4_ros2_ws/install/px4_msgs/local/lib/python3.10/dist-packages/px4_msgs/msg/_setpoint_config.py\n'}
[5.163998] (px4_msgs) StdoutLine: {'line': b'-- Up-to-date symlink: /home/ubuntu/px4_ros2_ws/install/px4_msgs/local/lib/python3.10/dist-packages/px4_msgs/msg/_setpoint_config_reply.py\n'}
[5.164048] (px4_msgs) StdoutLine: {'line': b'-- Up-to-date symlink: /home/ubuntu/px4_ros2_ws/install/px4_msgs/local/lib/python3.10/dist-packages/px4_msgs/msg/_setpoint_config_reply_s.c\n'}
[5.164100] (px4_msgs) StdoutLine: {'line': b'-- Up-to-date symlink: /home/ubuntu/px4_ros2_ws/install/px4_msgs/local/lib/python3.10/dist-packages/px4_msgs/msg/_setpoint_config_s.c\n'}
[5.164154] (px4_msgs) StdoutLine: {'line': b'-- Up-to-date symlink: /home/ubuntu/px4_ros2_ws/install/px4_msgs/local/lib/python3.10/dist-packages/px4_msgs/msg/_system_power.py\n'}
[5.164209] (px4_msgs) StdoutLine: {'line': b'-- Up-to-date symlink: /home/ubuntu/px4_ros2_ws/install/px4_msgs/local/lib/python3.10/dist-packages/px4_msgs/msg/_system_power_s.c\n'}
[5.164263] (px4_msgs) StdoutLine: {'line': b'-- Up-to-date symlink: /home/ubuntu/px4_ros2_ws/install/px4_msgs/local/lib/python3.10/dist-packages/px4_msgs/msg/_takeoff_status.py\n'}
[5.164333] (px4_msgs) StdoutLine: {'line': b'-- Up-to-date symlink: /home/ubuntu/px4_ros2_ws/install/px4_msgs/local/lib/python3.10/dist-packages/px4_msgs/msg/_takeoff_status_s.c\n'}
[5.164375] (px4_msgs) StdoutLine: {'line': b'-- Up-to-date symlink: /home/ubuntu/px4_ros2_ws/install/px4_msgs/local/lib/python3.10/dist-packages/px4_msgs/msg/_target_gnss.py\n'}
[5.164427] (px4_msgs) StdoutLine: {'line': b'-- Up-to-date symlink: /home/ubuntu/px4_ros2_ws/install/px4_msgs/local/lib/python3.10/dist-packages/px4_msgs/msg/_target_gnss_s.c\n'}
[5.164501] (px4_msgs) StdoutLine: {'line': b'-- Up-to-date symlink: /home/ubuntu/px4_ros2_ws/install/px4_msgs/local/lib/python3.10/dist-packages/px4_msgs/msg/_task_stack_info.py\n'}
[5.164547] (px4_msgs) StdoutLine: {'line': b'-- Up-to-date symlink: /home/ubuntu/px4_ros2_ws/install/px4_msgs/local/lib/python3.10/dist-packages/px4_msgs/msg/_task_stack_info_s.c\n'}
[5.164598] (px4_msgs) StdoutLine: {'line': b'-- Up-to-date symlink: /home/ubuntu/px4_ros2_ws/install/px4_msgs/local/lib/python3.10/dist-packages/px4_msgs/msg/_tecs_status.py\n'}
[5.164651] (px4_msgs) StdoutLine: {'line': b'-- Up-to-date symlink: /home/ubuntu/px4_ros2_ws/install/px4_msgs/local/lib/python3.10/dist-packages/px4_msgs/msg/_tecs_status_s.c\n'}
[5.164710] (px4_msgs) StdoutLine: {'line': b'-- Up-to-date symlink: /home/ubuntu/px4_ros2_ws/install/px4_msgs/local/lib/python3.10/dist-packages/px4_msgs/msg/_telemetry_status.py\n'}
[5.164761] (px4_msgs) StdoutLine: {'line': b'-- Up-to-date symlink: /home/ubuntu/px4_ros2_ws/install/px4_msgs/local/lib/python3.10/dist-packages/px4_msgs/msg/_telemetry_status_s.c\n'}
[5.164819] (px4_msgs) StdoutLine: {'line': b'-- Up-to-date symlink: /home/ubuntu/px4_ros2_ws/install/px4_msgs/local/lib/python3.10/dist-packages/px4_msgs/msg/_tiltrotor_extra_controls.py\n'}
[5.164884] (px4_msgs) StdoutLine: {'line': b'-- Up-to-date symlink: /home/ubuntu/px4_ros2_ws/install/px4_msgs/local/lib/python3.10/dist-packages/px4_msgs/msg/_tiltrotor_extra_controls_s.c\n'}
[5.164933] (px4_msgs) StdoutLine: {'line': b'-- Up-to-date symlink: /home/ubuntu/px4_ros2_ws/install/px4_msgs/local/lib/python3.10/dist-packages/px4_msgs/msg/_timesync_status.py\n'}
[5.164983] (px4_msgs) StdoutLine: {'line': b'-- Up-to-date symlink: /home/ubuntu/px4_ros2_ws/install/px4_msgs/local/lib/python3.10/dist-packages/px4_msgs/msg/_timesync_status_s.c\n'}
[5.165043] (px4_msgs) StdoutLine: {'line': b'-- Up-to-date symlink: /home/ubuntu/px4_ros2_ws/install/px4_msgs/local/lib/python3.10/dist-packages/px4_msgs/msg/_trajectory_setpoint.py\n'}
[5.165086] (px4_msgs) StdoutLine: {'line': b'-- Up-to-date symlink: /home/ubuntu/px4_ros2_ws/install/px4_msgs/local/lib/python3.10/dist-packages/px4_msgs/msg/_trajectory_setpoint6dof.py\n'}
[5.165137] (px4_msgs) StdoutLine: {'line': b'-- Up-to-date symlink: /home/ubuntu/px4_ros2_ws/install/px4_msgs/local/lib/python3.10/dist-packages/px4_msgs/msg/_trajectory_setpoint6dof_s.c\n'}
[5.165192] (px4_msgs) StdoutLine: {'line': b'-- Up-to-date symlink: /home/ubuntu/px4_ros2_ws/install/px4_msgs/local/lib/python3.10/dist-packages/px4_msgs/msg/_trajectory_setpoint_s.c\n'}
[5.165243] (px4_msgs) StdoutLine: {'line': b'-- Up-to-date symlink: /home/ubuntu/px4_ros2_ws/install/px4_msgs/local/lib/python3.10/dist-packages/px4_msgs/msg/_transponder_report.py\n'}
[5.165299] (px4_msgs) StdoutLine: {'line': b'-- Up-to-date symlink: /home/ubuntu/px4_ros2_ws/install/px4_msgs/local/lib/python3.10/dist-packages/px4_msgs/msg/_transponder_report_s.c\n'}
[5.165346] (px4_msgs) StdoutLine: {'line': b'-- Up-to-date symlink: /home/ubuntu/px4_ros2_ws/install/px4_msgs/local/lib/python3.10/dist-packages/px4_msgs/msg/_tune_control.py\n'}
[5.165397] (px4_msgs) StdoutLine: {'line': b'-- Up-to-date symlink: /home/ubuntu/px4_ros2_ws/install/px4_msgs/local/lib/python3.10/dist-packages/px4_msgs/msg/_tune_control_s.c\n'}
[5.165454] (px4_msgs) StdoutLine: {'line': b'-- Up-to-date symlink: /home/ubuntu/px4_ros2_ws/install/px4_msgs/local/lib/python3.10/dist-packages/px4_msgs/msg/_uavcan_parameter_request.py\n'}
[5.165509] (px4_msgs) StdoutLine: {'line': b'-- Up-to-date symlink: /home/ubuntu/px4_ros2_ws/install/px4_msgs/local/lib/python3.10/dist-packages/px4_msgs/msg/_uavcan_parameter_request_s.c\n'}
[5.165564] (px4_msgs) StdoutLine: {'line': b'-- Up-to-date symlink: /home/ubuntu/px4_ros2_ws/install/px4_msgs/local/lib/python3.10/dist-packages/px4_msgs/msg/_uavcan_parameter_value.py\n'}
[5.165615] (px4_msgs) StdoutLine: {'line': b'-- Up-to-date symlink: /home/ubuntu/px4_ros2_ws/install/px4_msgs/local/lib/python3.10/dist-packages/px4_msgs/msg/_uavcan_parameter_value_s.c\n'}
[5.165667] (px4_msgs) StdoutLine: {'line': b'-- Up-to-date symlink: /home/ubuntu/px4_ros2_ws/install/px4_msgs/local/lib/python3.10/dist-packages/px4_msgs/msg/_ulog_stream.py\n'}
[5.165722] (px4_msgs) StdoutLine: {'line': b'-- Up-to-date symlink: /home/ubuntu/px4_ros2_ws/install/px4_msgs/local/lib/python3.10/dist-packages/px4_msgs/msg/_ulog_stream_ack.py\n'}
[5.165775] (px4_msgs) StdoutLine: {'line': b'-- Up-to-date symlink: /home/ubuntu/px4_ros2_ws/install/px4_msgs/local/lib/python3.10/dist-packages/px4_msgs/msg/_ulog_stream_ack_s.c\n'}
[5.165829] (px4_msgs) StdoutLine: {'line': b'-- Up-to-date symlink: /home/ubuntu/px4_ros2_ws/install/px4_msgs/local/lib/python3.10/dist-packages/px4_msgs/msg/_ulog_stream_s.c\n'}
[5.165884] (px4_msgs) StdoutLine: {'line': b'-- Up-to-date symlink: /home/ubuntu/px4_ros2_ws/install/px4_msgs/local/lib/python3.10/dist-packages/px4_msgs/msg/_unregister_ext_component.py\n'}
[5.165945] (px4_msgs) StdoutLine: {'line': b'-- Up-to-date symlink: /home/ubuntu/px4_ros2_ws/install/px4_msgs/local/lib/python3.10/dist-packages/px4_msgs/msg/_unregister_ext_component_s.c\n'}
[5.165989] (px4_msgs) StdoutLine: {'line': b'-- Up-to-date symlink: /home/ubuntu/px4_ros2_ws/install/px4_msgs/local/lib/python3.10/dist-packages/px4_msgs/msg/_vehicle_acceleration.py\n'}
[5.166042] (px4_msgs) StdoutLine: {'line': b'-- Up-to-date symlink: /home/ubuntu/px4_ros2_ws/install/px4_msgs/local/lib/python3.10/dist-packages/px4_msgs/msg/_vehicle_acceleration_s.c\n'}
[5.166102] (px4_msgs) StdoutLine: {'line': b'-- Up-to-date symlink: /home/ubuntu/px4_ros2_ws/install/px4_msgs/local/lib/python3.10/dist-packages/px4_msgs/msg/_vehicle_air_data.py\n'}
[5.166151] (px4_msgs) StdoutLine: {'line': b'-- Up-to-date symlink: /home/ubuntu/px4_ros2_ws/install/px4_msgs/local/lib/python3.10/dist-packages/px4_msgs/msg/_vehicle_air_data_s.c\n'}
[5.166205] (px4_msgs) StdoutLine: {'line': b'-- Up-to-date symlink: /home/ubuntu/px4_ros2_ws/install/px4_msgs/local/lib/python3.10/dist-packages/px4_msgs/msg/_vehicle_angular_velocity.py\n'}
[5.166255] (px4_msgs) StdoutLine: {'line': b'-- Up-to-date symlink: /home/ubuntu/px4_ros2_ws/install/px4_msgs/local/lib/python3.10/dist-packages/px4_msgs/msg/_vehicle_angular_velocity_s.c\n'}
[5.166304] (px4_msgs) StdoutLine: {'line': b'-- Up-to-date symlink: /home/ubuntu/px4_ros2_ws/install/px4_msgs/local/lib/python3.10/dist-packages/px4_msgs/msg/_vehicle_attitude.py\n'}
[5.166354] (px4_msgs) StdoutLine: {'line': b'-- Up-to-date symlink: /home/ubuntu/px4_ros2_ws/install/px4_msgs/local/lib/python3.10/dist-packages/px4_msgs/msg/_vehicle_attitude_s.c\n'}
[5.166409] (px4_msgs) StdoutLine: {'line': b'-- Up-to-date symlink: /home/ubuntu/px4_ros2_ws/install/px4_msgs/local/lib/python3.10/dist-packages/px4_msgs/msg/_vehicle_attitude_setpoint.py\n'}
[5.166462] (px4_msgs) StdoutLine: {'line': b'-- Up-to-date symlink: /home/ubuntu/px4_ros2_ws/install/px4_msgs/local/lib/python3.10/dist-packages/px4_msgs/msg/_vehicle_attitude_setpoint_s.c\n'}
[5.166528] (px4_msgs) StdoutLine: {'line': b'-- Up-to-date symlink: /home/ubuntu/px4_ros2_ws/install/px4_msgs/local/lib/python3.10/dist-packages/px4_msgs/msg/_vehicle_command.py\n'}
[5.166581] (px4_msgs) StdoutLine: {'line': b'-- Up-to-date symlink: /home/ubuntu/px4_ros2_ws/install/px4_msgs/local/lib/python3.10/dist-packages/px4_msgs/msg/_vehicle_command_ack.py\n'}
[5.166643] (px4_msgs) StdoutLine: {'line': b'-- Up-to-date symlink: /home/ubuntu/px4_ros2_ws/install/px4_msgs/local/lib/python3.10/dist-packages/px4_msgs/msg/_vehicle_command_ack_s.c\n'}
[5.166693] (px4_msgs) StdoutLine: {'line': b'-- Up-to-date symlink: /home/ubuntu/px4_ros2_ws/install/px4_msgs/local/lib/python3.10/dist-packages/px4_msgs/msg/_vehicle_command_s.c\n'}
[5.166745] (px4_msgs) StdoutLine: {'line': b'-- Up-to-date symlink: /home/ubuntu/px4_ros2_ws/install/px4_msgs/local/lib/python3.10/dist-packages/px4_msgs/msg/_vehicle_constraints.py\n'}
[5.166795] (px4_msgs) StdoutLine: {'line': b'-- Up-to-date symlink: /home/ubuntu/px4_ros2_ws/install/px4_msgs/local/lib/python3.10/dist-packages/px4_msgs/msg/_vehicle_constraints_s.c\n'}
[5.166846] (px4_msgs) StdoutLine: {'line': b'-- Up-to-date symlink: /home/ubuntu/px4_ros2_ws/install/px4_msgs/local/lib/python3.10/dist-packages/px4_msgs/msg/_vehicle_control_mode.py\n'}
[5.166896] (px4_msgs) StdoutLine: {'line': b'-- Up-to-date symlink: /home/ubuntu/px4_ros2_ws/install/px4_msgs/local/lib/python3.10/dist-packages/px4_msgs/msg/_vehicle_control_mode_s.c\n'}
[5.166947] (px4_msgs) StdoutLine: {'line': b'-- Up-to-date symlink: /home/ubuntu/px4_ros2_ws/install/px4_msgs/local/lib/python3.10/dist-packages/px4_msgs/msg/_vehicle_global_position.py\n'}
[5.166997] (px4_msgs) StdoutLine: {'line': b'-- Up-to-date symlink: /home/ubuntu/px4_ros2_ws/install/px4_msgs/local/lib/python3.10/dist-packages/px4_msgs/msg/_vehicle_global_position_s.c\n'}
[5.167047] (px4_msgs) StdoutLine: {'line': b'-- Up-to-date symlink: /home/ubuntu/px4_ros2_ws/install/px4_msgs/local/lib/python3.10/dist-packages/px4_msgs/msg/_vehicle_imu.py\n'}
[5.167100] (px4_msgs) StdoutLine: {'line': b'-- Up-to-date symlink: /home/ubuntu/px4_ros2_ws/install/px4_msgs/local/lib/python3.10/dist-packages/px4_msgs/msg/_vehicle_imu_s.c\n'}
[5.167150] (px4_msgs) StdoutLine: {'line': b'-- Up-to-date symlink: /home/ubuntu/px4_ros2_ws/install/px4_msgs/local/lib/python3.10/dist-packages/px4_msgs/msg/_vehicle_imu_status.py\n'}
[5.167201] (px4_msgs) StdoutLine: {'line': b'-- Up-to-date symlink: /home/ubuntu/px4_ros2_ws/install/px4_msgs/local/lib/python3.10/dist-packages/px4_msgs/msg/_vehicle_imu_status_s.c\n'}
[5.167251] (px4_msgs) StdoutLine: {'line': b'-- Up-to-date symlink: /home/ubuntu/px4_ros2_ws/install/px4_msgs/local/lib/python3.10/dist-packages/px4_msgs/msg/_vehicle_land_detected.py\n'}
[5.167301] (px4_msgs) StdoutLine: {'line': b'-- Up-to-date symlink: /home/ubuntu/px4_ros2_ws/install/px4_msgs/local/lib/python3.10/dist-packages/px4_msgs/msg/_vehicle_land_detected_s.c\n'}
[5.167351] (px4_msgs) StdoutLine: {'line': b'-- Up-to-date symlink: /home/ubuntu/px4_ros2_ws/install/px4_msgs/local/lib/python3.10/dist-packages/px4_msgs/msg/_vehicle_local_position.py\n'}
[5.167402] (px4_msgs) StdoutLine: {'line': b'-- Up-to-date symlink: /home/ubuntu/px4_ros2_ws/install/px4_msgs/local/lib/python3.10/dist-packages/px4_msgs/msg/_vehicle_local_position_s.c\n'}
[5.167458] (px4_msgs) StdoutLine: {'line': b'-- Up-to-date symlink: /home/ubuntu/px4_ros2_ws/install/px4_msgs/local/lib/python3.10/dist-packages/px4_msgs/msg/_vehicle_local_position_setpoint.py\n'}
[5.167511] (px4_msgs) StdoutLine: {'line': b'-- Up-to-date symlink: /home/ubuntu/px4_ros2_ws/install/px4_msgs/local/lib/python3.10/dist-packages/px4_msgs/msg/_vehicle_local_position_setpoint_s.c\n'}
[5.167564] (px4_msgs) StdoutLine: {'line': b'-- Up-to-date symlink: /home/ubuntu/px4_ros2_ws/install/px4_msgs/local/lib/python3.10/dist-packages/px4_msgs/msg/_vehicle_magnetometer.py\n'}
[5.167615] (px4_msgs) StdoutLine: {'line': b'-- Up-to-date symlink: /home/ubuntu/px4_ros2_ws/install/px4_msgs/local/lib/python3.10/dist-packages/px4_msgs/msg/_vehicle_magnetometer_s.c\n'}
[5.167666] (px4_msgs) StdoutLine: {'line': b'-- Up-to-date symlink: /home/ubuntu/px4_ros2_ws/install/px4_msgs/local/lib/python3.10/dist-packages/px4_msgs/msg/_vehicle_odometry.py\n'}
[5.167717] (px4_msgs) StdoutLine: {'line': b'-- Up-to-date symlink: /home/ubuntu/px4_ros2_ws/install/px4_msgs/local/lib/python3.10/dist-packages/px4_msgs/msg/_vehicle_odometry_s.c\n'}
[5.167768] (px4_msgs) StdoutLine: {'line': b'-- Up-to-date symlink: /home/ubuntu/px4_ros2_ws/install/px4_msgs/local/lib/python3.10/dist-packages/px4_msgs/msg/_vehicle_optical_flow.py\n'}
[5.167819] (px4_msgs) StdoutLine: {'line': b'-- Up-to-date symlink: /home/ubuntu/px4_ros2_ws/install/px4_msgs/local/lib/python3.10/dist-packages/px4_msgs/msg/_vehicle_optical_flow_s.c\n'}
[5.167869] (px4_msgs) StdoutLine: {'line': b'-- Up-to-date symlink: /home/ubuntu/px4_ros2_ws/install/px4_msgs/local/lib/python3.10/dist-packages/px4_msgs/msg/_vehicle_optical_flow_vel.py\n'}
[5.167921] (px4_msgs) StdoutLine: {'line': b'-- Up-to-date symlink: /home/ubuntu/px4_ros2_ws/install/px4_msgs/local/lib/python3.10/dist-packages/px4_msgs/msg/_vehicle_optical_flow_vel_s.c\n'}
[5.167972] (px4_msgs) StdoutLine: {'line': b'-- Up-to-date symlink: /home/ubuntu/px4_ros2_ws/install/px4_msgs/local/lib/python3.10/dist-packages/px4_msgs/msg/_vehicle_rates_setpoint.py\n'}
[5.168024] (px4_msgs) StdoutLine: {'line': b'-- Up-to-date symlink: /home/ubuntu/px4_ros2_ws/install/px4_msgs/local/lib/python3.10/dist-packages/px4_msgs/msg/_vehicle_rates_setpoint_s.c\n'}
[5.168076] (px4_msgs) StdoutLine: {'line': b'-- Up-to-date symlink: /home/ubuntu/px4_ros2_ws/install/px4_msgs/local/lib/python3.10/dist-packages/px4_msgs/msg/_vehicle_roi.py\n'}
[5.168127] (px4_msgs) StdoutLine: {'line': b'-- Up-to-date symlink: /home/ubuntu/px4_ros2_ws/install/px4_msgs/local/lib/python3.10/dist-packages/px4_msgs/msg/_vehicle_roi_s.c\n'}
[5.168178] (px4_msgs) StdoutLine: {'line': b'-- Up-to-date symlink: /home/ubuntu/px4_ros2_ws/install/px4_msgs/local/lib/python3.10/dist-packages/px4_msgs/msg/_vehicle_status.py\n'}
[5.168231] (px4_msgs) StdoutLine: {'line': b'-- Up-to-date symlink: /home/ubuntu/px4_ros2_ws/install/px4_msgs/local/lib/python3.10/dist-packages/px4_msgs/msg/_vehicle_status_s.c\n'}
[5.168282] (px4_msgs) StdoutLine: {'line': b'-- Up-to-date symlink: /home/ubuntu/px4_ros2_ws/install/px4_msgs/local/lib/python3.10/dist-packages/px4_msgs/msg/_vehicle_thrust_setpoint.py\n'}
[5.168333] (px4_msgs) StdoutLine: {'line': b'-- Up-to-date symlink: /home/ubuntu/px4_ros2_ws/install/px4_msgs/local/lib/python3.10/dist-packages/px4_msgs/msg/_vehicle_thrust_setpoint_s.c\n'}
[5.168385] (px4_msgs) StdoutLine: {'line': b'-- Up-to-date symlink: /home/ubuntu/px4_ros2_ws/install/px4_msgs/local/lib/python3.10/dist-packages/px4_msgs/msg/_vehicle_torque_setpoint.py\n'}
[5.168435] (px4_msgs) StdoutLine: {'line': b'-- Up-to-date symlink: /home/ubuntu/px4_ros2_ws/install/px4_msgs/local/lib/python3.10/dist-packages/px4_msgs/msg/_vehicle_torque_setpoint_s.c\n'}
[5.168488] (px4_msgs) StdoutLine: {'line': b'-- Up-to-date symlink: /home/ubuntu/px4_ros2_ws/install/px4_msgs/local/lib/python3.10/dist-packages/px4_msgs/msg/_velocity_limits.py\n'}
[5.168542] (px4_msgs) StdoutLine: {'line': b'-- Up-to-date symlink: /home/ubuntu/px4_ros2_ws/install/px4_msgs/local/lib/python3.10/dist-packages/px4_msgs/msg/_velocity_limits_s.c\n'}
[5.168593] (px4_msgs) StdoutLine: {'line': b'-- Up-to-date symlink: /home/ubuntu/px4_ros2_ws/install/px4_msgs/local/lib/python3.10/dist-packages/px4_msgs/msg/_vte_aid_source1d.py\n'}
[5.168643] (px4_msgs) StdoutLine: {'line': b'-- Up-to-date symlink: /home/ubuntu/px4_ros2_ws/install/px4_msgs/local/lib/python3.10/dist-packages/px4_msgs/msg/_vte_aid_source1d_s.c\n'}
[5.168692] (px4_msgs) StdoutLine: {'line': b'-- Up-to-date symlink: /home/ubuntu/px4_ros2_ws/install/px4_msgs/local/lib/python3.10/dist-packages/px4_msgs/msg/_vte_aid_source3d.py\n'}
[5.168742] (px4_msgs) StdoutLine: {'line': b'-- Up-to-date symlink: /home/ubuntu/px4_ros2_ws/install/px4_msgs/local/lib/python3.10/dist-packages/px4_msgs/msg/_vte_aid_source3d_s.c\n'}
[5.168796] (px4_msgs) StdoutLine: {'line': b'-- Up-to-date symlink: /home/ubuntu/px4_ros2_ws/install/px4_msgs/local/lib/python3.10/dist-packages/px4_msgs/msg/_vte_bias_init_status.py\n'}
[5.168850] (px4_msgs) StdoutLine: {'line': b'-- Up-to-date symlink: /home/ubuntu/px4_ros2_ws/install/px4_msgs/local/lib/python3.10/dist-packages/px4_msgs/msg/_vte_bias_init_status_s.c\n'}
[5.168902] (px4_msgs) StdoutLine: {'line': b'-- Up-to-date symlink: /home/ubuntu/px4_ros2_ws/install/px4_msgs/local/lib/python3.10/dist-packages/px4_msgs/msg/_vte_input.py\n'}
[5.168961] (px4_msgs) StdoutLine: {'line': b'-- Up-to-date symlink: /home/ubuntu/px4_ros2_ws/install/px4_msgs/local/lib/python3.10/dist-packages/px4_msgs/msg/_vte_input_s.c\n'}
[5.169016] (px4_msgs) StdoutLine: {'line': b'-- Up-to-date symlink: /home/ubuntu/px4_ros2_ws/install/px4_msgs/local/lib/python3.10/dist-packages/px4_msgs/msg/_vte_orientation.py\n'}
[5.169072] (px4_msgs) StdoutLine: {'line': b'-- Up-to-date symlink: /home/ubuntu/px4_ros2_ws/install/px4_msgs/local/lib/python3.10/dist-packages/px4_msgs/msg/_vte_orientation_s.c\n'}
[5.169120] (px4_msgs) StdoutLine: {'line': b'-- Up-to-date symlink: /home/ubuntu/px4_ros2_ws/install/px4_msgs/local/lib/python3.10/dist-packages/px4_msgs/msg/_vte_position.py\n'}
[5.169177] (px4_msgs) StdoutLine: {'line': b'-- Up-to-date symlink: /home/ubuntu/px4_ros2_ws/install/px4_msgs/local/lib/python3.10/dist-packages/px4_msgs/msg/_vte_position_s.c\n'}
[5.169241] (px4_msgs) StdoutLine: {'line': b'-- Up-to-date symlink: /home/ubuntu/px4_ros2_ws/install/px4_msgs/local/lib/python3.10/dist-packages/px4_msgs/msg/_vtol_vehicle_status.py\n'}
[5.169290] (px4_msgs) StdoutLine: {'line': b'-- Up-to-date symlink: /home/ubuntu/px4_ros2_ws/install/px4_msgs/local/lib/python3.10/dist-packages/px4_msgs/msg/_vtol_vehicle_status_s.c\n'}
[5.169342] (px4_msgs) StdoutLine: {'line': b'-- Up-to-date symlink: /home/ubuntu/px4_ros2_ws/install/px4_msgs/local/lib/python3.10/dist-packages/px4_msgs/msg/_vtx.py\n'}
[5.169394] (px4_msgs) StdoutLine: {'line': b'-- Up-to-date symlink: /home/ubuntu/px4_ros2_ws/install/px4_msgs/local/lib/python3.10/dist-packages/px4_msgs/msg/_vtx_s.c\n'}
[5.169455] (px4_msgs) StdoutLine: {'line': b'-- Up-to-date symlink: /home/ubuntu/px4_ros2_ws/install/px4_msgs/local/lib/python3.10/dist-packages/px4_msgs/msg/_wheel_encoders.py\n'}
[5.169511] (px4_msgs) StdoutLine: {'line': b'-- Up-to-date symlink: /home/ubuntu/px4_ros2_ws/install/px4_msgs/local/lib/python3.10/dist-packages/px4_msgs/msg/_wheel_encoders_s.c\n'}
[5.169573] (px4_msgs) StdoutLine: {'line': b'-- Up-to-date symlink: /home/ubuntu/px4_ros2_ws/install/px4_msgs/local/lib/python3.10/dist-packages/px4_msgs/msg/_wind.py\n'}
[5.169625] (px4_msgs) StdoutLine: {'line': b'-- Up-to-date symlink: /home/ubuntu/px4_ros2_ws/install/px4_msgs/local/lib/python3.10/dist-packages/px4_msgs/msg/_wind_s.c\n'}
[5.169682] (px4_msgs) StdoutLine: {'line': b'-- Up-to-date symlink: /home/ubuntu/px4_ros2_ws/install/px4_msgs/local/lib/python3.10/dist-packages/px4_msgs/msg/_yaw_estimator_status.py\n'}
[5.169732] (px4_msgs) StdoutLine: {'line': b'-- Up-to-date symlink: /home/ubuntu/px4_ros2_ws/install/px4_msgs/local/lib/python3.10/dist-packages/px4_msgs/msg/_yaw_estimator_status_s.c\n'}
[5.169789] (px4_msgs) StdoutLine: {'line': b'-- Up-to-date symlink: /home/ubuntu/px4_ros2_ws/install/px4_msgs/local/lib/python3.10/dist-packages/px4_msgs/px4_msgs_s__rosidl_typesupport_c.cpython-310-x86_64-linux-gnu.so\n'}
[5.169846] (px4_msgs) StdoutLine: {'line': b'-- Up-to-date symlink: /home/ubuntu/px4_ros2_ws/install/px4_msgs/local/lib/python3.10/dist-packages/px4_msgs/px4_msgs_s__rosidl_typesupport_fastrtps_c.cpython-310-x86_64-linux-gnu.so\n'}
[5.169901] (px4_msgs) StdoutLine: {'line': b'-- Up-to-date symlink: /home/ubuntu/px4_ros2_ws/install/px4_msgs/local/lib/python3.10/dist-packages/px4_msgs/px4_msgs_s__rosidl_typesupport_introspection_c.cpython-310-x86_64-linux-gnu.so\n'}
[5.169955] (px4_msgs) StdoutLine: {'line': b'-- Up-to-date symlink: /home/ubuntu/px4_ros2_ws/install/px4_msgs/local/lib/python3.10/dist-packages/px4_msgs/srv/__init__.py\n'}
[5.170012] (px4_msgs) StdoutLine: {'line': b'-- Up-to-date symlink: /home/ubuntu/px4_ros2_ws/install/px4_msgs/local/lib/python3.10/dist-packages/px4_msgs/srv/_vehicle_command.py\n'}
[5.170071] (px4_msgs) StdoutLine: {'line': b'-- Up-to-date symlink: /home/ubuntu/px4_ros2_ws/install/px4_msgs/local/lib/python3.10/dist-packages/px4_msgs/srv/_vehicle_command_s.c\n'}
[5.170418] (px4_msgs) StdoutLine: {'line': b'-- Up-to-date symlink: /home/ubuntu/px4_ros2_ws/install/px4_msgs/local/lib/python3.10/dist-packages/px4_msgs/px4_msgs_s__rosidl_typesupport_fastrtps_c.cpython-310-x86_64-linux-gnu.so\n'}
[5.170582] (px4_msgs) StdoutLine: {'line': b'-- Up-to-date symlink: /home/ubuntu/px4_ros2_ws/install/px4_msgs/local/lib/python3.10/dist-packages/px4_msgs/px4_msgs_s__rosidl_typesupport_introspection_c.cpython-310-x86_64-linux-gnu.so\n'}
[5.170716] (px4_msgs) StdoutLine: {'line': b'-- Up-to-date symlink: /home/ubuntu/px4_ros2_ws/install/px4_msgs/local/lib/python3.10/dist-packages/px4_msgs/px4_msgs_s__rosidl_typesupport_c.cpython-310-x86_64-linux-gnu.so\n'}
[5.170828] (px4_msgs) StdoutLine: {'line': b'-- Up-to-date symlink: /home/ubuntu/px4_ros2_ws/install/px4_msgs/share/ament_index/resource_index/rust_packages/px4_msgs\n'}
[5.171073] (px4_msgs) StdoutLine: {'line': b'-- Up-to-date symlink: /home/ubuntu/px4_ros2_ws/install/px4_msgs/share/px4_msgs/rust/Cargo.toml\n'}
[5.171133] (px4_msgs) StdoutLine: {'line': b'-- Up-to-date symlink: /home/ubuntu/px4_ros2_ws/install/px4_msgs/share/px4_msgs/rust/build.rs\n'}
[5.171184] (px4_msgs) StdoutLine: {'line': b'-- Up-to-date symlink: /home/ubuntu/px4_ros2_ws/install/px4_msgs/share/px4_msgs/rust/src/lib.rs\n'}
[5.171234] (px4_msgs) StdoutLine: {'line': b'-- Up-to-date symlink: /home/ubuntu/px4_ros2_ws/install/px4_msgs/share/px4_msgs/rust/src/msg.rs\n'}
[5.171292] (px4_msgs) StdoutLine: {'line': b'-- Up-to-date symlink: /home/ubuntu/px4_ros2_ws/install/px4_msgs/share/px4_msgs/rust/src/msg/rmw.rs\n'}
[5.171345] (px4_msgs) StdoutLine: {'line': b'-- Up-to-date symlink: /home/ubuntu/px4_ros2_ws/install/px4_msgs/share/px4_msgs/rust/src/srv.rs\n'}
[5.171402] (px4_msgs) StdoutLine: {'line': b'-- Up-to-date symlink: /home/ubuntu/px4_ros2_ws/install/px4_msgs/share/px4_msgs/rust/src/srv/rmw.rs\n'}
[5.171520] (px4_msgs) StdoutLine: {'line': b'-- Up-to-date symlink: /home/ubuntu/px4_ros2_ws/install/px4_msgs/share/px4_msgs/msg/ActionRequest.idl\n'}
[5.171603] (px4_msgs) StdoutLine: {'line': b'-- Up-to-date symlink: /home/ubuntu/px4_ros2_ws/install/px4_msgs/share/px4_msgs/msg/ActuatorArmed.idl\n'}
[5.171687] (px4_msgs) StdoutLine: {'line': b'-- Up-to-date symlink: /home/ubuntu/px4_ros2_ws/install/px4_msgs/share/px4_msgs/msg/ActuatorControlsStatus.idl\n'}
[5.171769] (px4_msgs) StdoutLine: {'line': b'-- Up-to-date symlink: /home/ubuntu/px4_ros2_ws/install/px4_msgs/share/px4_msgs/msg/ActuatorMotors.idl\n'}
[5.171845] (px4_msgs) StdoutLine: {'line': b'-- Up-to-date symlink: /home/ubuntu/px4_ros2_ws/install/px4_msgs/share/px4_msgs/msg/ActuatorOutputs.idl\n'}
[5.171933] (px4_msgs) StdoutLine: {'line': b'-- Up-to-date symlink: /home/ubuntu/px4_ros2_ws/install/px4_msgs/share/px4_msgs/msg/ActuatorServos.idl\n'}
[5.172020] (px4_msgs) StdoutLine: {'line': b'-- Up-to-date symlink: /home/ubuntu/px4_ros2_ws/install/px4_msgs/share/px4_msgs/msg/ActuatorServosTrim.idl\n'}
[5.172098] (px4_msgs) StdoutLine: {'line': b'-- Up-to-date symlink: /home/ubuntu/px4_ros2_ws/install/px4_msgs/share/px4_msgs/msg/ActuatorTest.idl\n'}
[5.172172] (px4_msgs) StdoutLine: {'line': b'-- Up-to-date symlink: /home/ubuntu/px4_ros2_ws/install/px4_msgs/share/px4_msgs/msg/AdcReport.idl\n'}
[5.172244] (px4_msgs) StdoutLine: {'line': b'-- Up-to-date symlink: /home/ubuntu/px4_ros2_ws/install/px4_msgs/share/px4_msgs/msg/Airspeed.idl\n'}
[5.172317] (px4_msgs) StdoutLine: {'line': b'-- Up-to-date symlink: /home/ubuntu/px4_ros2_ws/install/px4_msgs/share/px4_msgs/msg/AirspeedValidated.idl\n'}
[5.172390] (px4_msgs) StdoutLine: {'line': b'-- Up-to-date symlink: /home/ubuntu/px4_ros2_ws/install/px4_msgs/share/px4_msgs/msg/AirspeedWind.idl\n'}
[5.172466] (px4_msgs) StdoutLine: {'line': b'-- Up-to-date symlink: /home/ubuntu/px4_ros2_ws/install/px4_msgs/share/px4_msgs/msg/ArmingCheckReply.idl\n'}
[5.172540] (px4_msgs) StdoutLine: {'line': b'-- Up-to-date symlink: /home/ubuntu/px4_ros2_ws/install/px4_msgs/share/px4_msgs/msg/ArmingCheckRequest.idl\n'}
[5.172619] (px4_msgs) StdoutLine: {'line': b'-- Up-to-date symlink: /home/ubuntu/px4_ros2_ws/install/px4_msgs/share/px4_msgs/msg/AutotuneAttitudeControlStatus.idl\n'}
[5.172691] (px4_msgs) StdoutLine: {'line': b'-- Up-to-date symlink: /home/ubuntu/px4_ros2_ws/install/px4_msgs/share/px4_msgs/msg/AuxGlobalPosition.idl\n'}
[5.172768] (px4_msgs) StdoutLine: {'line': b'-- Up-to-date symlink: /home/ubuntu/px4_ros2_ws/install/px4_msgs/share/px4_msgs/msg/BatteryInfo.idl\n'}
[5.172843] (px4_msgs) StdoutLine: {'line': b'-- Up-to-date symlink: /home/ubuntu/px4_ros2_ws/install/px4_msgs/share/px4_msgs/msg/BatteryStatus.idl\n'}
[5.172922] (px4_msgs) StdoutLine: {'line': b'-- Up-to-date symlink: /home/ubuntu/px4_ros2_ws/install/px4_msgs/share/px4_msgs/msg/ButtonEvent.idl\n'}
[5.172994] (px4_msgs) StdoutLine: {'line': b'-- Up-to-date symlink: /home/ubuntu/px4_ros2_ws/install/px4_msgs/share/px4_msgs/msg/CameraCapture.idl\n'}
[5.173069] (px4_msgs) StdoutLine: {'line': b'-- Up-to-date symlink: /home/ubuntu/px4_ros2_ws/install/px4_msgs/share/px4_msgs/msg/CameraStatus.idl\n'}
[5.173154] (px4_msgs) StdoutLine: {'line': b'-- Up-to-date symlink: /home/ubuntu/px4_ros2_ws/install/px4_msgs/share/px4_msgs/msg/CameraTrigger.idl\n'}
[5.173232] (px4_msgs) StdoutLine: {'line': b'-- Up-to-date symlink: /home/ubuntu/px4_ros2_ws/install/px4_msgs/share/px4_msgs/msg/CanInterfaceStatus.idl\n'}
[5.173303] (px4_msgs) StdoutLine: {'line': b'-- Up-to-date symlink: /home/ubuntu/px4_ros2_ws/install/px4_msgs/share/px4_msgs/msg/CellularStatus.idl\n'}
[5.173386] (px4_msgs) StdoutLine: {'line': b'-- Up-to-date symlink: /home/ubuntu/px4_ros2_ws/install/px4_msgs/share/px4_msgs/msg/CollisionConstraints.idl\n'}
[5.173463] (px4_msgs) StdoutLine: {'line': b'-- Up-to-date symlink: /home/ubuntu/px4_ros2_ws/install/px4_msgs/share/px4_msgs/msg/ConfigOverrides.idl\n'}
[5.173540] (px4_msgs) StdoutLine: {'line': b'-- Up-to-date symlink: /home/ubuntu/px4_ros2_ws/install/px4_msgs/share/px4_msgs/msg/ControlAllocatorStatus.idl\n'}
[5.173610] (px4_msgs) StdoutLine: {'line': b'-- Up-to-date symlink: /home/ubuntu/px4_ros2_ws/install/px4_msgs/share/px4_msgs/msg/Cpuload.idl\n'}
[5.173679] (px4_msgs) StdoutLine: {'line': b'-- Up-to-date symlink: /home/ubuntu/px4_ros2_ws/install/px4_msgs/share/px4_msgs/msg/DatamanRequest.idl\n'}
[5.173756] (px4_msgs) StdoutLine: {'line': b'-- Up-to-date symlink: /home/ubuntu/px4_ros2_ws/install/px4_msgs/share/px4_msgs/msg/DatamanResponse.idl\n'}
[5.173824] (px4_msgs) StdoutLine: {'line': b'-- Up-to-date symlink: /home/ubuntu/px4_ros2_ws/install/px4_msgs/share/px4_msgs/msg/DebugArray.idl\n'}
[5.173895] (px4_msgs) StdoutLine: {'line': b'-- Up-to-date symlink: /home/ubuntu/px4_ros2_ws/install/px4_msgs/share/px4_msgs/msg/DebugKeyValue.idl\n'}
[5.173971] (px4_msgs) StdoutLine: {'line': b'-- Up-to-date symlink: /home/ubuntu/px4_ros2_ws/install/px4_msgs/share/px4_msgs/msg/DebugValue.idl\n'}
[5.174041] (px4_msgs) StdoutLine: {'line': b'-- Up-to-date symlink: /home/ubuntu/px4_ros2_ws/install/px4_msgs/share/px4_msgs/msg/DebugVect.idl\n'}
[5.174112] (px4_msgs) StdoutLine: {'line': b'-- Up-to-date symlink: /home/ubuntu/px4_ros2_ws/install/px4_msgs/share/px4_msgs/msg/DeviceInformation.idl\n'}
[5.174184] (px4_msgs) StdoutLine: {'line': b'-- Up-to-date symlink: /home/ubuntu/px4_ros2_ws/install/px4_msgs/share/px4_msgs/msg/DifferentialPressure.idl\n'}
[5.174254] (px4_msgs) StdoutLine: {'line': b'-- Up-to-date symlink: /home/ubuntu/px4_ros2_ws/install/px4_msgs/share/px4_msgs/msg/DistanceSensor.idl\n'}
[5.174326] (px4_msgs) StdoutLine: {'line': b'-- Up-to-date symlink: /home/ubuntu/px4_ros2_ws/install/px4_msgs/share/px4_msgs/msg/DistanceSensorModeChangeRequest.idl\n'}
[5.174398] (px4_msgs) StdoutLine: {'line': b'-- Up-to-date symlink: /home/ubuntu/px4_ros2_ws/install/px4_msgs/share/px4_msgs/msg/DronecanNodeStatus.idl\n'}
[5.174482] (px4_msgs) StdoutLine: {'line': b'-- Up-to-date symlink: /home/ubuntu/px4_ros2_ws/install/px4_msgs/share/px4_msgs/msg/Ekf2Timestamps.idl\n'}
[5.174549] (px4_msgs) StdoutLine: {'line': b'-- Up-to-date symlink: /home/ubuntu/px4_ros2_ws/install/px4_msgs/share/px4_msgs/msg/EscEepromRead.idl\n'}
[5.174620] (px4_msgs) StdoutLine: {'line': b'-- Up-to-date symlink: /home/ubuntu/px4_ros2_ws/install/px4_msgs/share/px4_msgs/msg/EscEepromWrite.idl\n'}
[5.174692] (px4_msgs) StdoutLine: {'line': b'-- Up-to-date symlink: /home/ubuntu/px4_ros2_ws/install/px4_msgs/share/px4_msgs/msg/EscReport.idl\n'}
[5.174758] (px4_msgs) StdoutLine: {'line': b'-- Up-to-date symlink: /home/ubuntu/px4_ros2_ws/install/px4_msgs/share/px4_msgs/msg/EscStatus.idl\n'}
[5.174830] (px4_msgs) StdoutLine: {'line': b'-- Up-to-date symlink: /home/ubuntu/px4_ros2_ws/install/px4_msgs/share/px4_msgs/msg/EstimatorAidSource1d.idl\n'}
[5.174899] (px4_msgs) StdoutLine: {'line': b'-- Up-to-date symlink: /home/ubuntu/px4_ros2_ws/install/px4_msgs/share/px4_msgs/msg/EstimatorAidSource2d.idl\n'}
[5.174969] (px4_msgs) StdoutLine: {'line': b'-- Up-to-date symlink: /home/ubuntu/px4_ros2_ws/install/px4_msgs/share/px4_msgs/msg/EstimatorAidSource3d.idl\n'}
[5.175040] (px4_msgs) StdoutLine: {'line': b'-- Up-to-date symlink: /home/ubuntu/px4_ros2_ws/install/px4_msgs/share/px4_msgs/msg/EstimatorBias.idl\n'}
[5.175112] (px4_msgs) StdoutLine: {'line': b'-- Up-to-date symlink: /home/ubuntu/px4_ros2_ws/install/px4_msgs/share/px4_msgs/msg/EstimatorBias3d.idl\n'}
[5.175182] (px4_msgs) StdoutLine: {'line': b'-- Up-to-date symlink: /home/ubuntu/px4_ros2_ws/install/px4_msgs/share/px4_msgs/msg/EstimatorEventFlags.idl\n'}
[5.175252] (px4_msgs) StdoutLine: {'line': b'-- Up-to-date symlink: /home/ubuntu/px4_ros2_ws/install/px4_msgs/share/px4_msgs/msg/EstimatorFusionControl.idl\n'}
[5.175320] (px4_msgs) StdoutLine: {'line': b'-- Up-to-date symlink: /home/ubuntu/px4_ros2_ws/install/px4_msgs/share/px4_msgs/msg/EstimatorGpsStatus.idl\n'}
[5.175392] (px4_msgs) StdoutLine: {'line': b'-- Up-to-date symlink: /home/ubuntu/px4_ros2_ws/install/px4_msgs/share/px4_msgs/msg/EstimatorInnovations.idl\n'}
[5.175467] (px4_msgs) StdoutLine: {'line': b'-- Up-to-date symlink: /home/ubuntu/px4_ros2_ws/install/px4_msgs/share/px4_msgs/msg/EstimatorSelectorStatus.idl\n'}
[5.175537] (px4_msgs) StdoutLine: {'line': b'-- Up-to-date symlink: /home/ubuntu/px4_ros2_ws/install/px4_msgs/share/px4_msgs/msg/EstimatorSensorBias.idl\n'}
[5.175606] (px4_msgs) StdoutLine: {'line': b'-- Up-to-date symlink: /home/ubuntu/px4_ros2_ws/install/px4_msgs/share/px4_msgs/msg/EstimatorStates.idl\n'}
[5.175680] (px4_msgs) StdoutLine: {'line': b'-- Up-to-date symlink: /home/ubuntu/px4_ros2_ws/install/px4_msgs/share/px4_msgs/msg/EstimatorStatus.idl\n'}
[5.175760] (px4_msgs) StdoutLine: {'line': b'-- Up-to-date symlink: /home/ubuntu/px4_ros2_ws/install/px4_msgs/share/px4_msgs/msg/EstimatorStatusFlags.idl\n'}
[5.175832] (px4_msgs) StdoutLine: {'line': b'-- Up-to-date symlink: /home/ubuntu/px4_ros2_ws/install/px4_msgs/share/px4_msgs/msg/Event.idl\n'}
[5.175906] (px4_msgs) StdoutLine: {'line': b'-- Up-to-date symlink: /home/ubuntu/px4_ros2_ws/install/px4_msgs/share/px4_msgs/msg/FailsafeFlags.idl\n'}
[5.175980] (px4_msgs) StdoutLine: {'line': b'-- Up-to-date symlink: /home/ubuntu/px4_ros2_ws/install/px4_msgs/share/px4_msgs/msg/FailureDetectorStatus.idl\n'}
[5.176056] (px4_msgs) StdoutLine: {'line': b'-- Up-to-date symlink: /home/ubuntu/px4_ros2_ws/install/px4_msgs/share/px4_msgs/msg/FailureInjection.idl\n'}
[5.176132] (px4_msgs) StdoutLine: {'line': b'-- Up-to-date symlink: /home/ubuntu/px4_ros2_ws/install/px4_msgs/share/px4_msgs/msg/FiducialMarkerPosReport.idl\n'}
[5.176204] (px4_msgs) StdoutLine: {'line': b'-- Up-to-date symlink: /home/ubuntu/px4_ros2_ws/install/px4_msgs/share/px4_msgs/msg/FiducialMarkerYawReport.idl\n'}
[5.176272] (px4_msgs) StdoutLine: {'line': b'-- Up-to-date symlink: /home/ubuntu/px4_ros2_ws/install/px4_msgs/share/px4_msgs/msg/FigureEightStatus.idl\n'}
[5.176347] (px4_msgs) StdoutLine: {'line': b'-- Up-to-date symlink: /home/ubuntu/px4_ros2_ws/install/px4_msgs/share/px4_msgs/msg/FixedWingLateralGuidanceStatus.idl\n'}
[5.176427] (px4_msgs) StdoutLine: {'line': b'-- Up-to-date symlink: /home/ubuntu/px4_ros2_ws/install/px4_msgs/share/px4_msgs/msg/FixedWingLateralSetpoint.idl\n'}
[5.176518] (px4_msgs) StdoutLine: {'line': b'-- Up-to-date symlink: /home/ubuntu/px4_ros2_ws/install/px4_msgs/share/px4_msgs/msg/FixedWingLateralStatus.idl\n'}
[5.176599] (px4_msgs) StdoutLine: {'line': b'-- Up-to-date symlink: /home/ubuntu/px4_ros2_ws/install/px4_msgs/share/px4_msgs/msg/FixedWingLongitudinalSetpoint.idl\n'}
[5.176670] (px4_msgs) StdoutLine: {'line': b'-- Up-to-date symlink: /home/ubuntu/px4_ros2_ws/install/px4_msgs/share/px4_msgs/msg/FixedWingRunwayControl.idl\n'}
[5.176748] (px4_msgs) StdoutLine: {'line': b'-- Up-to-date symlink: /home/ubuntu/px4_ros2_ws/install/px4_msgs/share/px4_msgs/msg/FlightPhaseEstimation.idl\n'}
[5.176825] (px4_msgs) StdoutLine: {'line': b'-- Up-to-date symlink: /home/ubuntu/px4_ros2_ws/install/px4_msgs/share/px4_msgs/msg/FollowTarget.idl\n'}
[5.176903] (px4_msgs) StdoutLine: {'line': b'-- Up-to-date symlink: /home/ubuntu/px4_ros2_ws/install/px4_msgs/share/px4_msgs/msg/FollowTargetEstimator.idl\n'}
[5.176980] (px4_msgs) StdoutLine: {'line': b'-- Up-to-date symlink: /home/ubuntu/px4_ros2_ws/install/px4_msgs/share/px4_msgs/msg/FollowTargetStatus.idl\n'}
[5.177055] (px4_msgs) StdoutLine: {'line': b'-- Up-to-date symlink: /home/ubuntu/px4_ros2_ws/install/px4_msgs/share/px4_msgs/msg/FuelTankStatus.idl\n'}
[5.177137] (px4_msgs) StdoutLine: {'line': b'-- Up-to-date symlink: /home/ubuntu/px4_ros2_ws/install/px4_msgs/share/px4_msgs/msg/GainCompression.idl\n'}
[5.177211] (px4_msgs) StdoutLine: {'line': b'-- Up-to-date symlink: /home/ubuntu/px4_ros2_ws/install/px4_msgs/share/px4_msgs/msg/GeneratorStatus.idl\n'}
[5.177316] (px4_msgs) StdoutLine: {'line': b'-- Up-to-date symlink: /home/ubuntu/px4_ros2_ws/install/px4_msgs/share/px4_msgs/msg/GeofenceResult.idl\n'}
[5.177395] (px4_msgs) StdoutLine: {'line': b'-- Up-to-date symlink: /home/ubuntu/px4_ros2_ws/install/px4_msgs/share/px4_msgs/msg/GeofenceStatus.idl\n'}
[5.177462] (px4_msgs) StdoutLine: {'line': b'-- Up-to-date symlink: /home/ubuntu/px4_ros2_ws/install/px4_msgs/share/px4_msgs/msg/GimbalControls.idl\n'}
[5.177548] (px4_msgs) StdoutLine: {'line': b'-- Up-to-date symlink: /home/ubuntu/px4_ros2_ws/install/px4_msgs/share/px4_msgs/msg/GimbalDeviceAttitudeStatus.idl\n'}
[5.177621] (px4_msgs) StdoutLine: {'line': b'-- Up-to-date symlink: /home/ubuntu/px4_ros2_ws/install/px4_msgs/share/px4_msgs/msg/GimbalDeviceInformation.idl\n'}
[5.177685] (px4_msgs) StdoutLine: {'line': b'-- Up-to-date symlink: /home/ubuntu/px4_ros2_ws/install/px4_msgs/share/px4_msgs/msg/GimbalDeviceSetAttitude.idl\n'}
[5.177756] (px4_msgs) StdoutLine: {'line': b'-- Up-to-date symlink: /home/ubuntu/px4_ros2_ws/install/px4_msgs/share/px4_msgs/msg/GimbalManagerInformation.idl\n'}
[5.177831] (px4_msgs) StdoutLine: {'line': b'-- Up-to-date symlink: /home/ubuntu/px4_ros2_ws/install/px4_msgs/share/px4_msgs/msg/GimbalManagerSetAttitude.idl\n'}
[5.177901] (px4_msgs) StdoutLine: {'line': b'-- Up-to-date symlink: /home/ubuntu/px4_ros2_ws/install/px4_msgs/share/px4_msgs/msg/GimbalManagerSetManualControl.idl\n'}
[5.177972] (px4_msgs) StdoutLine: {'line': b'-- Up-to-date symlink: /home/ubuntu/px4_ros2_ws/install/px4_msgs/share/px4_msgs/msg/GimbalManagerStatus.idl\n'}
[5.178043] (px4_msgs) StdoutLine: {'line': b'-- Up-to-date symlink: /home/ubuntu/px4_ros2_ws/install/px4_msgs/share/px4_msgs/msg/GotoSetpoint.idl\n'}
[5.178115] (px4_msgs) StdoutLine: {'line': b'-- Up-to-date symlink: /home/ubuntu/px4_ros2_ws/install/px4_msgs/share/px4_msgs/msg/GpioConfig.idl\n'}
[5.178188] (px4_msgs) StdoutLine: {'line': b'-- Up-to-date symlink: /home/ubuntu/px4_ros2_ws/install/px4_msgs/share/px4_msgs/msg/GpioIn.idl\n'}
[5.178262] (px4_msgs) StdoutLine: {'line': b'-- Up-to-date symlink: /home/ubuntu/px4_ros2_ws/install/px4_msgs/share/px4_msgs/msg/GpioOut.idl\n'}
[5.178335] (px4_msgs) StdoutLine: {'line': b'-- Up-to-date symlink: /home/ubuntu/px4_ros2_ws/install/px4_msgs/share/px4_msgs/msg/GpioRequest.idl\n'}
[5.178408] (px4_msgs) StdoutLine: {'line': b'-- Up-to-date symlink: /home/ubuntu/px4_ros2_ws/install/px4_msgs/share/px4_msgs/msg/GpsDump.idl\n'}
[5.178493] (px4_msgs) StdoutLine: {'line': b'-- Up-to-date symlink: /home/ubuntu/px4_ros2_ws/install/px4_msgs/share/px4_msgs/msg/Gripper.idl\n'}
[5.178601] (px4_msgs) StdoutLine: {'line': b'-- Up-to-date symlink: /home/ubuntu/px4_ros2_ws/install/px4_msgs/share/px4_msgs/msg/HealthReport.idl\n'}
[5.178754] (px4_msgs) StdoutLine: {'line': b'-- Up-to-date symlink: /home/ubuntu/px4_ros2_ws/install/px4_msgs/share/px4_msgs/msg/HeaterStatus.idl\n'}
[5.178811] (px4_msgs) StdoutLine: {'line': b'-- Up-to-date symlink: /home/ubuntu/px4_ros2_ws/install/px4_msgs/share/px4_msgs/msg/HomePosition.idl\n'}
[5.178860] (px4_msgs) StdoutLine: {'line': b'-- Up-to-date symlink: /home/ubuntu/px4_ros2_ws/install/px4_msgs/share/px4_msgs/msg/HoverThrustEstimate.idl\n'}
[5.178922] (px4_msgs) StdoutLine: {'line': b'-- Up-to-date symlink: /home/ubuntu/px4_ros2_ws/install/px4_msgs/share/px4_msgs/msg/InputRc.idl\n'}
[5.178991] (px4_msgs) StdoutLine: {'line': b'-- Up-to-date symlink: /home/ubuntu/px4_ros2_ws/install/px4_msgs/share/px4_msgs/msg/InternalCombustionEngineControl.idl\n'}
[5.179062] (px4_msgs) StdoutLine: {'line': b'-- Up-to-date symlink: /home/ubuntu/px4_ros2_ws/install/px4_msgs/share/px4_msgs/msg/InternalCombustionEngineStatus.idl\n'}
[5.179134] (px4_msgs) StdoutLine: {'line': b'-- Up-to-date symlink: /home/ubuntu/px4_ros2_ws/install/px4_msgs/share/px4_msgs/msg/IridiumsbdStatus.idl\n'}
[5.179206] (px4_msgs) StdoutLine: {'line': b'-- Up-to-date symlink: /home/ubuntu/px4_ros2_ws/install/px4_msgs/share/px4_msgs/msg/IrlockReport.idl\n'}
[5.179281] (px4_msgs) StdoutLine: {'line': b'-- Up-to-date symlink: /home/ubuntu/px4_ros2_ws/install/px4_msgs/share/px4_msgs/msg/LandingGear.idl\n'}
[5.179354] (px4_msgs) StdoutLine: {'line': b'-- Up-to-date symlink: /home/ubuntu/px4_ros2_ws/install/px4_msgs/share/px4_msgs/msg/LandingGearWheel.idl\n'}
[5.179437] (px4_msgs) StdoutLine: {'line': b'-- Up-to-date symlink: /home/ubuntu/px4_ros2_ws/install/px4_msgs/share/px4_msgs/msg/LandingTargetInnovations.idl\n'}
[5.179521] (px4_msgs) StdoutLine: {'line': b'-- Up-to-date symlink: /home/ubuntu/px4_ros2_ws/install/px4_msgs/share/px4_msgs/msg/LandingTargetPose.idl\n'}
[5.179597] (px4_msgs) StdoutLine: {'line': b'-- Up-to-date symlink: /home/ubuntu/px4_ros2_ws/install/px4_msgs/share/px4_msgs/msg/LateralControlConfiguration.idl\n'}
[5.179674] (px4_msgs) StdoutLine: {'line': b'-- Up-to-date symlink: /home/ubuntu/px4_ros2_ws/install/px4_msgs/share/px4_msgs/msg/LaunchDetectionStatus.idl\n'}
[5.179750] (px4_msgs) StdoutLine: {'line': b'-- Up-to-date symlink: /home/ubuntu/px4_ros2_ws/install/px4_msgs/share/px4_msgs/msg/LedControl.idl\n'}
[5.179820] (px4_msgs) StdoutLine: {'line': b'-- Up-to-date symlink: /home/ubuntu/px4_ros2_ws/install/px4_msgs/share/px4_msgs/msg/LogMessage.idl\n'}
[5.179895] (px4_msgs) StdoutLine: {'line': b'-- Up-to-date symlink: /home/ubuntu/px4_ros2_ws/install/px4_msgs/share/px4_msgs/msg/LoggerStatus.idl\n'}
[5.179972] (px4_msgs) StdoutLine: {'line': b'-- Up-to-date symlink: /home/ubuntu/px4_ros2_ws/install/px4_msgs/share/px4_msgs/msg/LongitudinalControlConfiguration.idl\n'}
[5.180047] (px4_msgs) StdoutLine: {'line': b'-- Up-to-date symlink: /home/ubuntu/px4_ros2_ws/install/px4_msgs/share/px4_msgs/msg/MagWorkerData.idl\n'}
[5.180119] (px4_msgs) StdoutLine: {'line': b'-- Up-to-date symlink: /home/ubuntu/px4_ros2_ws/install/px4_msgs/share/px4_msgs/msg/MagnetometerBiasEstimate.idl\n'}
[5.180188] (px4_msgs) StdoutLine: {'line': b'-- Up-to-date symlink: /home/ubuntu/px4_ros2_ws/install/px4_msgs/share/px4_msgs/msg/ManualControlSetpoint.idl\n'}
[5.180262] (px4_msgs) StdoutLine: {'line': b'-- Up-to-date symlink: /home/ubuntu/px4_ros2_ws/install/px4_msgs/share/px4_msgs/msg/ManualControlSwitches.idl\n'}
[5.180330] (px4_msgs) StdoutLine: {'line': b'-- Up-to-date symlink: /home/ubuntu/px4_ros2_ws/install/px4_msgs/share/px4_msgs/msg/MavlinkLog.idl\n'}
[5.180404] (px4_msgs) StdoutLine: {'line': b'-- Up-to-date symlink: /home/ubuntu/px4_ros2_ws/install/px4_msgs/share/px4_msgs/msg/MavlinkTunnel.idl\n'}
[5.180509] (px4_msgs) StdoutLine: {'line': b'-- Up-to-date symlink: /home/ubuntu/px4_ros2_ws/install/px4_msgs/share/px4_msgs/msg/MessageFormatRequest.idl\n'}
[5.180589] (px4_msgs) StdoutLine: {'line': b'-- Up-to-date symlink: /home/ubuntu/px4_ros2_ws/install/px4_msgs/share/px4_msgs/msg/MessageFormatResponse.idl\n'}
[5.180652] (px4_msgs) StdoutLine: {'line': b'-- Up-to-date symlink: /home/ubuntu/px4_ros2_ws/install/px4_msgs/share/px4_msgs/msg/Mission.idl\n'}
[5.180720] (px4_msgs) StdoutLine: {'line': b'-- Up-to-date symlink: /home/ubuntu/px4_ros2_ws/install/px4_msgs/share/px4_msgs/msg/MissionResult.idl\n'}
[5.180791] (px4_msgs) StdoutLine: {'line': b'-- Up-to-date symlink: /home/ubuntu/px4_ros2_ws/install/px4_msgs/share/px4_msgs/msg/ModeCompleted.idl\n'}
[5.180860] (px4_msgs) StdoutLine: {'line': b'-- Up-to-date symlink: /home/ubuntu/px4_ros2_ws/install/px4_msgs/share/px4_msgs/msg/MountOrientation.idl\n'}
[5.180933] (px4_msgs) StdoutLine: {'line': b'-- Up-to-date symlink: /home/ubuntu/px4_ros2_ws/install/px4_msgs/share/px4_msgs/msg/NavigatorMissionItem.idl\n'}
[5.181002] (px4_msgs) StdoutLine: {'line': b'-- Up-to-date symlink: /home/ubuntu/px4_ros2_ws/install/px4_msgs/share/px4_msgs/msg/NavigatorStatus.idl\n'}
[5.181072] (px4_msgs) StdoutLine: {'line': b'-- Up-to-date symlink: /home/ubuntu/px4_ros2_ws/install/px4_msgs/share/px4_msgs/msg/NeuralControl.idl\n'}
[5.181143] (px4_msgs) StdoutLine: {'line': b'-- Up-to-date symlink: /home/ubuntu/px4_ros2_ws/install/px4_msgs/share/px4_msgs/msg/NormalizedUnsignedSetpoint.idl\n'}
[5.181212] (px4_msgs) StdoutLine: {'line': b'-- Up-to-date symlink: /home/ubuntu/px4_ros2_ws/install/px4_msgs/share/px4_msgs/msg/ObstacleDistance.idl\n'}
[5.181281] (px4_msgs) StdoutLine: {'line': b'-- Up-to-date symlink: /home/ubuntu/px4_ros2_ws/install/px4_msgs/share/px4_msgs/msg/OffboardControlMode.idl\n'}
[5.181355] (px4_msgs) StdoutLine: {'line': b'-- Up-to-date symlink: /home/ubuntu/px4_ros2_ws/install/px4_msgs/share/px4_msgs/msg/OnboardComputerStatus.idl\n'}
[5.181421] (px4_msgs) StdoutLine: {'line': b'-- Up-to-date symlink: /home/ubuntu/px4_ros2_ws/install/px4_msgs/share/px4_msgs/msg/OpenDroneIdArmStatus.idl\n'}
[5.181495] (px4_msgs) StdoutLine: {'line': b'-- Up-to-date symlink: /home/ubuntu/px4_ros2_ws/install/px4_msgs/share/px4_msgs/msg/OpenDroneIdBasicId.idl\n'}
[5.181568] (px4_msgs) StdoutLine: {'line': b'-- Up-to-date symlink: /home/ubuntu/px4_ros2_ws/install/px4_msgs/share/px4_msgs/msg/OpenDroneIdOperatorId.idl\n'}
[5.181636] (px4_msgs) StdoutLine: {'line': b'-- Up-to-date symlink: /home/ubuntu/px4_ros2_ws/install/px4_msgs/share/px4_msgs/msg/OpenDroneIdSelfId.idl\n'}
[5.181708] (px4_msgs) StdoutLine: {'line': b'-- Up-to-date symlink: /home/ubuntu/px4_ros2_ws/install/px4_msgs/share/px4_msgs/msg/OpenDroneIdSystem.idl\n'}
[5.181776] (px4_msgs) StdoutLine: {'line': b'-- Up-to-date symlink: /home/ubuntu/px4_ros2_ws/install/px4_msgs/share/px4_msgs/msg/OrbTest.idl\n'}
[5.181845] (px4_msgs) StdoutLine: {'line': b'-- Up-to-date symlink: /home/ubuntu/px4_ros2_ws/install/px4_msgs/share/px4_msgs/msg/OrbTestLarge.idl\n'}
[5.181914] (px4_msgs) StdoutLine: {'line': b'-- Up-to-date symlink: /home/ubuntu/px4_ros2_ws/install/px4_msgs/share/px4_msgs/msg/OrbTestMedium.idl\n'}
[5.181983] (px4_msgs) StdoutLine: {'line': b'-- Up-to-date symlink: /home/ubuntu/px4_ros2_ws/install/px4_msgs/share/px4_msgs/msg/OrbitStatus.idl\n'}
[5.182055] (px4_msgs) StdoutLine: {'line': b'-- Up-to-date symlink: /home/ubuntu/px4_ros2_ws/install/px4_msgs/share/px4_msgs/msg/ParameterResetRequest.idl\n'}
[5.182127] (px4_msgs) StdoutLine: {'line': b'-- Up-to-date symlink: /home/ubuntu/px4_ros2_ws/install/px4_msgs/share/px4_msgs/msg/ParameterSetUsedRequest.idl\n'}
[5.182197] (px4_msgs) StdoutLine: {'line': b'-- Up-to-date symlink: /home/ubuntu/px4_ros2_ws/install/px4_msgs/share/px4_msgs/msg/ParameterSetValueRequest.idl\n'}
[5.182311] (px4_msgs) StdoutLine: {'line': b'-- Up-to-date symlink: /home/ubuntu/px4_ros2_ws/install/px4_msgs/share/px4_msgs/msg/ParameterSetValueResponse.idl\n'}
[5.182400] (px4_msgs) StdoutLine: {'line': b'-- Up-to-date symlink: /home/ubuntu/px4_ros2_ws/install/px4_msgs/share/px4_msgs/msg/ParameterUpdate.idl\n'}
[5.182465] (px4_msgs) StdoutLine: {'line': b'-- Up-to-date symlink: /home/ubuntu/px4_ros2_ws/install/px4_msgs/share/px4_msgs/msg/Ping.idl\n'}
[5.182528] (px4_msgs) StdoutLine: {'line': b'-- Up-to-date symlink: /home/ubuntu/px4_ros2_ws/install/px4_msgs/share/px4_msgs/msg/PositionControllerLandingStatus.idl\n'}
[5.182581] (px4_msgs) StdoutLine: {'line': b'-- Up-to-date symlink: /home/ubuntu/px4_ros2_ws/install/px4_msgs/share/px4_msgs/msg/PositionControllerStatus.idl\n'}
[5.182638] (px4_msgs) StdoutLine: {'line': b'-- Up-to-date symlink: /home/ubuntu/px4_ros2_ws/install/px4_msgs/share/px4_msgs/msg/PositionSetpoint.idl\n'}
[5.182727] (px4_msgs) StdoutLine: {'line': b'-- Up-to-date symlink: /home/ubuntu/px4_ros2_ws/install/px4_msgs/share/px4_msgs/msg/PositionSetpointTriplet.idl\n'}
[5.182777] (px4_msgs) StdoutLine: {'line': b'-- Up-to-date symlink: /home/ubuntu/px4_ros2_ws/install/px4_msgs/share/px4_msgs/msg/PowerButtonState.idl\n'}
[5.182835] (px4_msgs) StdoutLine: {'line': b'-- Up-to-date symlink: /home/ubuntu/px4_ros2_ws/install/px4_msgs/share/px4_msgs/msg/PowerMonitor.idl\n'}
[5.182900] (px4_msgs) StdoutLine: {'line': b'-- Up-to-date symlink: /home/ubuntu/px4_ros2_ws/install/px4_msgs/share/px4_msgs/msg/PpsCapture.idl\n'}
[5.182965] (px4_msgs) StdoutLine: {'line': b'-- Up-to-date symlink: /home/ubuntu/px4_ros2_ws/install/px4_msgs/share/px4_msgs/msg/PrecLandStatus.idl\n'}
[5.183045] (px4_msgs) StdoutLine: {'line': b'-- Up-to-date symlink: /home/ubuntu/px4_ros2_ws/install/px4_msgs/share/px4_msgs/msg/PurePursuitStatus.idl\n'}
[5.183103] (px4_msgs) StdoutLine: {'line': b'-- Up-to-date symlink: /home/ubuntu/px4_ros2_ws/install/px4_msgs/share/px4_msgs/msg/PwmInput.idl\n'}
[5.183166] (px4_msgs) StdoutLine: {'line': b'-- Up-to-date symlink: /home/ubuntu/px4_ros2_ws/install/px4_msgs/share/px4_msgs/msg/Px4ioStatus.idl\n'}
[5.183229] (px4_msgs) StdoutLine: {'line': b'-- Up-to-date symlink: /home/ubuntu/px4_ros2_ws/install/px4_msgs/share/px4_msgs/msg/QshellReq.idl\n'}
[5.183298] (px4_msgs) StdoutLine: {'line': b'-- Up-to-date symlink: /home/ubuntu/px4_ros2_ws/install/px4_msgs/share/px4_msgs/msg/QshellRetval.idl\n'}
[5.183369] (px4_msgs) StdoutLine: {'line': b'-- Up-to-date symlink: /home/ubuntu/px4_ros2_ws/install/px4_msgs/share/px4_msgs/msg/RadioStatus.idl\n'}
[5.183443] (px4_msgs) StdoutLine: {'line': b'-- Up-to-date symlink: /home/ubuntu/px4_ros2_ws/install/px4_msgs/share/px4_msgs/msg/RangingBeacon.idl\n'}
[5.183522] (px4_msgs) StdoutLine: {'line': b'-- Up-to-date symlink: /home/ubuntu/px4_ros2_ws/install/px4_msgs/share/px4_msgs/msg/RaptorInput.idl\n'}
[5.183585] (px4_msgs) StdoutLine: {'line': b'-- Up-to-date symlink: /home/ubuntu/px4_ros2_ws/install/px4_msgs/share/px4_msgs/msg/RaptorStatus.idl\n'}
[5.183648] (px4_msgs) StdoutLine: {'line': b'-- Up-to-date symlink: /home/ubuntu/px4_ros2_ws/install/px4_msgs/share/px4_msgs/msg/RateCtrlStatus.idl\n'}
[5.183713] (px4_msgs) StdoutLine: {'line': b'-- Up-to-date symlink: /home/ubuntu/px4_ros2_ws/install/px4_msgs/share/px4_msgs/msg/RcChannels.idl\n'}
[5.183775] (px4_msgs) StdoutLine: {'line': b'-- Up-to-date symlink: /home/ubuntu/px4_ros2_ws/install/px4_msgs/share/px4_msgs/msg/RcParameterMap.idl\n'}
[5.183844] (px4_msgs) StdoutLine: {'line': b'-- Up-to-date symlink: /home/ubuntu/px4_ros2_ws/install/px4_msgs/share/px4_msgs/msg/RegisterExtComponentReply.idl\n'}
[5.183926] (px4_msgs) StdoutLine: {'line': b'-- Up-to-date symlink: /home/ubuntu/px4_ros2_ws/install/px4_msgs/share/px4_msgs/msg/RegisterExtComponentRequest.idl\n'}
[5.183988] (px4_msgs) StdoutLine: {'line': b'-- Up-to-date symlink: /home/ubuntu/px4_ros2_ws/install/px4_msgs/share/px4_msgs/msg/RoverAttitudeSetpoint.idl\n'}
[5.184106] (px4_msgs) StdoutLine: {'line': b'-- Up-to-date symlink: /home/ubuntu/px4_ros2_ws/install/px4_msgs/share/px4_msgs/msg/RoverAttitudeStatus.idl\n'}
[5.184361] (px4_msgs) StdoutLine: {'line': b'-- Up-to-date symlink: /home/ubuntu/px4_ros2_ws/install/px4_msgs/share/px4_msgs/msg/RoverPositionSetpoint.idl\n'}
[5.184440] (px4_msgs) StdoutLine: {'line': b'-- Up-to-date symlink: /home/ubuntu/px4_ros2_ws/install/px4_msgs/share/px4_msgs/msg/RoverRateSetpoint.idl\n'}
[5.184483] (px4_msgs) StdoutLine: {'line': b'-- Up-to-date symlink: /home/ubuntu/px4_ros2_ws/install/px4_msgs/share/px4_msgs/msg/RoverRateStatus.idl\n'}
[5.184517] (px4_msgs) StdoutLine: {'line': b'-- Up-to-date symlink: /home/ubuntu/px4_ros2_ws/install/px4_msgs/share/px4_msgs/msg/RoverSpeedSetpoint.idl\n'}
[5.184580] (px4_msgs) StdoutLine: {'line': b'-- Up-to-date symlink: /home/ubuntu/px4_ros2_ws/install/px4_msgs/share/px4_msgs/msg/RoverSpeedStatus.idl\n'}
[5.184668] (px4_msgs) StdoutLine: {'line': b'-- Up-to-date symlink: /home/ubuntu/px4_ros2_ws/install/px4_msgs/share/px4_msgs/msg/RoverSteeringSetpoint.idl\n'}
[5.184858] (px4_msgs) StdoutLine: {'line': b'-- Up-to-date symlink: /home/ubuntu/px4_ros2_ws/install/px4_msgs/share/px4_msgs/msg/RoverThrottleSetpoint.idl\n'}
[5.185008] (px4_msgs) StdoutLine: {'line': b'-- Up-to-date symlink: /home/ubuntu/px4_ros2_ws/install/px4_msgs/share/px4_msgs/msg/Rpm.idl\n'}
[5.185102] (px4_msgs) StdoutLine: {'line': b'-- Up-to-date symlink: /home/ubuntu/px4_ros2_ws/install/px4_msgs/share/px4_msgs/msg/RtcmData.idl\n'}
[5.185193] (px4_msgs) StdoutLine: {'line': b'-- Up-to-date symlink: /home/ubuntu/px4_ros2_ws/install/px4_msgs/share/px4_msgs/msg/RtlStatus.idl\n'}
[5.185285] (px4_msgs) StdoutLine: {'line': b'-- Up-to-date symlink: /home/ubuntu/px4_ros2_ws/install/px4_msgs/share/px4_msgs/msg/RtlTimeEstimate.idl\n'}
[5.185440] (px4_msgs) StdoutLine: {'line': b'-- Up-to-date symlink: /home/ubuntu/px4_ros2_ws/install/px4_msgs/share/px4_msgs/msg/SatelliteInfo.idl\n'}
[5.185549] (px4_msgs) StdoutLine: {'line': b'-- Up-to-date symlink: /home/ubuntu/px4_ros2_ws/install/px4_msgs/share/px4_msgs/msg/SensorAccel.idl\n'}
[5.185647] (px4_msgs) StdoutLine: {'line': b'-- Up-to-date symlink: /home/ubuntu/px4_ros2_ws/install/px4_msgs/share/px4_msgs/msg/SensorAccelFifo.idl\n'}
[5.185727] (px4_msgs) StdoutLine: {'line': b'-- Up-to-date symlink: /home/ubuntu/px4_ros2_ws/install/px4_msgs/share/px4_msgs/msg/SensorAirflow.idl\n'}
[5.185809] (px4_msgs) StdoutLine: {'line': b'-- Up-to-date symlink: /home/ubuntu/px4_ros2_ws/install/px4_msgs/share/px4_msgs/msg/SensorBaro.idl\n'}
[5.185890] (px4_msgs) StdoutLine: {'line': b'-- Up-to-date symlink: /home/ubuntu/px4_ros2_ws/install/px4_msgs/share/px4_msgs/msg/SensorCombined.idl\n'}
[5.185969] (px4_msgs) StdoutLine: {'line': b'-- Up-to-date symlink: /home/ubuntu/px4_ros2_ws/install/px4_msgs/share/px4_msgs/msg/SensorCorrection.idl\n'}
[5.186044] (px4_msgs) StdoutLine: {'line': b'-- Up-to-date symlink: /home/ubuntu/px4_ros2_ws/install/px4_msgs/share/px4_msgs/msg/SensorGnssRelative.idl\n'}
[5.186120] (px4_msgs) StdoutLine: {'line': b'-- Up-to-date symlink: /home/ubuntu/px4_ros2_ws/install/px4_msgs/share/px4_msgs/msg/SensorGnssStatus.idl\n'}
[5.186196] (px4_msgs) StdoutLine: {'line': b'-- Up-to-date symlink: /home/ubuntu/px4_ros2_ws/install/px4_msgs/share/px4_msgs/msg/SensorGps.idl\n'}
[5.186372] (px4_msgs) StdoutLine: {'line': b'-- Up-to-date symlink: /home/ubuntu/px4_ros2_ws/install/px4_msgs/share/px4_msgs/msg/SensorGyro.idl\n'}
[5.186495] (px4_msgs) StdoutLine: {'line': b'-- Up-to-date symlink: /home/ubuntu/px4_ros2_ws/install/px4_msgs/share/px4_msgs/msg/SensorGyroFft.idl\n'}
[5.186601] (px4_msgs) StdoutLine: {'line': b'-- Up-to-date symlink: /home/ubuntu/px4_ros2_ws/install/px4_msgs/share/px4_msgs/msg/SensorGyroFifo.idl\n'}
[5.186714] (px4_msgs) StdoutLine: {'line': b'-- Up-to-date symlink: /home/ubuntu/px4_ros2_ws/install/px4_msgs/share/px4_msgs/msg/SensorHygrometer.idl\n'}
[5.186830] (px4_msgs) StdoutLine: {'line': b'-- Up-to-date symlink: /home/ubuntu/px4_ros2_ws/install/px4_msgs/share/px4_msgs/msg/SensorMag.idl\n'}
[5.186909] (px4_msgs) StdoutLine: {'line': b'-- Up-to-date symlink: /home/ubuntu/px4_ros2_ws/install/px4_msgs/share/px4_msgs/msg/SensorOpticalFlow.idl\n'}
[5.187037] (px4_msgs) StdoutLine: {'line': b'-- Up-to-date symlink: /home/ubuntu/px4_ros2_ws/install/px4_msgs/share/px4_msgs/msg/SensorPreflightMag.idl\n'}
[5.187154] (px4_msgs) StdoutLine: {'line': b'-- Up-to-date symlink: /home/ubuntu/px4_ros2_ws/install/px4_msgs/share/px4_msgs/msg/SensorSelection.idl\n'}
[5.187230] (px4_msgs) StdoutLine: {'line': b'-- Up-to-date symlink: /home/ubuntu/px4_ros2_ws/install/px4_msgs/share/px4_msgs/msg/SensorTemp.idl\n'}
[5.187306] (px4_msgs) StdoutLine: {'line': b'-- Up-to-date symlink: /home/ubuntu/px4_ros2_ws/install/px4_msgs/share/px4_msgs/msg/SensorUwb.idl\n'}
[5.187380] (px4_msgs) StdoutLine: {'line': b'-- Up-to-date symlink: /home/ubuntu/px4_ros2_ws/install/px4_msgs/share/px4_msgs/msg/SensorsStatus.idl\n'}
[5.187463] (px4_msgs) StdoutLine: {'line': b'-- Up-to-date symlink: /home/ubuntu/px4_ros2_ws/install/px4_msgs/share/px4_msgs/msg/SensorsStatusImu.idl\n'}
[5.187614] (px4_msgs) StdoutLine: {'line': b'-- Up-to-date symlink: /home/ubuntu/px4_ros2_ws/install/px4_msgs/share/px4_msgs/msg/SetpointConfig.idl\n'}
[5.187688] (px4_msgs) StdoutLine: {'line': b'-- Up-to-date symlink: /home/ubuntu/px4_ros2_ws/install/px4_msgs/share/px4_msgs/msg/SetpointConfigReply.idl\n'}
[5.187762] (px4_msgs) StdoutLine: {'line': b'-- Up-to-date symlink: /home/ubuntu/px4_ros2_ws/install/px4_msgs/share/px4_msgs/msg/SystemPower.idl\n'}
[5.187837] (px4_msgs) StdoutLine: {'line': b'-- Up-to-date symlink: /home/ubuntu/px4_ros2_ws/install/px4_msgs/share/px4_msgs/msg/TakeoffStatus.idl\n'}
[5.187914] (px4_msgs) StdoutLine: {'line': b'-- Up-to-date symlink: /home/ubuntu/px4_ros2_ws/install/px4_msgs/share/px4_msgs/msg/TargetGnss.idl\n'}
[5.187988] (px4_msgs) StdoutLine: {'line': b'-- Up-to-date symlink: /home/ubuntu/px4_ros2_ws/install/px4_msgs/share/px4_msgs/msg/TaskStackInfo.idl\n'}
[5.188061] (px4_msgs) StdoutLine: {'line': b'-- Up-to-date symlink: /home/ubuntu/px4_ros2_ws/install/px4_msgs/share/px4_msgs/msg/TecsStatus.idl\n'}
[5.188159] (px4_msgs) StdoutLine: {'line': b'-- Up-to-date symlink: /home/ubuntu/px4_ros2_ws/install/px4_msgs/share/px4_msgs/msg/TelemetryStatus.idl\n'}
[5.188231] (px4_msgs) StdoutLine: {'line': b'-- Up-to-date symlink: /home/ubuntu/px4_ros2_ws/install/px4_msgs/share/px4_msgs/msg/TiltrotorExtraControls.idl\n'}
[5.188304] (px4_msgs) StdoutLine: {'line': b'-- Up-to-date symlink: /home/ubuntu/px4_ros2_ws/install/px4_msgs/share/px4_msgs/msg/TimesyncStatus.idl\n'}
[5.188377] (px4_msgs) StdoutLine: {'line': b'-- Up-to-date symlink: /home/ubuntu/px4_ros2_ws/install/px4_msgs/share/px4_msgs/msg/TrajectorySetpoint.idl\n'}
[5.188453] (px4_msgs) StdoutLine: {'line': b'-- Up-to-date symlink: /home/ubuntu/px4_ros2_ws/install/px4_msgs/share/px4_msgs/msg/TrajectorySetpoint6dof.idl\n'}
[5.188591] (px4_msgs) StdoutLine: {'line': b'-- Up-to-date symlink: /home/ubuntu/px4_ros2_ws/install/px4_msgs/share/px4_msgs/msg/TransponderReport.idl\n'}
[5.188673] (px4_msgs) StdoutLine: {'line': b'-- Up-to-date symlink: /home/ubuntu/px4_ros2_ws/install/px4_msgs/share/px4_msgs/msg/TuneControl.idl\n'}
[5.188751] (px4_msgs) StdoutLine: {'line': b'-- Up-to-date symlink: /home/ubuntu/px4_ros2_ws/install/px4_msgs/share/px4_msgs/msg/UavcanParameterRequest.idl\n'}
[5.188880] (px4_msgs) StdoutLine: {'line': b'-- Up-to-date symlink: /home/ubuntu/px4_ros2_ws/install/px4_msgs/share/px4_msgs/msg/UavcanParameterValue.idl\n'}
[5.188959] (px4_msgs) StdoutLine: {'line': b'-- Up-to-date symlink: /home/ubuntu/px4_ros2_ws/install/px4_msgs/share/px4_msgs/msg/UlogStream.idl\n'}
[5.189035] (px4_msgs) StdoutLine: {'line': b'-- Up-to-date symlink: /home/ubuntu/px4_ros2_ws/install/px4_msgs/share/px4_msgs/msg/UlogStreamAck.idl\n'}
[5.189111] (px4_msgs) StdoutLine: {'line': b'-- Up-to-date symlink: /home/ubuntu/px4_ros2_ws/install/px4_msgs/share/px4_msgs/msg/UnregisterExtComponent.idl\n'}
[5.189225] (px4_msgs) StdoutLine: {'line': b'-- Up-to-date symlink: /home/ubuntu/px4_ros2_ws/install/px4_msgs/share/px4_msgs/msg/VehicleAcceleration.idl\n'}
[5.189303] (px4_msgs) StdoutLine: {'line': b'-- Up-to-date symlink: /home/ubuntu/px4_ros2_ws/install/px4_msgs/share/px4_msgs/msg/VehicleAirData.idl\n'}
[5.189383] (px4_msgs) StdoutLine: {'line': b'-- Up-to-date symlink: /home/ubuntu/px4_ros2_ws/install/px4_msgs/share/px4_msgs/msg/VehicleAngularVelocity.idl\n'}
[5.189463] (px4_msgs) StdoutLine: {'line': b'-- Up-to-date symlink: /home/ubuntu/px4_ros2_ws/install/px4_msgs/share/px4_msgs/msg/VehicleAttitude.idl\n'}
[5.189583] (px4_msgs) StdoutLine: {'line': b'-- Up-to-date symlink: /home/ubuntu/px4_ros2_ws/install/px4_msgs/share/px4_msgs/msg/VehicleAttitudeSetpoint.idl\n'}
[5.189680] (px4_msgs) StdoutLine: {'line': b'-- Up-to-date symlink: /home/ubuntu/px4_ros2_ws/install/px4_msgs/share/px4_msgs/msg/VehicleCommand.idl\n'}
[5.189798] (px4_msgs) StdoutLine: {'line': b'-- Up-to-date symlink: /home/ubuntu/px4_ros2_ws/install/px4_msgs/share/px4_msgs/msg/VehicleCommandAck.idl\n'}
[5.189912] (px4_msgs) StdoutLine: {'line': b'-- Up-to-date symlink: /home/ubuntu/px4_ros2_ws/install/px4_msgs/share/px4_msgs/msg/VehicleConstraints.idl\n'}
[5.190146] (px4_msgs) StdoutLine: {'line': b'-- Up-to-date symlink: /home/ubuntu/px4_ros2_ws/install/px4_msgs/share/px4_msgs/msg/VehicleControlMode.idl\n'}
[5.190231] (px4_msgs) StdoutLine: {'line': b'-- Up-to-date symlink: /home/ubuntu/px4_ros2_ws/install/px4_msgs/share/px4_msgs/msg/VehicleGlobalPosition.idl\n'}
[5.190290] (px4_msgs) StdoutLine: {'line': b'-- Up-to-date symlink: /home/ubuntu/px4_ros2_ws/install/px4_msgs/share/px4_msgs/msg/VehicleImu.idl\n'}
[5.190350] (px4_msgs) StdoutLine: {'line': b'-- Up-to-date symlink: /home/ubuntu/px4_ros2_ws/install/px4_msgs/share/px4_msgs/msg/VehicleImuStatus.idl\n'}
[5.190406] (px4_msgs) StdoutLine: {'line': b'-- Up-to-date symlink: /home/ubuntu/px4_ros2_ws/install/px4_msgs/share/px4_msgs/msg/VehicleLandDetected.idl\n'}
[5.190471] (px4_msgs) StdoutLine: {'line': b'-- Up-to-date symlink: /home/ubuntu/px4_ros2_ws/install/px4_msgs/share/px4_msgs/msg/VehicleLocalPosition.idl\n'}
[5.190558] (px4_msgs) StdoutLine: {'line': b'-- Up-to-date symlink: /home/ubuntu/px4_ros2_ws/install/px4_msgs/share/px4_msgs/msg/VehicleLocalPositionSetpoint.idl\n'}
[5.190623] (px4_msgs) StdoutLine: {'line': b'-- Up-to-date symlink: /home/ubuntu/px4_ros2_ws/install/px4_msgs/share/px4_msgs/msg/VehicleMagnetometer.idl\n'}
[5.190664] (px4_msgs) StdoutLine: {'line': b'-- Up-to-date symlink: /home/ubuntu/px4_ros2_ws/install/px4_msgs/share/px4_msgs/msg/VehicleOdometry.idl\n'}
[5.190713] (px4_msgs) StdoutLine: {'line': b'-- Up-to-date symlink: /home/ubuntu/px4_ros2_ws/install/px4_msgs/share/px4_msgs/msg/VehicleOpticalFlow.idl\n'}
[5.190773] (px4_msgs) StdoutLine: {'line': b'-- Up-to-date symlink: /home/ubuntu/px4_ros2_ws/install/px4_msgs/share/px4_msgs/msg/VehicleOpticalFlowVel.idl\n'}
[5.190821] (px4_msgs) StdoutLine: {'line': b'-- Up-to-date symlink: /home/ubuntu/px4_ros2_ws/install/px4_msgs/share/px4_msgs/msg/VehicleRatesSetpoint.idl\n'}
[5.190870] (px4_msgs) StdoutLine: {'line': b'-- Up-to-date symlink: /home/ubuntu/px4_ros2_ws/install/px4_msgs/share/px4_msgs/msg/VehicleRoi.idl\n'}
[5.190919] (px4_msgs) StdoutLine: {'line': b'-- Up-to-date symlink: /home/ubuntu/px4_ros2_ws/install/px4_msgs/share/px4_msgs/msg/VehicleStatus.idl\n'}
[5.190992] (px4_msgs) StdoutLine: {'line': b'-- Up-to-date symlink: /home/ubuntu/px4_ros2_ws/install/px4_msgs/share/px4_msgs/msg/VehicleThrustSetpoint.idl\n'}
[5.191046] (px4_msgs) StdoutLine: {'line': b'-- Up-to-date symlink: /home/ubuntu/px4_ros2_ws/install/px4_msgs/share/px4_msgs/msg/VehicleTorqueSetpoint.idl\n'}
[5.191113] (px4_msgs) StdoutLine: {'line': b'-- Up-to-date symlink: /home/ubuntu/px4_ros2_ws/install/px4_msgs/share/px4_msgs/msg/VelocityLimits.idl\n'}
[5.191171] (px4_msgs) StdoutLine: {'line': b'-- Up-to-date symlink: /home/ubuntu/px4_ros2_ws/install/px4_msgs/share/px4_msgs/msg/VteAidSource1d.idl\n'}
[5.191245] (px4_msgs) StdoutLine: {'line': b'-- Up-to-date symlink: /home/ubuntu/px4_ros2_ws/install/px4_msgs/share/px4_msgs/msg/VteAidSource3d.idl\n'}
[5.191315] (px4_msgs) StdoutLine: {'line': b'-- Up-to-date symlink: /home/ubuntu/px4_ros2_ws/install/px4_msgs/share/px4_msgs/msg/VteBiasInitStatus.idl\n'}
[5.191386] (px4_msgs) StdoutLine: {'line': b'-- Up-to-date symlink: /home/ubuntu/px4_ros2_ws/install/px4_msgs/share/px4_msgs/msg/VteInput.idl\n'}
[5.191429] (px4_msgs) StdoutLine: {'line': b'-- Up-to-date symlink: /home/ubuntu/px4_ros2_ws/install/px4_msgs/share/px4_msgs/msg/VteOrientation.idl\n'}
[5.191491] (px4_msgs) StdoutLine: {'line': b'-- Up-to-date symlink: /home/ubuntu/px4_ros2_ws/install/px4_msgs/share/px4_msgs/msg/VtePosition.idl\n'}
[5.191540] (px4_msgs) StdoutLine: {'line': b'-- Up-to-date symlink: /home/ubuntu/px4_ros2_ws/install/px4_msgs/share/px4_msgs/msg/VtolVehicleStatus.idl\n'}
[5.191595] (px4_msgs) StdoutLine: {'line': b'-- Up-to-date symlink: /home/ubuntu/px4_ros2_ws/install/px4_msgs/share/px4_msgs/msg/Vtx.idl\n'}
[5.191644] (px4_msgs) StdoutLine: {'line': b'-- Up-to-date symlink: /home/ubuntu/px4_ros2_ws/install/px4_msgs/share/px4_msgs/msg/WheelEncoders.idl\n'}
[5.191683] (px4_msgs) StdoutLine: {'line': b'-- Up-to-date symlink: /home/ubuntu/px4_ros2_ws/install/px4_msgs/share/px4_msgs/msg/Wind.idl\n'}
[5.191733] (px4_msgs) StdoutLine: {'line': b'-- Up-to-date symlink: /home/ubuntu/px4_ros2_ws/install/px4_msgs/share/px4_msgs/msg/YawEstimatorStatus.idl\n'}
[5.191786] (px4_msgs) StdoutLine: {'line': b'-- Up-to-date symlink: /home/ubuntu/px4_ros2_ws/install/px4_msgs/share/px4_msgs/srv/VehicleCommand.idl\n'}
[5.191837] (px4_msgs) StdoutLine: {'line': b'-- Up-to-date symlink: /home/ubuntu/px4_ros2_ws/install/px4_msgs/share/px4_msgs/msg/ActionRequest.msg\n'}
[5.191884] (px4_msgs) StdoutLine: {'line': b'-- Up-to-date symlink: /home/ubuntu/px4_ros2_ws/install/px4_msgs/share/px4_msgs/msg/ActuatorArmed.msg\n'}
[5.191931] (px4_msgs) StdoutLine: {'line': b'-- Up-to-date symlink: /home/ubuntu/px4_ros2_ws/install/px4_msgs/share/px4_msgs/msg/ActuatorControlsStatus.msg\n'}
[5.191975] (px4_msgs) StdoutLine: {'line': b'-- Up-to-date symlink: /home/ubuntu/px4_ros2_ws/install/px4_msgs/share/px4_msgs/msg/ActuatorMotors.msg\n'}
[5.192021] (px4_msgs) StdoutLine: {'line': b'-- Up-to-date symlink: /home/ubuntu/px4_ros2_ws/install/px4_msgs/share/px4_msgs/msg/ActuatorOutputs.msg\n'}
[5.192086] (px4_msgs) StdoutLine: {'line': b'-- Up-to-date symlink: /home/ubuntu/px4_ros2_ws/install/px4_msgs/share/px4_msgs/msg/ActuatorServos.msg\n'}
[5.192133] (px4_msgs) StdoutLine: {'line': b'-- Up-to-date symlink: /home/ubuntu/px4_ros2_ws/install/px4_msgs/share/px4_msgs/msg/ActuatorServosTrim.msg\n'}
[5.192179] (px4_msgs) StdoutLine: {'line': b'-- Up-to-date symlink: /home/ubuntu/px4_ros2_ws/install/px4_msgs/share/px4_msgs/msg/ActuatorTest.msg\n'}
[5.192221] (px4_msgs) StdoutLine: {'line': b'-- Up-to-date symlink: /home/ubuntu/px4_ros2_ws/install/px4_msgs/share/px4_msgs/msg/AdcReport.msg\n'}
[5.192268] (px4_msgs) StdoutLine: {'line': b'-- Up-to-date symlink: /home/ubuntu/px4_ros2_ws/install/px4_msgs/share/px4_msgs/msg/Airspeed.msg\n'}
[5.192312] (px4_msgs) StdoutLine: {'line': b'-- Up-to-date symlink: /home/ubuntu/px4_ros2_ws/install/px4_msgs/share/px4_msgs/msg/AirspeedValidated.msg\n'}
[5.192359] (px4_msgs) StdoutLine: {'line': b'-- Up-to-date symlink: /home/ubuntu/px4_ros2_ws/install/px4_msgs/share/px4_msgs/msg/AirspeedWind.msg\n'}
[5.192524] (px4_msgs) StdoutLine: {'line': b'-- Up-to-date symlink: /home/ubuntu/px4_ros2_ws/install/px4_msgs/share/px4_msgs/msg/ArmingCheckReply.msg\n'}
[5.192591] (px4_msgs) StdoutLine: {'line': b'-- Up-to-date symlink: /home/ubuntu/px4_ros2_ws/install/px4_msgs/share/px4_msgs/msg/ArmingCheckRequest.msg\n'}
[5.192635] (px4_msgs) StdoutLine: {'line': b'-- Up-to-date symlink: /home/ubuntu/px4_ros2_ws/install/px4_msgs/share/px4_msgs/msg/AutotuneAttitudeControlStatus.msg\n'}
[5.192686] (px4_msgs) StdoutLine: {'line': b'-- Up-to-date symlink: /home/ubuntu/px4_ros2_ws/install/px4_msgs/share/px4_msgs/msg/AuxGlobalPosition.msg\n'}
[5.192735] (px4_msgs) StdoutLine: {'line': b'-- Up-to-date symlink: /home/ubuntu/px4_ros2_ws/install/px4_msgs/share/px4_msgs/msg/BatteryInfo.msg\n'}
[5.192824] (px4_msgs) StdoutLine: {'line': b'-- Up-to-date symlink: /home/ubuntu/px4_ros2_ws/install/px4_msgs/share/px4_msgs/msg/BatteryStatus.msg\n'}
[5.192880] (px4_msgs) StdoutLine: {'line': b'-- Up-to-date symlink: /home/ubuntu/px4_ros2_ws/install/px4_msgs/share/px4_msgs/msg/ButtonEvent.msg\n'}
[5.192924] (px4_msgs) StdoutLine: {'line': b'-- Up-to-date symlink: /home/ubuntu/px4_ros2_ws/install/px4_msgs/share/px4_msgs/msg/CameraCapture.msg\n'}
[5.192968] (px4_msgs) StdoutLine: {'line': b'-- Up-to-date symlink: /home/ubuntu/px4_ros2_ws/install/px4_msgs/share/px4_msgs/msg/CameraStatus.msg\n'}
[5.193011] (px4_msgs) StdoutLine: {'line': b'-- Up-to-date symlink: /home/ubuntu/px4_ros2_ws/install/px4_msgs/share/px4_msgs/msg/CameraTrigger.msg\n'}
[5.193055] (px4_msgs) StdoutLine: {'line': b'-- Up-to-date symlink: /home/ubuntu/px4_ros2_ws/install/px4_msgs/share/px4_msgs/msg/CanInterfaceStatus.msg\n'}
[5.193100] (px4_msgs) StdoutLine: {'line': b'-- Up-to-date symlink: /home/ubuntu/px4_ros2_ws/install/px4_msgs/share/px4_msgs/msg/CellularStatus.msg\n'}
[5.193144] (px4_msgs) StdoutLine: {'line': b'-- Up-to-date symlink: /home/ubuntu/px4_ros2_ws/install/px4_msgs/share/px4_msgs/msg/CollisionConstraints.msg\n'}
[5.193188] (px4_msgs) StdoutLine: {'line': b'-- Up-to-date symlink: /home/ubuntu/px4_ros2_ws/install/px4_msgs/share/px4_msgs/msg/ConfigOverrides.msg\n'}
[5.193233] (px4_msgs) StdoutLine: {'line': b'-- Up-to-date symlink: /home/ubuntu/px4_ros2_ws/install/px4_msgs/share/px4_msgs/msg/ControlAllocatorStatus.msg\n'}
[5.193275] (px4_msgs) StdoutLine: {'line': b'-- Up-to-date symlink: /home/ubuntu/px4_ros2_ws/install/px4_msgs/share/px4_msgs/msg/Cpuload.msg\n'}
[5.193318] (px4_msgs) StdoutLine: {'line': b'-- Up-to-date symlink: /home/ubuntu/px4_ros2_ws/install/px4_msgs/share/px4_msgs/msg/DatamanRequest.msg\n'}
[5.193363] (px4_msgs) StdoutLine: {'line': b'-- Up-to-date symlink: /home/ubuntu/px4_ros2_ws/install/px4_msgs/share/px4_msgs/msg/DatamanResponse.msg\n'}
[5.193407] (px4_msgs) StdoutLine: {'line': b'-- Up-to-date symlink: /home/ubuntu/px4_ros2_ws/install/px4_msgs/share/px4_msgs/msg/DebugArray.msg\n'}
[5.193512] (px4_msgs) StdoutLine: {'line': b'-- Up-to-date symlink: /home/ubuntu/px4_ros2_ws/install/px4_msgs/share/px4_msgs/msg/DebugKeyValue.msg\n'}
[5.193551] (px4_msgs) StdoutLine: {'line': b'-- Up-to-date symlink: /home/ubuntu/px4_ros2_ws/install/px4_msgs/share/px4_msgs/msg/DebugValue.msg\n'}
[5.193602] (px4_msgs) StdoutLine: {'line': b'-- Up-to-date symlink: /home/ubuntu/px4_ros2_ws/install/px4_msgs/share/px4_msgs/msg/DebugVect.msg\n'}
[5.193638] (px4_msgs) StdoutLine: {'line': b'-- Up-to-date symlink: /home/ubuntu/px4_ros2_ws/install/px4_msgs/share/px4_msgs/msg/DeviceInformation.msg\n'}
[5.193682] (px4_msgs) StdoutLine: {'line': b'-- Up-to-date symlink: /home/ubuntu/px4_ros2_ws/install/px4_msgs/share/px4_msgs/msg/DifferentialPressure.msg\n'}
[5.193727] (px4_msgs) StdoutLine: {'line': b'-- Up-to-date symlink: /home/ubuntu/px4_ros2_ws/install/px4_msgs/share/px4_msgs/msg/DistanceSensor.msg\n'}
[5.193771] (px4_msgs) StdoutLine: {'line': b'-- Up-to-date symlink: /home/ubuntu/px4_ros2_ws/install/px4_msgs/share/px4_msgs/msg/DistanceSensorModeChangeRequest.msg\n'}
[5.193833] (px4_msgs) StdoutLine: {'line': b'-- Up-to-date symlink: /home/ubuntu/px4_ros2_ws/install/px4_msgs/share/px4_msgs/msg/DronecanNodeStatus.msg\n'}
[5.193885] (px4_msgs) StdoutLine: {'line': b'-- Up-to-date symlink: /home/ubuntu/px4_ros2_ws/install/px4_msgs/share/px4_msgs/msg/Ekf2Timestamps.msg\n'}
[5.193934] (px4_msgs) StdoutLine: {'line': b'-- Up-to-date symlink: /home/ubuntu/px4_ros2_ws/install/px4_msgs/share/px4_msgs/msg/EscEepromRead.msg\n'}
[5.194131] (px4_msgs) StdoutLine: {'line': b'-- Up-to-date symlink: /home/ubuntu/px4_ros2_ws/install/px4_msgs/share/px4_msgs/msg/EscEepromWrite.msg\n'}
[5.194244] (px4_msgs) StdoutLine: {'line': b'-- Up-to-date symlink: /home/ubuntu/px4_ros2_ws/install/px4_msgs/share/px4_msgs/msg/EscReport.msg\n'}
[5.194299] (px4_msgs) StdoutLine: {'line': b'-- Up-to-date symlink: /home/ubuntu/px4_ros2_ws/install/px4_msgs/share/px4_msgs/msg/EscStatus.msg\n'}
[5.194350] (px4_msgs) StdoutLine: {'line': b'-- Up-to-date symlink: /home/ubuntu/px4_ros2_ws/install/px4_msgs/share/px4_msgs/msg/EstimatorAidSource1d.msg\n'}
[5.194393] (px4_msgs) StdoutLine: {'line': b'-- Up-to-date symlink: /home/ubuntu/px4_ros2_ws/install/px4_msgs/share/px4_msgs/msg/EstimatorAidSource2d.msg\n'}
[5.194435] (px4_msgs) StdoutLine: {'line': b'-- Up-to-date symlink: /home/ubuntu/px4_ros2_ws/install/px4_msgs/share/px4_msgs/msg/EstimatorAidSource3d.msg\n'}
[5.194503] (px4_msgs) StdoutLine: {'line': b'-- Up-to-date symlink: /home/ubuntu/px4_ros2_ws/install/px4_msgs/share/px4_msgs/msg/EstimatorBias.msg\n'}
[5.194558] (px4_msgs) StdoutLine: {'line': b'-- Up-to-date symlink: /home/ubuntu/px4_ros2_ws/install/px4_msgs/share/px4_msgs/msg/EstimatorBias3d.msg\n'}
[5.194594] (px4_msgs) StdoutLine: {'line': b'-- Up-to-date symlink: /home/ubuntu/px4_ros2_ws/install/px4_msgs/share/px4_msgs/msg/EstimatorEventFlags.msg\n'}
[5.194636] (px4_msgs) StdoutLine: {'line': b'-- Up-to-date symlink: /home/ubuntu/px4_ros2_ws/install/px4_msgs/share/px4_msgs/msg/EstimatorFusionControl.msg\n'}
[5.194678] (px4_msgs) StdoutLine: {'line': b'-- Up-to-date symlink: /home/ubuntu/px4_ros2_ws/install/px4_msgs/share/px4_msgs/msg/EstimatorGpsStatus.msg\n'}
[5.194721] (px4_msgs) StdoutLine: {'line': b'-- Up-to-date symlink: /home/ubuntu/px4_ros2_ws/install/px4_msgs/share/px4_msgs/msg/EstimatorInnovations.msg\n'}
[5.194771] (px4_msgs) StdoutLine: {'line': b'-- Up-to-date symlink: /home/ubuntu/px4_ros2_ws/install/px4_msgs/share/px4_msgs/msg/EstimatorSelectorStatus.msg\n'}
[5.194810] (px4_msgs) StdoutLine: {'line': b'-- Up-to-date symlink: /home/ubuntu/px4_ros2_ws/install/px4_msgs/share/px4_msgs/msg/EstimatorSensorBias.msg\n'}
[5.194849] (px4_msgs) StdoutLine: {'line': b'-- Up-to-date symlink: /home/ubuntu/px4_ros2_ws/install/px4_msgs/share/px4_msgs/msg/EstimatorStates.msg\n'}
[5.194889] (px4_msgs) StdoutLine: {'line': b'-- Up-to-date symlink: /home/ubuntu/px4_ros2_ws/install/px4_msgs/share/px4_msgs/msg/EstimatorStatus.msg\n'}
[5.194951] (px4_msgs) StdoutLine: {'line': b'-- Up-to-date symlink: /home/ubuntu/px4_ros2_ws/install/px4_msgs/share/px4_msgs/msg/EstimatorStatusFlags.msg\n'}
[5.194996] (px4_msgs) StdoutLine: {'line': b'-- Up-to-date symlink: /home/ubuntu/px4_ros2_ws/install/px4_msgs/share/px4_msgs/msg/Event.msg\n'}
[5.195038] (px4_msgs) StdoutLine: {'line': b'-- Up-to-date symlink: /home/ubuntu/px4_ros2_ws/install/px4_msgs/share/px4_msgs/msg/FailsafeFlags.msg\n'}
[5.195078] (px4_msgs) StdoutLine: {'line': b'-- Up-to-date symlink: /home/ubuntu/px4_ros2_ws/install/px4_msgs/share/px4_msgs/msg/FailureDetectorStatus.msg\n'}
[5.195116] (px4_msgs) StdoutLine: {'line': b'-- Up-to-date symlink: /home/ubuntu/px4_ros2_ws/install/px4_msgs/share/px4_msgs/msg/FailureInjection.msg\n'}
[5.195156] (px4_msgs) StdoutLine: {'line': b'-- Up-to-date symlink: /home/ubuntu/px4_ros2_ws/install/px4_msgs/share/px4_msgs/msg/FiducialMarkerPosReport.msg\n'}
[5.195197] (px4_msgs) StdoutLine: {'line': b'-- Up-to-date symlink: /home/ubuntu/px4_ros2_ws/install/px4_msgs/share/px4_msgs/msg/FiducialMarkerYawReport.msg\n'}
[5.195236] (px4_msgs) StdoutLine: {'line': b'-- Up-to-date symlink: /home/ubuntu/px4_ros2_ws/install/px4_msgs/share/px4_msgs/msg/FigureEightStatus.msg\n'}
[5.195278] (px4_msgs) StdoutLine: {'line': b'-- Up-to-date symlink: /home/ubuntu/px4_ros2_ws/install/px4_msgs/share/px4_msgs/msg/FixedWingLateralGuidanceStatus.msg\n'}
[5.195319] (px4_msgs) StdoutLine: {'line': b'-- Up-to-date symlink: /home/ubuntu/px4_ros2_ws/install/px4_msgs/share/px4_msgs/msg/FixedWingLateralSetpoint.msg\n'}
[5.195371] (px4_msgs) StdoutLine: {'line': b'-- Up-to-date symlink: /home/ubuntu/px4_ros2_ws/install/px4_msgs/share/px4_msgs/msg/FixedWingLateralStatus.msg\n'}
[5.195415] (px4_msgs) StdoutLine: {'line': b'-- Up-to-date symlink: /home/ubuntu/px4_ros2_ws/install/px4_msgs/share/px4_msgs/msg/FixedWingLongitudinalSetpoint.msg\n'}
[5.195459] (px4_msgs) StdoutLine: {'line': b'-- Up-to-date symlink: /home/ubuntu/px4_ros2_ws/install/px4_msgs/share/px4_msgs/msg/FixedWingRunwayControl.msg\n'}
[5.195537] (px4_msgs) StdoutLine: {'line': b'-- Up-to-date symlink: /home/ubuntu/px4_ros2_ws/install/px4_msgs/share/px4_msgs/msg/FlightPhaseEstimation.msg\n'}
[5.195572] (px4_msgs) StdoutLine: {'line': b'-- Up-to-date symlink: /home/ubuntu/px4_ros2_ws/install/px4_msgs/share/px4_msgs/msg/FollowTarget.msg\n'}
[5.195614] (px4_msgs) StdoutLine: {'line': b'-- Up-to-date symlink: /home/ubuntu/px4_ros2_ws/install/px4_msgs/share/px4_msgs/msg/FollowTargetEstimator.msg\n'}
[5.195654] (px4_msgs) StdoutLine: {'line': b'-- Up-to-date symlink: /home/ubuntu/px4_ros2_ws/install/px4_msgs/share/px4_msgs/msg/FollowTargetStatus.msg\n'}
[5.195693] (px4_msgs) StdoutLine: {'line': b'-- Up-to-date symlink: /home/ubuntu/px4_ros2_ws/install/px4_msgs/share/px4_msgs/msg/FuelTankStatus.msg\n'}
[5.195753] (px4_msgs) StdoutLine: {'line': b'-- Up-to-date symlink: /home/ubuntu/px4_ros2_ws/install/px4_msgs/share/px4_msgs/msg/GainCompression.msg\n'}
[5.195798] (px4_msgs) StdoutLine: {'line': b'-- Up-to-date symlink: /home/ubuntu/px4_ros2_ws/install/px4_msgs/share/px4_msgs/msg/GeneratorStatus.msg\n'}
[5.195835] (px4_msgs) StdoutLine: {'line': b'-- Up-to-date symlink: /home/ubuntu/px4_ros2_ws/install/px4_msgs/share/px4_msgs/msg/GeofenceResult.msg\n'}
[5.195877] (px4_msgs) StdoutLine: {'line': b'-- Up-to-date symlink: /home/ubuntu/px4_ros2_ws/install/px4_msgs/share/px4_msgs/msg/GeofenceStatus.msg\n'}
[5.195916] (px4_msgs) StdoutLine: {'line': b'-- Up-to-date symlink: /home/ubuntu/px4_ros2_ws/install/px4_msgs/share/px4_msgs/msg/GimbalControls.msg\n'}
[5.195957] (px4_msgs) StdoutLine: {'line': b'-- Up-to-date symlink: /home/ubuntu/px4_ros2_ws/install/px4_msgs/share/px4_msgs/msg/GimbalDeviceAttitudeStatus.msg\n'}
[5.195999] (px4_msgs) StdoutLine: {'line': b'-- Up-to-date symlink: /home/ubuntu/px4_ros2_ws/install/px4_msgs/share/px4_msgs/msg/GimbalDeviceInformation.msg\n'}
[5.196039] (px4_msgs) StdoutLine: {'line': b'-- Up-to-date symlink: /home/ubuntu/px4_ros2_ws/install/px4_msgs/share/px4_msgs/msg/GimbalDeviceSetAttitude.msg\n'}
[5.196079] (px4_msgs) StdoutLine: {'line': b'-- Up-to-date symlink: /home/ubuntu/px4_ros2_ws/install/px4_msgs/share/px4_msgs/msg/GimbalManagerInformation.msg\n'}
[5.196135] (px4_msgs) StdoutLine: {'line': b'-- Up-to-date symlink: /home/ubuntu/px4_ros2_ws/install/px4_msgs/share/px4_msgs/msg/GimbalManagerSetAttitude.msg\n'}
[5.196177] (px4_msgs) StdoutLine: {'line': b'-- Up-to-date symlink: /home/ubuntu/px4_ros2_ws/install/px4_msgs/share/px4_msgs/msg/GimbalManagerSetManualControl.msg\n'}
[5.196217] (px4_msgs) StdoutLine: {'line': b'-- Up-to-date symlink: /home/ubuntu/px4_ros2_ws/install/px4_msgs/share/px4_msgs/msg/GimbalManagerStatus.msg\n'}
[5.196258] (px4_msgs) StdoutLine: {'line': b'-- Up-to-date symlink: /home/ubuntu/px4_ros2_ws/install/px4_msgs/share/px4_msgs/msg/GotoSetpoint.msg\n'}
[5.196337] (px4_msgs) StdoutLine: {'line': b'-- Up-to-date symlink: /home/ubuntu/px4_ros2_ws/install/px4_msgs/share/px4_msgs/msg/GpioConfig.msg\n'}
[5.196380] (px4_msgs) StdoutLine: {'line': b'-- Up-to-date symlink: /home/ubuntu/px4_ros2_ws/install/px4_msgs/share/px4_msgs/msg/GpioIn.msg\n'}
[5.196427] (px4_msgs) StdoutLine: {'line': b'-- Up-to-date symlink: /home/ubuntu/px4_ros2_ws/install/px4_msgs/share/px4_msgs/msg/GpioOut.msg\n'}
[5.196488] (px4_msgs) StdoutLine: {'line': b'-- Up-to-date symlink: /home/ubuntu/px4_ros2_ws/install/px4_msgs/share/px4_msgs/msg/GpioRequest.msg\n'}
[5.196533] (px4_msgs) StdoutLine: {'line': b'-- Up-to-date symlink: /home/ubuntu/px4_ros2_ws/install/px4_msgs/share/px4_msgs/msg/GpsDump.msg\n'}
[5.196567] (px4_msgs) StdoutLine: {'line': b'-- Up-to-date symlink: /home/ubuntu/px4_ros2_ws/install/px4_msgs/share/px4_msgs/msg/Gripper.msg\n'}
[5.196610] (px4_msgs) StdoutLine: {'line': b'-- Up-to-date symlink: /home/ubuntu/px4_ros2_ws/install/px4_msgs/share/px4_msgs/msg/HealthReport.msg\n'}
[5.196670] (px4_msgs) StdoutLine: {'line': b'-- Up-to-date symlink: /home/ubuntu/px4_ros2_ws/install/px4_msgs/share/px4_msgs/msg/HeaterStatus.msg\n'}
[5.196703] (px4_msgs) StdoutLine: {'line': b'-- Up-to-date symlink: /home/ubuntu/px4_ros2_ws/install/px4_msgs/share/px4_msgs/msg/HomePosition.msg\n'}
[5.196745] (px4_msgs) StdoutLine: {'line': b'-- Up-to-date symlink: /home/ubuntu/px4_ros2_ws/install/px4_msgs/share/px4_msgs/msg/HoverThrustEstimate.msg\n'}
[5.196789] (px4_msgs) StdoutLine: {'line': b'-- Up-to-date symlink: /home/ubuntu/px4_ros2_ws/install/px4_msgs/share/px4_msgs/msg/InputRc.msg\n'}
[5.196830] (px4_msgs) StdoutLine: {'line': b'-- Up-to-date symlink: /home/ubuntu/px4_ros2_ws/install/px4_msgs/share/px4_msgs/msg/InternalCombustionEngineControl.msg\n'}
[5.196873] (px4_msgs) StdoutLine: {'line': b'-- Up-to-date symlink: /home/ubuntu/px4_ros2_ws/install/px4_msgs/share/px4_msgs/msg/InternalCombustionEngineStatus.msg\n'}
[5.196934] (px4_msgs) StdoutLine: {'line': b'-- Up-to-date symlink: /home/ubuntu/px4_ros2_ws/install/px4_msgs/share/px4_msgs/msg/IridiumsbdStatus.msg\n'}
[5.196996] (px4_msgs) StdoutLine: {'line': b'-- Up-to-date symlink: /home/ubuntu/px4_ros2_ws/install/px4_msgs/share/px4_msgs/msg/IrlockReport.msg\n'}
[5.197033] (px4_msgs) StdoutLine: {'line': b'-- Up-to-date symlink: /home/ubuntu/px4_ros2_ws/install/px4_msgs/share/px4_msgs/msg/LandingGear.msg\n'}
[5.197074] (px4_msgs) StdoutLine: {'line': b'-- Up-to-date symlink: /home/ubuntu/px4_ros2_ws/install/px4_msgs/share/px4_msgs/msg/LandingGearWheel.msg\n'}
[5.197125] (px4_msgs) StdoutLine: {'line': b'-- Up-to-date symlink: /home/ubuntu/px4_ros2_ws/install/px4_msgs/share/px4_msgs/msg/LandingTargetInnovations.msg\n'}
[5.197163] (px4_msgs) StdoutLine: {'line': b'-- Up-to-date symlink: /home/ubuntu/px4_ros2_ws/install/px4_msgs/share/px4_msgs/msg/LandingTargetPose.msg\n'}
[5.197208] (px4_msgs) StdoutLine: {'line': b'-- Up-to-date symlink: /home/ubuntu/px4_ros2_ws/install/px4_msgs/share/px4_msgs/msg/LateralControlConfiguration.msg\n'}
[5.197250] (px4_msgs) StdoutLine: {'line': b'-- Up-to-date symlink: /home/ubuntu/px4_ros2_ws/install/px4_msgs/share/px4_msgs/msg/LaunchDetectionStatus.msg\n'}
[5.197304] (px4_msgs) StdoutLine: {'line': b'-- Up-to-date symlink: /home/ubuntu/px4_ros2_ws/install/px4_msgs/share/px4_msgs/msg/LedControl.msg\n'}
[5.197337] (px4_msgs) StdoutLine: {'line': b'-- Up-to-date symlink: /home/ubuntu/px4_ros2_ws/install/px4_msgs/share/px4_msgs/msg/LogMessage.msg\n'}
[5.197390] (px4_msgs) StdoutLine: {'line': b'-- Up-to-date symlink: /home/ubuntu/px4_ros2_ws/install/px4_msgs/share/px4_msgs/msg/LoggerStatus.msg\n'}
[5.197438] (px4_msgs) StdoutLine: {'line': b'-- Up-to-date symlink: /home/ubuntu/px4_ros2_ws/install/px4_msgs/share/px4_msgs/msg/LongitudinalControlConfiguration.msg\n'}
[5.197551] (px4_msgs) StdoutLine: {'line': b'-- Up-to-date symlink: /home/ubuntu/px4_ros2_ws/install/px4_msgs/share/px4_msgs/msg/MagWorkerData.msg\n'}
[5.197628] (px4_msgs) StdoutLine: {'line': b'-- Up-to-date symlink: /home/ubuntu/px4_ros2_ws/install/px4_msgs/share/px4_msgs/msg/MagnetometerBiasEstimate.msg\n'}
[5.197693] (px4_msgs) StdoutLine: {'line': b'-- Up-to-date symlink: /home/ubuntu/px4_ros2_ws/install/px4_msgs/share/px4_msgs/msg/ManualControlSetpoint.msg\n'}
[5.197757] (px4_msgs) StdoutLine: {'line': b'-- Up-to-date symlink: /home/ubuntu/px4_ros2_ws/install/px4_msgs/share/px4_msgs/msg/ManualControlSwitches.msg\n'}
[5.197820] (px4_msgs) StdoutLine: {'line': b'-- Up-to-date symlink: /home/ubuntu/px4_ros2_ws/install/px4_msgs/share/px4_msgs/msg/MavlinkLog.msg\n'}
[5.197880] (px4_msgs) StdoutLine: {'line': b'-- Up-to-date symlink: /home/ubuntu/px4_ros2_ws/install/px4_msgs/share/px4_msgs/msg/MavlinkTunnel.msg\n'}
[5.197930] (px4_msgs) StdoutLine: {'line': b'-- Up-to-date symlink: /home/ubuntu/px4_ros2_ws/install/px4_msgs/share/px4_msgs/msg/MessageFormatRequest.msg\n'}
[5.197983] (px4_msgs) StdoutLine: {'line': b'-- Up-to-date symlink: /home/ubuntu/px4_ros2_ws/install/px4_msgs/share/px4_msgs/msg/MessageFormatResponse.msg\n'}
[5.198040] (px4_msgs) StdoutLine: {'line': b'-- Up-to-date symlink: /home/ubuntu/px4_ros2_ws/install/px4_msgs/share/px4_msgs/msg/Mission.msg\n'}
[5.198101] (px4_msgs) StdoutLine: {'line': b'-- Up-to-date symlink: /home/ubuntu/px4_ros2_ws/install/px4_msgs/share/px4_msgs/msg/MissionResult.msg\n'}
[5.198244] (px4_msgs) StdoutLine: {'line': b'-- Up-to-date symlink: /home/ubuntu/px4_ros2_ws/install/px4_msgs/share/px4_msgs/msg/ModeCompleted.msg\n'}
[5.198315] (px4_msgs) StdoutLine: {'line': b'-- Up-to-date symlink: /home/ubuntu/px4_ros2_ws/install/px4_msgs/share/px4_msgs/msg/MountOrientation.msg\n'}
[5.198381] (px4_msgs) StdoutLine: {'line': b'-- Up-to-date symlink: /home/ubuntu/px4_ros2_ws/install/px4_msgs/share/px4_msgs/msg/NavigatorMissionItem.msg\n'}
[5.198446] (px4_msgs) StdoutLine: {'line': b'-- Up-to-date symlink: /home/ubuntu/px4_ros2_ws/install/px4_msgs/share/px4_msgs/msg/NavigatorStatus.msg\n'}
[5.198521] (px4_msgs) StdoutLine: {'line': b'-- Up-to-date symlink: /home/ubuntu/px4_ros2_ws/install/px4_msgs/share/px4_msgs/msg/NeuralControl.msg\n'}
[5.198585] (px4_msgs) StdoutLine: {'line': b'-- Up-to-date symlink: /home/ubuntu/px4_ros2_ws/install/px4_msgs/share/px4_msgs/msg/NormalizedUnsignedSetpoint.msg\n'}
[5.198654] (px4_msgs) StdoutLine: {'line': b'-- Up-to-date symlink: /home/ubuntu/px4_ros2_ws/install/px4_msgs/share/px4_msgs/msg/ObstacleDistance.msg\n'}
[5.198725] (px4_msgs) StdoutLine: {'line': b'-- Up-to-date symlink: /home/ubuntu/px4_ros2_ws/install/px4_msgs/share/px4_msgs/msg/OffboardControlMode.msg\n'}
[5.198824] (px4_msgs) StdoutLine: {'line': b'-- Up-to-date symlink: /home/ubuntu/px4_ros2_ws/install/px4_msgs/share/px4_msgs/msg/OnboardComputerStatus.msg\n'}
[5.198882] (px4_msgs) StdoutLine: {'line': b'-- Up-to-date symlink: /home/ubuntu/px4_ros2_ws/install/px4_msgs/share/px4_msgs/msg/OpenDroneIdArmStatus.msg\n'}
[5.198938] (px4_msgs) StdoutLine: {'line': b'-- Up-to-date symlink: /home/ubuntu/px4_ros2_ws/install/px4_msgs/share/px4_msgs/msg/OpenDroneIdBasicId.msg\n'}
[5.199010] (px4_msgs) StdoutLine: {'line': b'-- Up-to-date symlink: /home/ubuntu/px4_ros2_ws/install/px4_msgs/share/px4_msgs/msg/OpenDroneIdOperatorId.msg\n'}
[5.199064] (px4_msgs) StdoutLine: {'line': b'-- Up-to-date symlink: /home/ubuntu/px4_ros2_ws/install/px4_msgs/share/px4_msgs/msg/OpenDroneIdSelfId.msg\n'}
[5.199130] (px4_msgs) StdoutLine: {'line': b'-- Up-to-date symlink: /home/ubuntu/px4_ros2_ws/install/px4_msgs/share/px4_msgs/msg/OpenDroneIdSystem.msg\n'}
[5.199197] (px4_msgs) StdoutLine: {'line': b'-- Up-to-date symlink: /home/ubuntu/px4_ros2_ws/install/px4_msgs/share/px4_msgs/msg/OrbTest.msg\n'}
[5.199260] (px4_msgs) StdoutLine: {'line': b'-- Up-to-date symlink: /home/ubuntu/px4_ros2_ws/install/px4_msgs/share/px4_msgs/msg/OrbTestLarge.msg\n'}
[5.199327] (px4_msgs) StdoutLine: {'line': b'-- Up-to-date symlink: /home/ubuntu/px4_ros2_ws/install/px4_msgs/share/px4_msgs/msg/OrbTestMedium.msg\n'}
[5.199390] (px4_msgs) StdoutLine: {'line': b'-- Up-to-date symlink: /home/ubuntu/px4_ros2_ws/install/px4_msgs/share/px4_msgs/msg/OrbitStatus.msg\n'}
[5.199467] (px4_msgs) StdoutLine: {'line': b'-- Up-to-date symlink: /home/ubuntu/px4_ros2_ws/install/px4_msgs/share/px4_msgs/msg/ParameterResetRequest.msg\n'}
[5.199557] (px4_msgs) StdoutLine: {'line': b'-- Up-to-date symlink: /home/ubuntu/px4_ros2_ws/install/px4_msgs/share/px4_msgs/msg/ParameterSetUsedRequest.msg\n'}
[5.199633] (px4_msgs) StdoutLine: {'line': b'-- Up-to-date symlink: /home/ubuntu/px4_ros2_ws/install/px4_msgs/share/px4_msgs/msg/ParameterSetValueRequest.msg\n'}
[5.199687] (px4_msgs) StdoutLine: {'line': b'-- Up-to-date symlink: /home/ubuntu/px4_ros2_ws/install/px4_msgs/share/px4_msgs/msg/ParameterSetValueResponse.msg\n'}
[5.199756] (px4_msgs) StdoutLine: {'line': b'-- Up-to-date symlink: /home/ubuntu/px4_ros2_ws/install/px4_msgs/share/px4_msgs/msg/ParameterUpdate.msg\n'}
[5.199810] (px4_msgs) StdoutLine: {'line': b'-- Up-to-date symlink: /home/ubuntu/px4_ros2_ws/install/px4_msgs/share/px4_msgs/msg/Ping.msg\n'}
[5.199875] (px4_msgs) StdoutLine: {'line': b'-- Up-to-date symlink: /home/ubuntu/px4_ros2_ws/install/px4_msgs/share/px4_msgs/msg/PositionControllerLandingStatus.msg\n'}
[5.199941] (px4_msgs) StdoutLine: {'line': b'-- Up-to-date symlink: /home/ubuntu/px4_ros2_ws/install/px4_msgs/share/px4_msgs/msg/PositionControllerStatus.msg\n'}
[5.200005] (px4_msgs) StdoutLine: {'line': b'-- Up-to-date symlink: /home/ubuntu/px4_ros2_ws/install/px4_msgs/share/px4_msgs/msg/PositionSetpoint.msg\n'}
[5.200069] (px4_msgs) StdoutLine: {'line': b'-- Up-to-date symlink: /home/ubuntu/px4_ros2_ws/install/px4_msgs/share/px4_msgs/msg/PositionSetpointTriplet.msg\n'}
[5.200135] (px4_msgs) StdoutLine: {'line': b'-- Up-to-date symlink: /home/ubuntu/px4_ros2_ws/install/px4_msgs/share/px4_msgs/msg/PowerButtonState.msg\n'}
[5.200200] (px4_msgs) StdoutLine: {'line': b'-- Up-to-date symlink: /home/ubuntu/px4_ros2_ws/install/px4_msgs/share/px4_msgs/msg/PowerMonitor.msg\n'}
[5.200264] (px4_msgs) StdoutLine: {'line': b'-- Up-to-date symlink: /home/ubuntu/px4_ros2_ws/install/px4_msgs/share/px4_msgs/msg/PpsCapture.msg\n'}
[5.200325] (px4_msgs) StdoutLine: {'line': b'-- Up-to-date symlink: /home/ubuntu/px4_ros2_ws/install/px4_msgs/share/px4_msgs/msg/PrecLandStatus.msg\n'}
[5.200393] (px4_msgs) StdoutLine: {'line': b'-- Up-to-date symlink: /home/ubuntu/px4_ros2_ws/install/px4_msgs/share/px4_msgs/msg/PurePursuitStatus.msg\n'}
[5.200462] (px4_msgs) StdoutLine: {'line': b'-- Up-to-date symlink: /home/ubuntu/px4_ros2_ws/install/px4_msgs/share/px4_msgs/msg/PwmInput.msg\n'}
[5.200537] (px4_msgs) StdoutLine: {'line': b'-- Up-to-date symlink: /home/ubuntu/px4_ros2_ws/install/px4_msgs/share/px4_msgs/msg/Px4ioStatus.msg\n'}
[5.200596] (px4_msgs) StdoutLine: {'line': b'-- Up-to-date symlink: /home/ubuntu/px4_ros2_ws/install/px4_msgs/share/px4_msgs/msg/QshellReq.msg\n'}
[5.200659] (px4_msgs) StdoutLine: {'line': b'-- Up-to-date symlink: /home/ubuntu/px4_ros2_ws/install/px4_msgs/share/px4_msgs/msg/QshellRetval.msg\n'}
[5.200728] (px4_msgs) StdoutLine: {'line': b'-- Up-to-date symlink: /home/ubuntu/px4_ros2_ws/install/px4_msgs/share/px4_msgs/msg/RadioStatus.msg\n'}
[5.200792] (px4_msgs) StdoutLine: {'line': b'-- Up-to-date symlink: /home/ubuntu/px4_ros2_ws/install/px4_msgs/share/px4_msgs/msg/RangingBeacon.msg\n'}
[5.200846] (px4_msgs) StdoutLine: {'line': b'-- Up-to-date symlink: /home/ubuntu/px4_ros2_ws/install/px4_msgs/share/px4_msgs/msg/RaptorInput.msg\n'}
[5.200900] (px4_msgs) StdoutLine: {'line': b'-- Up-to-date symlink: /home/ubuntu/px4_ros2_ws/install/px4_msgs/share/px4_msgs/msg/RaptorStatus.msg\n'}
[5.200961] (px4_msgs) StdoutLine: {'line': b'-- Up-to-date symlink: /home/ubuntu/px4_ros2_ws/install/px4_msgs/share/px4_msgs/msg/RateCtrlStatus.msg\n'}
[5.201024] (px4_msgs) StdoutLine: {'line': b'-- Up-to-date symlink: /home/ubuntu/px4_ros2_ws/install/px4_msgs/share/px4_msgs/msg/RcChannels.msg\n'}
[5.201083] (px4_msgs) StdoutLine: {'line': b'-- Up-to-date symlink: /home/ubuntu/px4_ros2_ws/install/px4_msgs/share/px4_msgs/msg/RcParameterMap.msg\n'}
[5.201147] (px4_msgs) StdoutLine: {'line': b'-- Up-to-date symlink: /home/ubuntu/px4_ros2_ws/install/px4_msgs/share/px4_msgs/msg/RegisterExtComponentReply.msg\n'}
[5.201216] (px4_msgs) StdoutLine: {'line': b'-- Up-to-date symlink: /home/ubuntu/px4_ros2_ws/install/px4_msgs/share/px4_msgs/msg/RegisterExtComponentRequest.msg\n'}
[5.201280] (px4_msgs) StdoutLine: {'line': b'-- Up-to-date symlink: /home/ubuntu/px4_ros2_ws/install/px4_msgs/share/px4_msgs/msg/RoverAttitudeSetpoint.msg\n'}
[5.201342] (px4_msgs) StdoutLine: {'line': b'-- Up-to-date symlink: /home/ubuntu/px4_ros2_ws/install/px4_msgs/share/px4_msgs/msg/RoverAttitudeStatus.msg\n'}
[5.201402] (px4_msgs) StdoutLine: {'line': b'-- Up-to-date symlink: /home/ubuntu/px4_ros2_ws/install/px4_msgs/share/px4_msgs/msg/RoverPositionSetpoint.msg\n'}
[5.201466] (px4_msgs) StdoutLine: {'line': b'-- Up-to-date symlink: /home/ubuntu/px4_ros2_ws/install/px4_msgs/share/px4_msgs/msg/RoverRateSetpoint.msg\n'}
[5.201531] (px4_msgs) StdoutLine: {'line': b'-- Up-to-date symlink: /home/ubuntu/px4_ros2_ws/install/px4_msgs/share/px4_msgs/msg/RoverRateStatus.msg\n'}
[5.201591] (px4_msgs) StdoutLine: {'line': b'-- Up-to-date symlink: /home/ubuntu/px4_ros2_ws/install/px4_msgs/share/px4_msgs/msg/RoverSpeedSetpoint.msg\n'}
[5.201651] (px4_msgs) StdoutLine: {'line': b'-- Up-to-date symlink: /home/ubuntu/px4_ros2_ws/install/px4_msgs/share/px4_msgs/msg/RoverSpeedStatus.msg\n'}
[5.201723] (px4_msgs) StdoutLine: {'line': b'-- Up-to-date symlink: /home/ubuntu/px4_ros2_ws/install/px4_msgs/share/px4_msgs/msg/RoverSteeringSetpoint.msg\n'}
[5.201786] (px4_msgs) StdoutLine: {'line': b'-- Up-to-date symlink: /home/ubuntu/px4_ros2_ws/install/px4_msgs/share/px4_msgs/msg/RoverThrottleSetpoint.msg\n'}
[5.201857] (px4_msgs) StdoutLine: {'line': b'-- Up-to-date symlink: /home/ubuntu/px4_ros2_ws/install/px4_msgs/share/px4_msgs/msg/Rpm.msg\n'}
[5.201929] (px4_msgs) StdoutLine: {'line': b'-- Up-to-date symlink: /home/ubuntu/px4_ros2_ws/install/px4_msgs/share/px4_msgs/msg/RtcmData.msg\n'}
[5.202000] (px4_msgs) StdoutLine: {'line': b'-- Up-to-date symlink: /home/ubuntu/px4_ros2_ws/install/px4_msgs/share/px4_msgs/msg/RtlStatus.msg\n'}
[5.202072] (px4_msgs) StdoutLine: {'line': b'-- Up-to-date symlink: /home/ubuntu/px4_ros2_ws/install/px4_msgs/share/px4_msgs/msg/RtlTimeEstimate.msg\n'}
[5.202142] (px4_msgs) StdoutLine: {'line': b'-- Up-to-date symlink: /home/ubuntu/px4_ros2_ws/install/px4_msgs/share/px4_msgs/msg/SatelliteInfo.msg\n'}
[5.202208] (px4_msgs) StdoutLine: {'line': b'-- Up-to-date symlink: /home/ubuntu/px4_ros2_ws/install/px4_msgs/share/px4_msgs/msg/SensorAccel.msg\n'}
[5.202279] (px4_msgs) StdoutLine: {'line': b'-- Up-to-date symlink: /home/ubuntu/px4_ros2_ws/install/px4_msgs/share/px4_msgs/msg/SensorAccelFifo.msg\n'}
[5.202346] (px4_msgs) StdoutLine: {'line': b'-- Up-to-date symlink: /home/ubuntu/px4_ros2_ws/install/px4_msgs/share/px4_msgs/msg/SensorAirflow.msg\n'}
[5.202413] (px4_msgs) StdoutLine: {'line': b'-- Up-to-date symlink: /home/ubuntu/px4_ros2_ws/install/px4_msgs/share/px4_msgs/msg/SensorBaro.msg\n'}
[5.202491] (px4_msgs) StdoutLine: {'line': b'-- Up-to-date symlink: /home/ubuntu/px4_ros2_ws/install/px4_msgs/share/px4_msgs/msg/SensorCombined.msg\n'}
[5.202561] (px4_msgs) StdoutLine: {'line': b'-- Up-to-date symlink: /home/ubuntu/px4_ros2_ws/install/px4_msgs/share/px4_msgs/msg/SensorCorrection.msg\n'}
[5.202627] (px4_msgs) StdoutLine: {'line': b'-- Up-to-date symlink: /home/ubuntu/px4_ros2_ws/install/px4_msgs/share/px4_msgs/msg/SensorGnssRelative.msg\n'}
[5.202694] (px4_msgs) StdoutLine: {'line': b'-- Up-to-date symlink: /home/ubuntu/px4_ros2_ws/install/px4_msgs/share/px4_msgs/msg/SensorGnssStatus.msg\n'}
[5.202765] (px4_msgs) StdoutLine: {'line': b'-- Up-to-date symlink: /home/ubuntu/px4_ros2_ws/install/px4_msgs/share/px4_msgs/msg/SensorGps.msg\n'}
[5.202838] (px4_msgs) StdoutLine: {'line': b'-- Up-to-date symlink: /home/ubuntu/px4_ros2_ws/install/px4_msgs/share/px4_msgs/msg/SensorGyro.msg\n'}
[5.202901] (px4_msgs) StdoutLine: {'line': b'-- Up-to-date symlink: /home/ubuntu/px4_ros2_ws/install/px4_msgs/share/px4_msgs/msg/SensorGyroFft.msg\n'}
[5.202968] (px4_msgs) StdoutLine: {'line': b'-- Up-to-date symlink: /home/ubuntu/px4_ros2_ws/install/px4_msgs/share/px4_msgs/msg/SensorGyroFifo.msg\n'}
[5.203035] (px4_msgs) StdoutLine: {'line': b'-- Up-to-date symlink: /home/ubuntu/px4_ros2_ws/install/px4_msgs/share/px4_msgs/msg/SensorHygrometer.msg\n'}
[5.203107] (px4_msgs) StdoutLine: {'line': b'-- Up-to-date symlink: /home/ubuntu/px4_ros2_ws/install/px4_msgs/share/px4_msgs/msg/SensorMag.msg\n'}
[5.203175] (px4_msgs) StdoutLine: {'line': b'-- Up-to-date symlink: /home/ubuntu/px4_ros2_ws/install/px4_msgs/share/px4_msgs/msg/SensorOpticalFlow.msg\n'}
[5.203242] (px4_msgs) StdoutLine: {'line': b'-- Up-to-date symlink: /home/ubuntu/px4_ros2_ws/install/px4_msgs/share/px4_msgs/msg/SensorPreflightMag.msg\n'}
[5.203308] (px4_msgs) StdoutLine: {'line': b'-- Up-to-date symlink: /home/ubuntu/px4_ros2_ws/install/px4_msgs/share/px4_msgs/msg/SensorSelection.msg\n'}
[5.203375] (px4_msgs) StdoutLine: {'line': b'-- Up-to-date symlink: /home/ubuntu/px4_ros2_ws/install/px4_msgs/share/px4_msgs/msg/SensorTemp.msg\n'}
[5.203443] (px4_msgs) StdoutLine: {'line': b'-- Up-to-date symlink: /home/ubuntu/px4_ros2_ws/install/px4_msgs/share/px4_msgs/msg/SensorUwb.msg\n'}
[5.203530] (px4_msgs) StdoutLine: {'line': b'-- Up-to-date symlink: /home/ubuntu/px4_ros2_ws/install/px4_msgs/share/px4_msgs/msg/SensorsStatus.msg\n'}
[5.203600] (px4_msgs) StdoutLine: {'line': b'-- Up-to-date symlink: /home/ubuntu/px4_ros2_ws/install/px4_msgs/share/px4_msgs/msg/SensorsStatusImu.msg\n'}
[5.203668] (px4_msgs) StdoutLine: {'line': b'-- Up-to-date symlink: /home/ubuntu/px4_ros2_ws/install/px4_msgs/share/px4_msgs/msg/SetpointConfig.msg\n'}
[5.203767] (px4_msgs) StdoutLine: {'line': b'-- Up-to-date symlink: /home/ubuntu/px4_ros2_ws/install/px4_msgs/share/px4_msgs/msg/SetpointConfigReply.msg\n'}
[5.203867] (px4_msgs) StdoutLine: {'line': b'-- Up-to-date symlink: /home/ubuntu/px4_ros2_ws/install/px4_msgs/share/px4_msgs/msg/SystemPower.msg\n'}
[5.203935] (px4_msgs) StdoutLine: {'line': b'-- Up-to-date symlink: /home/ubuntu/px4_ros2_ws/install/px4_msgs/share/px4_msgs/msg/TakeoffStatus.msg\n'}
[5.204002] (px4_msgs) StdoutLine: {'line': b'-- Up-to-date symlink: /home/ubuntu/px4_ros2_ws/install/px4_msgs/share/px4_msgs/msg/TargetGnss.msg\n'}
[5.204059] (px4_msgs) StdoutLine: {'line': b'-- Up-to-date symlink: /home/ubuntu/px4_ros2_ws/install/px4_msgs/share/px4_msgs/msg/TaskStackInfo.msg\n'}
[5.204106] (px4_msgs) StdoutLine: {'line': b'-- Up-to-date symlink: /home/ubuntu/px4_ros2_ws/install/px4_msgs/share/px4_msgs/msg/TecsStatus.msg\n'}
[5.204162] (px4_msgs) StdoutLine: {'line': b'-- Up-to-date symlink: /home/ubuntu/px4_ros2_ws/install/px4_msgs/share/px4_msgs/msg/TelemetryStatus.msg\n'}
[5.204215] (px4_msgs) StdoutLine: {'line': b'-- Up-to-date symlink: /home/ubuntu/px4_ros2_ws/install/px4_msgs/share/px4_msgs/msg/TiltrotorExtraControls.msg\n'}
[5.204273] (px4_msgs) StdoutLine: {'line': b'-- Up-to-date symlink: /home/ubuntu/px4_ros2_ws/install/px4_msgs/share/px4_msgs/msg/TimesyncStatus.msg\n'}
[5.204321] (px4_msgs) StdoutLine: {'line': b'-- Up-to-date symlink: /home/ubuntu/px4_ros2_ws/install/px4_msgs/share/px4_msgs/msg/TrajectorySetpoint.msg\n'}
[5.204379] (px4_msgs) StdoutLine: {'line': b'-- Up-to-date symlink: /home/ubuntu/px4_ros2_ws/install/px4_msgs/share/px4_msgs/msg/TrajectorySetpoint6dof.msg\n'}
[5.204439] (px4_msgs) StdoutLine: {'line': b'-- Up-to-date symlink: /home/ubuntu/px4_ros2_ws/install/px4_msgs/share/px4_msgs/msg/TransponderReport.msg\n'}
[5.204525] (px4_msgs) StdoutLine: {'line': b'-- Up-to-date symlink: /home/ubuntu/px4_ros2_ws/install/px4_msgs/share/px4_msgs/msg/TuneControl.msg\n'}
[5.204587] (px4_msgs) StdoutLine: {'line': b'-- Up-to-date symlink: /home/ubuntu/px4_ros2_ws/install/px4_msgs/share/px4_msgs/msg/UavcanParameterRequest.msg\n'}
[5.204656] (px4_msgs) StdoutLine: {'line': b'-- Up-to-date symlink: /home/ubuntu/px4_ros2_ws/install/px4_msgs/share/px4_msgs/msg/UavcanParameterValue.msg\n'}
[5.204739] (px4_msgs) StdoutLine: {'line': b'-- Up-to-date symlink: /home/ubuntu/px4_ros2_ws/install/px4_msgs/share/px4_msgs/msg/UlogStream.msg\n'}
[5.204849] (px4_msgs) StdoutLine: {'line': b'-- Up-to-date symlink: /home/ubuntu/px4_ros2_ws/install/px4_msgs/share/px4_msgs/msg/UlogStreamAck.msg\n'}
[5.204935] (px4_msgs) StdoutLine: {'line': b'-- Up-to-date symlink: /home/ubuntu/px4_ros2_ws/install/px4_msgs/share/px4_msgs/msg/UnregisterExtComponent.msg\n'}
[5.204996] (px4_msgs) StdoutLine: {'line': b'-- Up-to-date symlink: /home/ubuntu/px4_ros2_ws/install/px4_msgs/share/px4_msgs/msg/VehicleAcceleration.msg\n'}
[5.205095] (px4_msgs) StdoutLine: {'line': b'-- Up-to-date symlink: /home/ubuntu/px4_ros2_ws/install/px4_msgs/share/px4_msgs/msg/VehicleAirData.msg\n'}
[5.205157] (px4_msgs) StdoutLine: {'line': b'-- Up-to-date symlink: /home/ubuntu/px4_ros2_ws/install/px4_msgs/share/px4_msgs/msg/VehicleAngularVelocity.msg\n'}
[5.205211] (px4_msgs) StdoutLine: {'line': b'-- Up-to-date symlink: /home/ubuntu/px4_ros2_ws/install/px4_msgs/share/px4_msgs/msg/VehicleAttitude.msg\n'}
[5.205273] (px4_msgs) StdoutLine: {'line': b'-- Up-to-date symlink: /home/ubuntu/px4_ros2_ws/install/px4_msgs/share/px4_msgs/msg/VehicleAttitudeSetpoint.msg\n'}
[5.205305] (px4_msgs) StdoutLine: {'line': b'-- Up-to-date symlink: /home/ubuntu/px4_ros2_ws/install/px4_msgs/share/px4_msgs/msg/VehicleCommand.msg\n'}
[5.205358] (px4_msgs) StdoutLine: {'line': b'-- Up-to-date symlink: /home/ubuntu/px4_ros2_ws/install/px4_msgs/share/px4_msgs/msg/VehicleCommandAck.msg\n'}
[5.205401] (px4_msgs) StdoutLine: {'line': b'-- Up-to-date symlink: /home/ubuntu/px4_ros2_ws/install/px4_msgs/share/px4_msgs/msg/VehicleConstraints.msg\n'}
[5.205476] (px4_msgs) StdoutLine: {'line': b'-- Up-to-date symlink: /home/ubuntu/px4_ros2_ws/install/px4_msgs/share/px4_msgs/msg/VehicleControlMode.msg\n'}
[5.205537] (px4_msgs) StdoutLine: {'line': b'-- Up-to-date symlink: /home/ubuntu/px4_ros2_ws/install/px4_msgs/share/px4_msgs/msg/VehicleGlobalPosition.msg\n'}
[5.205589] (px4_msgs) StdoutLine: {'line': b'-- Up-to-date symlink: /home/ubuntu/px4_ros2_ws/install/px4_msgs/share/px4_msgs/msg/VehicleImu.msg\n'}
[5.205642] (px4_msgs) StdoutLine: {'line': b'-- Up-to-date symlink: /home/ubuntu/px4_ros2_ws/install/px4_msgs/share/px4_msgs/msg/VehicleImuStatus.msg\n'}
[5.205725] (px4_msgs) StdoutLine: {'line': b'-- Up-to-date symlink: /home/ubuntu/px4_ros2_ws/install/px4_msgs/share/px4_msgs/msg/VehicleLandDetected.msg\n'}
[5.205876] (px4_msgs) StdoutLine: {'line': b'-- Up-to-date symlink: /home/ubuntu/px4_ros2_ws/install/px4_msgs/share/px4_msgs/msg/VehicleLocalPosition.msg\n'}
[5.205927] (px4_msgs) StdoutLine: {'line': b'-- Up-to-date symlink: /home/ubuntu/px4_ros2_ws/install/px4_msgs/share/px4_msgs/msg/VehicleLocalPositionSetpoint.msg\n'}
[5.205998] (px4_msgs) StdoutLine: {'line': b'-- Up-to-date symlink: /home/ubuntu/px4_ros2_ws/install/px4_msgs/share/px4_msgs/msg/VehicleMagnetometer.msg\n'}
[5.206037] (px4_msgs) StdoutLine: {'line': b'-- Up-to-date symlink: /home/ubuntu/px4_ros2_ws/install/px4_msgs/share/px4_msgs/msg/VehicleOdometry.msg\n'}
[5.206096] (px4_msgs) StdoutLine: {'line': b'-- Up-to-date symlink: /home/ubuntu/px4_ros2_ws/install/px4_msgs/share/px4_msgs/msg/VehicleOpticalFlow.msg\n'}
[5.206154] (px4_msgs) StdoutLine: {'line': b'-- Up-to-date symlink: /home/ubuntu/px4_ros2_ws/install/px4_msgs/share/px4_msgs/msg/VehicleOpticalFlowVel.msg\n'}
[5.206211] (px4_msgs) StdoutLine: {'line': b'-- Up-to-date symlink: /home/ubuntu/px4_ros2_ws/install/px4_msgs/share/px4_msgs/msg/VehicleRatesSetpoint.msg\n'}
[5.206266] (px4_msgs) StdoutLine: {'line': b'-- Up-to-date symlink: /home/ubuntu/px4_ros2_ws/install/px4_msgs/share/px4_msgs/msg/VehicleRoi.msg\n'}
[5.206344] (px4_msgs) StdoutLine: {'line': b'-- Up-to-date symlink: /home/ubuntu/px4_ros2_ws/install/px4_msgs/share/px4_msgs/msg/VehicleStatus.msg\n'}
[5.206392] (px4_msgs) StdoutLine: {'line': b'-- Up-to-date symlink: /home/ubuntu/px4_ros2_ws/install/px4_msgs/share/px4_msgs/msg/VehicleThrustSetpoint.msg\n'}
[5.206449] (px4_msgs) StdoutLine: {'line': b'-- Up-to-date symlink: /home/ubuntu/px4_ros2_ws/install/px4_msgs/share/px4_msgs/msg/VehicleTorqueSetpoint.msg\n'}
[5.206521] (px4_msgs) StdoutLine: {'line': b'-- Up-to-date symlink: /home/ubuntu/px4_ros2_ws/install/px4_msgs/share/px4_msgs/msg/VelocityLimits.msg\n'}
[5.206600] (px4_msgs) StdoutLine: {'line': b'-- Up-to-date symlink: /home/ubuntu/px4_ros2_ws/install/px4_msgs/share/px4_msgs/msg/VteAidSource1d.msg\n'}
[5.206657] (px4_msgs) StdoutLine: {'line': b'-- Up-to-date symlink: /home/ubuntu/px4_ros2_ws/install/px4_msgs/share/px4_msgs/msg/VteAidSource3d.msg\n'}
[5.206738] (px4_msgs) StdoutLine: {'line': b'-- Up-to-date symlink: /home/ubuntu/px4_ros2_ws/install/px4_msgs/share/px4_msgs/msg/VteBiasInitStatus.msg\n'}
[5.206797] (px4_msgs) StdoutLine: {'line': b'-- Up-to-date symlink: /home/ubuntu/px4_ros2_ws/install/px4_msgs/share/px4_msgs/msg/VteInput.msg\n'}
[5.206854] (px4_msgs) StdoutLine: {'line': b'-- Up-to-date symlink: /home/ubuntu/px4_ros2_ws/install/px4_msgs/share/px4_msgs/msg/VteOrientation.msg\n'}
[5.206906] (px4_msgs) StdoutLine: {'line': b'-- Up-to-date symlink: /home/ubuntu/px4_ros2_ws/install/px4_msgs/share/px4_msgs/msg/VtePosition.msg\n'}
[5.206969] (px4_msgs) StdoutLine: {'line': b'-- Up-to-date symlink: /home/ubuntu/px4_ros2_ws/install/px4_msgs/share/px4_msgs/msg/VtolVehicleStatus.msg\n'}
[5.207031] (px4_msgs) StdoutLine: {'line': b'-- Up-to-date symlink: /home/ubuntu/px4_ros2_ws/install/px4_msgs/share/px4_msgs/msg/Vtx.msg\n'}
[5.207091] (px4_msgs) StdoutLine: {'line': b'-- Up-to-date symlink: /home/ubuntu/px4_ros2_ws/install/px4_msgs/share/px4_msgs/msg/WheelEncoders.msg\n'}
[5.207155] (px4_msgs) StdoutLine: {'line': b'-- Up-to-date symlink: /home/ubuntu/px4_ros2_ws/install/px4_msgs/share/px4_msgs/msg/Wind.msg\n'}
[5.207218] (px4_msgs) StdoutLine: {'line': b'-- Up-to-date symlink: /home/ubuntu/px4_ros2_ws/install/px4_msgs/share/px4_msgs/msg/YawEstimatorStatus.msg\n'}
[5.207287] (px4_msgs) StdoutLine: {'line': b'-- Up-to-date symlink: /home/ubuntu/px4_ros2_ws/install/px4_msgs/share/px4_msgs/srv/VehicleCommand.srv\n'}
[5.207361] (px4_msgs) StdoutLine: {'line': b'-- Up-to-date symlink: /home/ubuntu/px4_ros2_ws/install/px4_msgs/share/px4_msgs/srv/VehicleCommand_Request.msg\n'}
[5.207425] (px4_msgs) StdoutLine: {'line': b'-- Up-to-date symlink: /home/ubuntu/px4_ros2_ws/install/px4_msgs/share/px4_msgs/srv/VehicleCommand_Response.msg\n'}
[5.207516] (px4_msgs) StdoutLine: {'line': b'-- Up-to-date symlink: /home/ubuntu/px4_ros2_ws/install/px4_msgs/share/ament_index/resource_index/package_run_dependencies/px4_msgs\n'}
[5.207591] (px4_msgs) StdoutLine: {'line': b'-- Up-to-date symlink: /home/ubuntu/px4_ros2_ws/install/px4_msgs/share/ament_index/resource_index/parent_prefix_path/px4_msgs\n'}
[5.207675] (px4_msgs) StdoutLine: {'line': b'-- Up-to-date symlink: /home/ubuntu/px4_ros2_ws/install/px4_msgs/share/px4_msgs/environment/ament_prefix_path.sh\n'}
[5.207743] (px4_msgs) StdoutLine: {'line': b'-- Up-to-date symlink: /home/ubuntu/px4_ros2_ws/install/px4_msgs/share/px4_msgs/environment/ament_prefix_path.dsv\n'}
[5.207813] (px4_msgs) StdoutLine: {'line': b'-- Up-to-date symlink: /home/ubuntu/px4_ros2_ws/install/px4_msgs/share/px4_msgs/environment/path.sh\n'}
[5.207875] (px4_msgs) StdoutLine: {'line': b'-- Up-to-date symlink: /home/ubuntu/px4_ros2_ws/install/px4_msgs/share/px4_msgs/environment/path.dsv\n'}
[5.207947] (px4_msgs) StdoutLine: {'line': b'-- Up-to-date symlink: /home/ubuntu/px4_ros2_ws/install/px4_msgs/share/px4_msgs/local_setup.bash\n'}
[5.208012] (px4_msgs) StdoutLine: {'line': b'-- Up-to-date symlink: /home/ubuntu/px4_ros2_ws/install/px4_msgs/share/px4_msgs/local_setup.sh\n'}
[5.208090] (px4_msgs) StdoutLine: {'line': b'-- Up-to-date symlink: /home/ubuntu/px4_ros2_ws/install/px4_msgs/share/px4_msgs/local_setup.zsh\n'}
[5.208154] (px4_msgs) StdoutLine: {'line': b'-- Up-to-date symlink: /home/ubuntu/px4_ros2_ws/install/px4_msgs/share/px4_msgs/local_setup.dsv\n'}
[5.208201] (px4_msgs) StdoutLine: {'line': b'-- Symlinking: /home/ubuntu/px4_ros2_ws/install/px4_msgs/share/px4_msgs/package.dsv\n'}
[5.216148] (px4_msgs) StdoutLine: {'line': b'-- Up-to-date symlink: /home/ubuntu/px4_ros2_ws/install/px4_msgs/share/ament_index/resource_index/packages/px4_msgs\n'}
[5.216365] (px4_msgs) StdoutLine: {'line': b'-- Up-to-date symlink: /home/ubuntu/px4_ros2_ws/install/px4_msgs/share/px4_msgs/cmake/rosidl_cmake-extras.cmake\n'}
[5.216466] (px4_msgs) StdoutLine: {'line': b'-- Up-to-date symlink: /home/ubuntu/px4_ros2_ws/install/px4_msgs/share/px4_msgs/cmake/ament_cmake_export_dependencies-extras.cmake\n'}
[5.216575] (px4_msgs) StdoutLine: {'line': b'-- Up-to-date symlink: /home/ubuntu/px4_ros2_ws/install/px4_msgs/share/px4_msgs/cmake/ament_cmake_export_include_directories-extras.cmake\n'}
[5.216645] (px4_msgs) StdoutLine: {'line': b'-- Up-to-date symlink: /home/ubuntu/px4_ros2_ws/install/px4_msgs/share/px4_msgs/cmake/ament_cmake_export_libraries-extras.cmake\n'}
[5.216712] (px4_msgs) StdoutLine: {'line': b'-- Up-to-date symlink: /home/ubuntu/px4_ros2_ws/install/px4_msgs/share/px4_msgs/cmake/ament_cmake_export_targets-extras.cmake\n'}
[5.216777] (px4_msgs) StdoutLine: {'line': b'-- Up-to-date symlink: /home/ubuntu/px4_ros2_ws/install/px4_msgs/share/px4_msgs/cmake/rosidl_cmake_export_typesupport_targets-extras.cmake\n'}
[5.216868] (px4_msgs) StdoutLine: {'line': b'-- Up-to-date symlink: /home/ubuntu/px4_ros2_ws/install/px4_msgs/share/px4_msgs/cmake/rosidl_cmake_export_typesupport_libraries-extras.cmake\n'}
[5.216975] (px4_msgs) StdoutLine: {'line': b'-- Up-to-date symlink: /home/ubuntu/px4_ros2_ws/install/px4_msgs/share/px4_msgs/cmake/rosidl_cmake_aggregate_target-extras.cmake\n'}
[5.217034] (-) TimerEvent: {}
[5.217158] (px4_msgs) StdoutLine: {'line': b'-- Up-to-date symlink: /home/ubuntu/px4_ros2_ws/install/px4_msgs/share/px4_msgs/cmake/px4_msgsConfig.cmake\n'}
[5.217230] (px4_msgs) StdoutLine: {'line': b'-- Up-to-date symlink: /home/ubuntu/px4_ros2_ws/install/px4_msgs/share/px4_msgs/cmake/px4_msgsConfig-version.cmake\n'}
[5.217266] (px4_msgs) StdoutLine: {'line': b'-- Up-to-date symlink: /home/ubuntu/px4_ros2_ws/install/px4_msgs/share/px4_msgs/package.xml\n'}
[5.226692] (px4_msgs) StdoutLine: {'line': b'-- Up-to-date: /home/ubuntu/px4_ros2_ws/install/px4_msgs/lib/libpx4_msgs__rosidl_generator_c.so\n'}
[5.227449] (px4_msgs) StdoutLine: {'line': b'-- Up-to-date: /home/ubuntu/px4_ros2_ws/install/px4_msgs/lib/libpx4_msgs__rosidl_typesupport_fastrtps_c.so\n'}
[5.228290] (px4_msgs) StdoutLine: {'line': b'-- Up-to-date: /home/ubuntu/px4_ros2_ws/install/px4_msgs/lib/libpx4_msgs__rosidl_typesupport_introspection_c.so\n'}
[5.229464] (px4_msgs) StdoutLine: {'line': b'-- Up-to-date: /home/ubuntu/px4_ros2_ws/install/px4_msgs/lib/libpx4_msgs__rosidl_typesupport_c.so\n'}
[5.230409] (px4_msgs) StdoutLine: {'line': b'-- Up-to-date: /home/ubuntu/px4_ros2_ws/install/px4_msgs/lib/libpx4_msgs__rosidl_typesupport_fastrtps_cpp.so\n'}
[5.231041] (px4_msgs) StdoutLine: {'line': b'-- Up-to-date: /home/ubuntu/px4_ros2_ws/install/px4_msgs/lib/libpx4_msgs__rosidl_typesupport_introspection_cpp.so\n'}
[5.232244] (px4_msgs) StdoutLine: {'line': b'-- Up-to-date: /home/ubuntu/px4_ros2_ws/install/px4_msgs/lib/libpx4_msgs__rosidl_typesupport_cpp.so\n'}
[5.268477] (px4_msgs) StdoutLine: {'line': b"Listing '/home/ubuntu/px4_ros2_ws/install/px4_msgs/local/lib/python3.10/dist-packages/px4_msgs'...\n"}
[5.268863] (px4_msgs) StdoutLine: {'line': b"Compiling '/home/ubuntu/px4_ros2_ws/install/px4_msgs/local/lib/python3.10/dist-packages/px4_msgs/__init__.py'...\n"}
[5.268964] (px4_msgs) StdoutLine: {'line': b"Listing '/home/ubuntu/px4_ros2_ws/install/px4_msgs/local/lib/python3.10/dist-packages/px4_msgs/msg'...\n"}
[5.269075] (px4_msgs) StdoutLine: {'line': b"Listing '/home/ubuntu/px4_ros2_ws/install/px4_msgs/local/lib/python3.10/dist-packages/px4_msgs/srv'...\n"}
[5.274267] (px4_msgs) StdoutLine: {'line': b'-- Up-to-date: /home/ubuntu/px4_ros2_ws/install/px4_msgs/lib/libpx4_msgs__rosidl_generator_py.so\n'}
[5.274682] (px4_msgs) StdoutLine: {'line': b'-- Up-to-date: /home/ubuntu/px4_ros2_ws/install/px4_msgs/share/px4_msgs/cmake/export_px4_msgs__rosidl_generator_cExport.cmake\n'}
[5.274846] (px4_msgs) StdoutLine: {'line': b'-- Up-to-date: /home/ubuntu/px4_ros2_ws/install/px4_msgs/share/px4_msgs/cmake/export_px4_msgs__rosidl_generator_cExport-noconfig.cmake\n'}
[5.274881] (px4_msgs) StdoutLine: {'line': b'-- Up-to-date: /home/ubuntu/px4_ros2_ws/install/px4_msgs/share/px4_msgs/cmake/export_px4_msgs__rosidl_typesupport_fastrtps_cExport.cmake\n'}
[5.274911] (px4_msgs) StdoutLine: {'line': b'-- Up-to-date: /home/ubuntu/px4_ros2_ws/install/px4_msgs/share/px4_msgs/cmake/export_px4_msgs__rosidl_typesupport_fastrtps_cExport-noconfig.cmake\n'}
[5.275065] (px4_msgs) StdoutLine: {'line': b'-- Up-to-date: /home/ubuntu/px4_ros2_ws/install/px4_msgs/share/px4_msgs/cmake/px4_msgs__rosidl_typesupport_introspection_cExport.cmake\n'}
[5.275141] (px4_msgs) StdoutLine: {'line': b'-- Up-to-date: /home/ubuntu/px4_ros2_ws/install/px4_msgs/share/px4_msgs/cmake/px4_msgs__rosidl_typesupport_introspection_cExport-noconfig.cmake\n'}
[5.275284] (px4_msgs) StdoutLine: {'line': b'-- Up-to-date: /home/ubuntu/px4_ros2_ws/install/px4_msgs/share/px4_msgs/cmake/px4_msgs__rosidl_typesupport_cExport.cmake\n'}
[5.275363] (px4_msgs) StdoutLine: {'line': b'-- Up-to-date: /home/ubuntu/px4_ros2_ws/install/px4_msgs/share/px4_msgs/cmake/px4_msgs__rosidl_typesupport_cExport-noconfig.cmake\n'}
[5.275426] (px4_msgs) StdoutLine: {'line': b'-- Up-to-date: /home/ubuntu/px4_ros2_ws/install/px4_msgs/share/px4_msgs/cmake/export_px4_msgs__rosidl_generator_cppExport.cmake\n'}
[5.275502] (px4_msgs) StdoutLine: {'line': b'-- Up-to-date: /home/ubuntu/px4_ros2_ws/install/px4_msgs/share/px4_msgs/cmake/export_px4_msgs__rosidl_typesupport_fastrtps_cppExport.cmake\n'}
[5.275543] (px4_msgs) StdoutLine: {'line': b'-- Up-to-date: /home/ubuntu/px4_ros2_ws/install/px4_msgs/share/px4_msgs/cmake/export_px4_msgs__rosidl_typesupport_fastrtps_cppExport-noconfig.cmake\n'}
[5.275594] (px4_msgs) StdoutLine: {'line': b'-- Up-to-date: /home/ubuntu/px4_ros2_ws/install/px4_msgs/share/px4_msgs/cmake/px4_msgs__rosidl_typesupport_introspection_cppExport.cmake\n'}
[5.275649] (px4_msgs) StdoutLine: {'line': b'-- Up-to-date: /home/ubuntu/px4_ros2_ws/install/px4_msgs/share/px4_msgs/cmake/px4_msgs__rosidl_typesupport_introspection_cppExport-noconfig.cmake\n'}
[5.275730] (px4_msgs) StdoutLine: {'line': b'-- Up-to-date: /home/ubuntu/px4_ros2_ws/install/px4_msgs/share/px4_msgs/cmake/px4_msgs__rosidl_typesupport_cppExport.cmake\n'}
[5.275784] (px4_msgs) StdoutLine: {'line': b'-- Up-to-date: /home/ubuntu/px4_ros2_ws/install/px4_msgs/share/px4_msgs/cmake/px4_msgs__rosidl_typesupport_cppExport-noconfig.cmake\n'}
[5.275925] (px4_msgs) StdoutLine: {'line': b'-- Up-to-date: /home/ubuntu/px4_ros2_ws/install/px4_msgs/share/px4_msgs/cmake/export_px4_msgs__rosidl_generator_pyExport.cmake\n'}
[5.275977] (px4_msgs) StdoutLine: {'line': b'-- Up-to-date: /home/ubuntu/px4_ros2_ws/install/px4_msgs/share/px4_msgs/cmake/export_px4_msgs__rosidl_generator_pyExport-noconfig.cmake\n'}
[5.278773] (px4_msgs) CommandEnded: {'returncode': 0}
[5.296581] (px4_msgs) JobEnded: {'identifier': 'px4_msgs', 'rc': 0}
[5.297540] (px4_offboard) JobStarted: {'identifier': 'px4_offboard'}
[5.317196] (-) TimerEvent: {}
[5.417497] (-) TimerEvent: {}
[5.517730] (-) TimerEvent: {}
[5.618057] (-) TimerEvent: {}
[5.718381] (-) TimerEvent: {}
[5.763614] (px4_offboard) Command: {'cmd': ['/usr/bin/python3', '-W', 'ignore:setup.py install is deprecated', '-W', 'ignore:easy_install command is deprecated', 'setup.py', 'egg_info', '--egg-base', '../../build/px4_offboard', 'build', '--build-base', '/home/ubuntu/px4_ros2_ws/build/px4_offboard/build', 'install', '--record', '/home/ubuntu/px4_ros2_ws/build/px4_offboard/install.log', '--install-scripts', '$base/lib/px4_offboard', '--single-version-externally-managed', 'install_data'], 'cwd': '/home/ubuntu/px4_ros2_ws/src/px4_offboard', 'env': {'LESSOPEN': '| /usr/bin/lesspipe %s', 'VSCODE_CWD': '/home/ubuntu/Downloads/Antigravity IDE', 'LANGUAGE': 'en_IN:en', 'USER': 'ubuntu', 'ANTIGRAVITY_SOURCE_METADATA': '{"tool":{"conversationId":"ef55e692-b187-42e5-af3d-ea70e9270019","stepIndex":76,"toolCall":{"id":"call_799423","name":"run_command","argumentsJson":"{\\"CommandLine\\":\\"bash -c \\\\\\"source /opt/ros/humble/setup.bash \\\\u0026\\\\u0026 colcon build\\\\\\"\\",\\"Cwd\\":\\"/home/ubuntu/px4_ros2_ws\\",\\"WaitMsBeforeAsync\\":10000,\\"toolAction\\":\\"Building full workspace\\",\\"toolSummary\\":\\"Run colcon build for all packages\\"}","thinkingSignature":"EosFCogFARFNMg8XLrpwaMXN5OosF2tL7kWW9u027Y6i8/B8W5HFDDtVO67cAtli/j7niljnLu52iTqHJR2P8e1FobvqKNG7rl/6JPD/P45G+6dbNHOLe4evIRlCjT0tsjM/v7FfPoIElQMBumhKw7HNfNPUabqibQ+sp5rQ9EjlWEOneBoeHh8lSgnki547xU4fOpr5RnEySV3rzn69TRVUuJfZHkWpO+8p3kwJIXPyd2s6wtxSPGYCvQ/AUleZjh24yWgook00hfPSn4S9Zn+xXGOnlhhxiLV5EhZiPlunxLnYjeZ8JMuUnhe6sRUczwXNumvpUJ9fpKtv/Tbw9r5fOshk2If5MlVsXru8gsB1TwLi1ykYEP8cynwD6Dd8/VSLNTGuBwq8hS4zTdxI34cq10+19ddCpgCgORzzmb7KSmcSlFeMCuJCp1UFjYtpA8cV1Uerg72DXbEBd0fWDISoHjlL0ETJ4xc9NJ0LOPMr3tmtrfolL3+GzVAVAeOM6/nARzct1jmaYDVZSsyb7WojSkQUYFewbA8iM77wN0m3p0xIm6K4T5l/l8oXKe3c+gwBHt/wAqe3RUIzu0Ww7ZDAic2D36tKh10LmMgfNI2Q66P3AEsiduSYQe2oeEsijPPyhljbm1EtVhFlVfHCWFZ4eIpSSxpI0at3blcOevaUU8eukZ2J6HlmMZByOSJn31wJdDbBcopwXzr5wZxD1czg3wAN0VbUG+6ppgDjd2W6PJMdJ0PdzhZYAbmBRTbgsYhL0mtAU839aSji4qS9y+PfJsmIMmUN3DIZcHu1fJMs11FbLbyJIQ4A5nJTVR0MA4Wjyexlqw6VKHuEmhLOS0S9adeOTh9qAIgPZGFw","originalName":"run_command"}}}', 'VSCODE_NLS_CONFIG': '{"userLocale":"en-gb","osLocale":"en-in","resolvedLanguage":"en","defaultMessagesFile":"/home/ubuntu/Downloads/Antigravity IDE/resources/app/out/nls.messages.json","locale":"en-gb","availableLanguages":{}}', 'XDG_SESSION_TYPE': 'x11', 'SHLVL': '0', 'LD_LIBRARY_PATH': '/home/ubuntu/px4_ros2_ws/install/px4_msgs/lib:/opt/ros/humble/opt/rviz_ogre_vendor/lib:/opt/ros/humble/lib/x86_64-linux-gnu:/opt/ros/humble/lib', 'HOME': '/home/ubuntu', 'CHROME_DESKTOP': 'antigravity-ide.desktop', 'DESKTOP_SESSION': 'ubuntu', 'VSCODE_IPC_HOOK': '/run/user/1000/vscode-52fd6d17-1.10-main.sock', 'ROS_PYTHON_VERSION': '3', 'GNOME_SHELL_SESSION_MODE': 'ubuntu', 'GTK_MODULES': 'gail:atk-bridge', 'PAGER': 'cat', 'MANAGERPID': '1496', 'DBUS_STARTER_BUS_TYPE': 'session', 'SYSTEMD_EXEC_PID': '1817', 'DBUS_SESSION_BUS_ADDRESS': 'unix:path=/run/user/1000/bus,guid=49d968ee92755e537985c7af6a8566a2', 'ANTIGRAVITY_AGENT': '1', 'GIO_LAUNCHED_DESKTOP_FILE_PID': '4578', 'NVM_DIR': '/home/ubuntu/.nvm', 'ROS_DISTRO': 'humble', 'GTK_IM_MODULE': 'ibus', 'LOGNAME': 'ubuntu', 'JOURNAL_STREAM': '8:15006', '_': '/usr/bin/colcon', 'ROS_VERSION': '2', 'XDG_SESSION_CLASS': 'user', 'USERNAME': 'ubuntu', 'TERM': 'dumb', 'GNOME_DESKTOP_SESSION_ID': 'this-is-deprecated', 'FC_FONTATIONS': '1', 'ROS_LOCALHOST_ONLY': '0', 'WINDOWPATH': '2', 'ANTIGRAVITY_EDITOR_APP_ROOT': '/home/ubuntu/Downloads/Antigravity IDE/resources/app', 'PATH': '/opt/ros/humble/bin:/home/ubuntu/.gemini/antigravity-ide/bin:/home/ubuntu/.local/bin:/home/ubuntu/.npm-global/bin:/usr/bin:/home/ubuntu/.local/bin:/home/ubuntu/.npm-global/bin:/usr/bin:/usr/local/sbin:/usr/local/bin:/usr/sbin:/usr/bin:/sbin:/bin:/usr/games:/usr/local/games:/snap/bin:/snap/bin:/opt/xtensa-esp-elf/bin/:/opt/xtensa-esp-elf/bin/', 'SESSION_MANAGER': 'local/anurag-ubuntu22:@/tmp/.ICE-unix/1817,unix/anurag-ubuntu22:/tmp/.ICE-unix/1817', 'INVOCATION_ID': 'd519ef0ff55d4cf5a0b5e58f63143729', 'XDG_MENU_PREFIX': 'gnome-', 'XDG_RUNTIME_DIR': '/run/user/1000', 'GDK_BACKEND': 'x11', 'DISPLAY': ':1', 'LANG': 'en_US.UTF-8', 'XDG_CURRENT_DESKTOP': 'ubuntu:GNOME', 'XMODIFIERS': '@im=ibus', 'XDG_SESSION_DESKTOP': 'ubuntu', 'XAUTHORITY': '/run/user/1000/gdm/Xauthority', 'LS_COLORS': '', 'SSH_AGENT_LAUNCHER': 'gnome-keyring', 'SSH_AUTH_SOCK': '/run/user/1000/keyring/ssh', 'AMENT_PREFIX_PATH': '/home/ubuntu/px4_ros2_ws/install/px4_msgs:/opt/ros/humble', 'SHELL': '/bin/bash', 'ANTIGRAVITY_LS_ADDRESS': 'localhost:44031', 'QT_ACCESSIBILITY': '1', 'GDMSESSION': 'ubuntu', 'LESSCLOSE': '/usr/bin/lesspipe %s %s', 'GPG_AGENT_INFO': '/run/user/1000/gnupg/S.gpg-agent:0:1', 'GIT_PAGER': 'cat', 'QT_IM_MODULE': 'ibus', 'ANTIGRAVITY_TRAJECTORY_ID': '1aa29252-b370-4846-acd0-947628da38c1', 'PWD': '/home/ubuntu/px4_ros2_ws/build/px4_offboard', 'LC_ALL': 'en_US.UTF-8', 'XDG_CONFIG_DIRS': '/etc/xdg/xdg-ubuntu:/etc/xdg', 'VSCODE_CODE_CACHE_PATH': '/home/ubuntu/.config/Antigravity IDE/CachedData/e0b7a2bcf575cfba10528c4e7c10bd3ce2d7769a', 'NVM_CD_FLAGS': '', 'DBUS_STARTER_ADDRESS': 'unix:path=/run/user/1000/bus,guid=49d968ee92755e537985c7af6a8566a2', 'XDG_DATA_DIRS': '/usr/share/ubuntu:/usr/share/gnome:/usr/local/share/:/usr/share/:/var/lib/snapd/desktop', 'PYTHONPATH': '/home/ubuntu/px4_ros2_ws/build/px4_offboard/prefix_override:/usr/lib/python3/dist-packages/colcon_core/task/python/colcon_distutils_commands:/home/ubuntu/px4_ros2_ws/install/px4_offboard/lib/python3.10/site-packages:/home/ubuntu/px4_ros2_ws/install/px4_msgs/local/lib/python3.10/dist-packages:/opt/ros/humble/lib/python3.10/site-packages:/opt/ros/humble/local/lib/python3.10/dist-packages', 'COLCON': '1', 'ANTIGRAVITY_CSRF_TOKEN': '4701e680-4d61-46d3-bdf5-2c8b5308abad', 'VSCODE_PID': '4578', 'CMAKE_PREFIX_PATH': '/home/ubuntu/px4_ros2_ws/install/px4_msgs'}, 'shell': False}
[5.818557] (-) TimerEvent: {}
[5.918960] (-) TimerEvent: {}
[5.949606] (px4_offboard) StdoutLine: {'line': b'running egg_info\n'}
[5.950586] (px4_offboard) StdoutLine: {'line': b'writing ../../build/px4_offboard/px4_offboard.egg-info/PKG-INFO\n'}
[5.950876] (px4_offboard) StdoutLine: {'line': b'writing dependency_links to ../../build/px4_offboard/px4_offboard.egg-info/dependency_links.txt\n'}
[5.950995] (px4_offboard) StdoutLine: {'line': b'writing entry points to ../../build/px4_offboard/px4_offboard.egg-info/entry_points.txt\n'}
[5.951078] (px4_offboard) StdoutLine: {'line': b'writing requirements to ../../build/px4_offboard/px4_offboard.egg-info/requires.txt\n'}
[5.951143] (px4_offboard) StdoutLine: {'line': b'writing top-level names to ../../build/px4_offboard/px4_offboard.egg-info/top_level.txt\n'}
[5.952754] (px4_offboard) StdoutLine: {'line': b"reading manifest file '../../build/px4_offboard/px4_offboard.egg-info/SOURCES.txt'\n"}
[5.953421] (px4_offboard) StdoutLine: {'line': b"writing manifest file '../../build/px4_offboard/px4_offboard.egg-info/SOURCES.txt'\n"}
[5.953513] (px4_offboard) StdoutLine: {'line': b'running build\n'}
[5.953594] (px4_offboard) StdoutLine: {'line': b'running build_py\n'}
[5.953776] (px4_offboard) StdoutLine: {'line': b'running install\n'}
[5.954382] (px4_offboard) StdoutLine: {'line': b'running install_lib\n'}
[5.957569] (px4_offboard) StdoutLine: {'line': b'running install_data\n'}
[5.957768] (px4_offboard) StdoutLine: {'line': b'running install_egg_info\n'}
[5.962110] (px4_offboard) StdoutLine: {'line': b"removing '/home/ubuntu/px4_ros2_ws/install/px4_offboard/lib/python3.10/site-packages/px4_offboard-0.0.0-py3.10.egg-info' (and everything under it)\n"}
[5.962401] (px4_offboard) StdoutLine: {'line': b'Copying ../../build/px4_offboard/px4_offboard.egg-info to /home/ubuntu/px4_ros2_ws/install/px4_offboard/lib/python3.10/site-packages/px4_offboard-0.0.0-py3.10.egg-info\n'}
[5.962959] (px4_offboard) StdoutLine: {'line': b'running install_scripts\n'}
[5.982651] (px4_offboard) StdoutLine: {'line': b'Installing offboard_control script to /home/ubuntu/px4_ros2_ws/install/px4_offboard/lib/px4_offboard\n'}
[5.983107] (px4_offboard) StdoutLine: {'line': b"writing list of installed files to '/home/ubuntu/px4_ros2_ws/build/px4_offboard/install.log'\n"}
[6.018323] (px4_offboard) CommandEnded: {'returncode': 0}
[6.019249] (-) TimerEvent: {}
[6.030047] (px4_offboard) JobEnded: {'identifier': 'px4_offboard', 'rc': 0}
[6.031681] (-) EventReactorShutdown: {}
